########################################################
##   S-2S Acceptance tag=0
########################################################
0	1.105	0.1	0	0
0	1.105	0.3	0	0
0	1.105	0.5	0	0
0	1.105	0.7	0	0
0	1.105	0.9	0	0
0	1.105	1.1	0	0
0	1.105	1.3	0	0
0	1.105	1.5	0	0
0	1.105	1.7	0	0
0	1.105	1.9	0	0
0	1.105	2.1	0	0
0	1.105	2.3	0	0
0	1.105	2.5	0	0
0	1.105	2.7	0	0
0	1.105	2.9	0	0
0	1.105	3.1	0	0
0	1.105	3.3	0	0
0	1.105	3.5	0	0
0	1.105	3.7	0	0
0	1.105	3.9	0	0
0	1.105	4.1	0	0
0	1.105	4.3	0	0
0	1.105	4.5	0	0
0	1.105	4.7	0	0
0	1.105	4.9	0	0
0	1.105	5.1	0	0
0	1.105	5.3	0	0
0	1.105	5.5	0	0
0	1.105	5.7	0	0
0	1.105	5.9	0	0
0	1.105	6.1	0	0
0	1.105	6.3	0	0
0	1.105	6.5	0	0
0	1.105	6.7	0	0
0	1.105	6.9	0	0
0	1.105	7.1	0	0
0	1.105	7.3	0	0
0	1.105	7.5	0	0
0	1.105	7.7	0	0
0	1.105	7.9	0	0
0	1.105	8.1	0	0
0	1.105	8.3	0	0
0	1.105	8.5	0	0
0	1.105	8.7	0	0
0	1.105	8.9	0	0
0	1.105	9.1	0	0
0	1.105	9.3	0	0
0	1.105	9.5	0	0
0	1.105	9.7	0	0
0	1.105	9.9	0	0
0	1.105	10.1	0	0
0	1.105	10.3	0	0
0	1.105	10.5	0	0
0	1.105	10.7	0	0
0	1.105	10.9	0	0
0	1.105	11.1	0	0
0	1.105	11.3	0	0
0	1.105	11.5	0	0
0	1.105	11.7	0	0
0	1.105	11.9	0	0
0	1.105	12.1	0	0
0	1.105	12.3	0	0
0	1.105	12.5	0	0
0	1.105	12.7	0	0
0	1.105	12.9	0	0
0	1.105	13.1	0	0
0	1.105	13.3	0	0
0	1.105	13.5	0	0
0	1.105	13.7	0	0
0	1.105	13.9	0	0
0	1.105	14.1	0	0
0	1.105	14.3	0	0
0	1.105	14.5	0	0
0	1.105	14.7	0	0
0	1.105	14.9	0	0
0	1.105	15.1	0	0
0	1.105	15.3	0	0
0	1.105	15.5	0	0
0	1.105	15.7	0	0
0	1.105	15.9	0	0
0	1.115	0.1	0	0
0	1.115	0.3	0	0
0	1.115	0.5	0	0
0	1.115	0.7	0	0
0	1.115	0.9	0	0
0	1.115	1.1	0	0
0	1.115	1.3	0	0
0	1.115	1.5	0	0
0	1.115	1.7	0	0
0	1.115	1.9	0	0
0	1.115	2.1	0	0
0	1.115	2.3	0	0
0	1.115	2.5	0	0
0	1.115	2.7	0	0
0	1.115	2.9	0	0
0	1.115	3.1	0	0
0	1.115	3.3	0	0
0	1.115	3.5	0	0
0	1.115	3.7	0	0
0	1.115	3.9	0	0
0	1.115	4.1	0	0
0	1.115	4.3	0	0
0	1.115	4.5	0	0
0	1.115	4.7	0	0
0	1.115	4.9	0	0
0	1.115	5.1	0	0
0	1.115	5.3	0	0
0	1.115	5.5	0	0
0	1.115	5.7	0	0
0	1.115	5.9	0	0
0	1.115	6.1	0	0
0	1.115	6.3	0	0
0	1.115	6.5	0	0
0	1.115	6.7	0	0
0	1.115	6.9	0	0
0	1.115	7.1	0	0
0	1.115	7.3	0	0
0	1.115	7.5	0	0
0	1.115	7.7	0	0
0	1.115	7.9	0	0
0	1.115	8.1	0	0
0	1.115	8.3	0	0
0	1.115	8.5	0	0
0	1.115	8.7	0	0
0	1.115	8.9	0	0
0	1.115	9.1	0	0
0	1.115	9.3	0	0
0	1.115	9.5	0	0
0	1.115	9.7	0	0
0	1.115	9.9	0	0
0	1.115	10.1	0	0
0	1.115	10.3	0	0
0	1.115	10.5	0	0
0	1.115	10.7	0	0
0	1.115	10.9	0	0
0	1.115	11.1	0	0
0	1.115	11.3	0	0
0	1.115	11.5	0	0
0	1.115	11.7	0	0
0	1.115	11.9	0	0
0	1.115	12.1	0	0
0	1.115	12.3	0	0
0	1.115	12.5	0	0
0	1.115	12.7	0	0
0	1.115	12.9	0	0
0	1.115	13.1	0	0
0	1.115	13.3	0	0
0	1.115	13.5	0	0
0	1.115	13.7	0	0
0	1.115	13.9	0	0
0	1.115	14.1	0	0
0	1.115	14.3	0	0
0	1.115	14.5	0	0
0	1.115	14.7	0	0
0	1.115	14.9	0	0
0	1.115	15.1	0	0
0	1.115	15.3	0	0
0	1.115	15.5	0	0
0	1.115	15.7	0	0
0	1.115	15.9	0	0
0	1.125	0.1	0	0
0	1.125	0.3	0	0
0	1.125	0.5	0	0
0	1.125	0.7	8.70989e-05	8.01776e-06
0	1.125	0.9	0.00022084	1.27701e-05
0	1.125	1.1	8.57947e-05	7.9655e-06
0	1.125	1.3	4.8983e-05	6.02924e-06
0	1.125	1.5	1.25379e-05	3.04087e-06
0	1.125	1.7	3.11158e-05	4.8012e-06
0	1.125	1.9	1.10937e-05	2.86437e-06
0	1.125	2.1	5.94051e-06	2.10028e-06
0	1.125	2.3	2.44278e-05	4.25229e-06
0	1.125	2.5	4.4429e-06	1.8138e-06
0	1.125	2.7	0	0
0	1.125	2.9	0	0
0	1.125	3.1	1.47057e-06	1.03985e-06
0	1.125	3.3	0	0
0	1.125	3.5	0	0
0	1.125	3.7	0	0
0	1.125	3.9	0	0
0	1.125	4.1	0	0
0	1.125	4.3	0	0
0	1.125	4.5	0	0
0	1.125	4.7	0	0
0	1.125	4.9	0	0
0	1.125	5.1	0	0
0	1.125	5.3	0	0
0	1.125	5.5	0	0
0	1.125	5.7	0	0
0	1.125	5.9	0	0
0	1.125	6.1	0	0
0	1.125	6.3	0	0
0	1.125	6.5	0	0
0	1.125	6.7	0	0
0	1.125	6.9	0	0
0	1.125	7.1	0	0
0	1.125	7.3	0	0
0	1.125	7.5	0	0
0	1.125	7.7	0	0
0	1.125	7.9	0	0
0	1.125	8.1	0	0
0	1.125	8.3	0	0
0	1.125	8.5	0	0
0	1.125	8.7	0	0
0	1.125	8.9	0	0
0	1.125	9.1	0	0
0	1.125	9.3	0	0
0	1.125	9.5	0	0
0	1.125	9.7	0	0
0	1.125	9.9	0	0
0	1.125	10.1	0	0
0	1.125	10.3	0	0
0	1.125	10.5	0	0
0	1.125	10.7	0	0
0	1.125	10.9	0	0
0	1.125	11.1	0	0
0	1.125	11.3	0	0
0	1.125	11.5	0	0
0	1.125	11.7	0	0
0	1.125	11.9	0	0
0	1.125	12.1	0	0
0	1.125	12.3	0	0
0	1.125	12.5	0	0
0	1.125	12.7	0	0
0	1.125	12.9	0	0
0	1.125	13.1	0	0
0	1.125	13.3	0	0
0	1.125	13.5	0	0
0	1.125	13.7	0	0
0	1.125	13.9	0	0
0	1.125	14.1	0	0
0	1.125	14.3	0	0
0	1.125	14.5	0	0
0	1.125	14.7	0	0
0	1.125	14.9	0	0
0	1.125	15.1	0	0
0	1.125	15.3	0	0
0	1.125	15.5	0	0
0	1.125	15.7	0	0
0	1.125	15.9	0	0
0	1.135	0.1	0.672258	0.00040464
0	1.135	0.3	0.642239	0.000411198
0	1.135	0.5	0.5912	0.000422597
0	1.135	0.7	0.515439	0.000429859
0	1.135	0.9	0.425804	0.000425356
0	1.135	1.1	0.340505	0.000406908
0	1.135	1.3	0.278438	0.000386561
0	1.135	1.5	0.229158	0.000361697
0	1.135	1.7	0.191768	0.000338249
0	1.135	1.9	0.165988	0.000319806
0	1.135	2.1	0.14762	0.000304933
0	1.135	2.3	0.128296	0.000287219
0	1.135	2.5	0.113674	0.000273075
0	1.135	2.7	0.102682	0.000260534
0	1.135	2.9	0.0934389	0.000249525
0	1.135	3.1	0.0837755	0.000238247
0	1.135	3.3	0.0761569	0.000227822
0	1.135	3.5	0.0666291	0.000214641
0	1.135	3.7	0.0617187	0.000206618
0	1.135	3.9	0.0539243	0.00019432
0	1.135	4.1	0.0479657	0.000183951
0	1.135	4.3	0.0411666	0.000171046
0	1.135	4.5	0.0353419	0.00015863
0	1.135	4.7	0.0292452	0.000145113
0	1.135	4.9	0.0235839	0.000130494
0	1.135	5.1	0.0183079	0.000115475
0	1.135	5.3	0.013701	0.000100013
0	1.135	5.5	0.0095781	8.36892e-05
0	1.135	5.7	0.00645649	6.90725e-05
0	1.135	5.9	0.00399085	5.41951e-05
0	1.135	6.1	0.00265252	4.43164e-05
0	1.135	6.3	0.0013372	3.13665e-05
0	1.135	6.5	0.000713939	2.29743e-05
0	1.135	6.7	0.000276282	1.43226e-05
0	1.135	6.9	0.00013662	1.00438e-05
0	1.135	7.1	7.02982e-05	7.21219e-06
0	1.135	7.3	2.94904e-05	4.66277e-06
0	1.135	7.5	1.1794e-05	2.94849e-06
0	1.135	7.7	4.43125e-06	1.80905e-06
0	1.135	7.9	0	0
0	1.135	8.1	0	0
0	1.135	8.3	0	0
0	1.135	8.5	0	0
0	1.135	8.7	0	0
0	1.135	8.9	0	0
0	1.135	9.1	0	0
0	1.135	9.3	0	0
0	1.135	9.5	0	0
0	1.135	9.7	0	0
0	1.135	9.9	0	0
0	1.135	10.1	0	0
0	1.135	10.3	0	0
0	1.135	10.5	0	0
0	1.135	10.7	0	0
0	1.135	10.9	0	0
0	1.135	11.1	0	0
0	1.135	11.3	0	0
0	1.135	11.5	0	0
0	1.135	11.7	0	0
0	1.135	11.9	0	0
0	1.135	12.1	0	0
0	1.135	12.3	0	0
0	1.135	12.5	0	0
0	1.135	12.7	0	0
0	1.135	12.9	0	0
0	1.135	13.1	0	0
0	1.135	13.3	0	0
0	1.135	13.5	0	0
0	1.135	13.7	0	0
0	1.135	13.9	0	0
0	1.135	14.1	0	0
0	1.135	14.3	0	0
0	1.135	14.5	0	0
0	1.135	14.7	0	0
0	1.135	14.9	0	0
0	1.135	15.1	0	0
0	1.135	15.3	0	0
0	1.135	15.5	0	0
0	1.135	15.7	0	0
0	1.135	15.9	0	0
0	1.145	0.1	1	0
0	1.145	0.3	1	0
0	1.145	0.5	0.999749	1.36396e-05
0	1.145	0.7	0.998491	3.34183e-05
0	1.145	0.9	0.99335	6.98346e-05
0	1.145	1.1	0.972248	0.000141134
0	1.145	1.3	0.922954	0.000229347
0	1.145	1.5	0.84861	0.000307782
0	1.145	1.7	0.75333	0.000371188
0	1.145	1.9	0.656743	0.000408641
0	1.145	2.1	0.565592	0.000425882
0	1.145	2.3	0.492363	0.000429446
0	1.145	2.5	0.435972	0.000426973
0	1.145	2.7	0.393434	0.000421207
0	1.145	2.9	0.356814	0.000411792
0	1.145	3.1	0.327525	0.00040361
0	1.145	3.3	0.302752	0.00039464
0	1.145	3.5	0.278264	0.00038559
0	1.145	3.7	0.260974	0.000378359
0	1.145	3.9	0.240156	0.000367243
0	1.145	4.1	0.220257	0.000355116
0	1.145	4.3	0.202068	0.000345676
0	1.145	4.5	0.179255	0.000329561
0	1.145	4.7	0.157497	0.000313512
0	1.145	4.9	0.133861	0.000293037
0	1.145	5.1	0.109588	0.000269557
0	1.145	5.3	0.0867458	0.000241985
0	1.145	5.5	0.0643028	0.000211587
0	1.145	5.7	0.0477213	0.000183317
0	1.145	5.9	0.0312527	0.000149543
0	1.145	6.1	0.0199013	0.000119862
0	1.145	6.3	0.0118876	9.3091e-05
0	1.145	6.5	0.00677796	7.04904e-05
0	1.145	6.7	0.00334768	4.97269e-05
0	1.145	6.9	0.00170166	3.54751e-05
0	1.145	7.1	0.000825443	2.46767e-05
0	1.145	7.3	0.000253581	1.36704e-05
0	1.145	7.5	0.000136441	1.00578e-05
0	1.145	7.7	3.49767e-05	5.10179e-06
0	1.145	7.9	3.18179e-05	4.8521e-06
0	1.145	8.1	0	0
0	1.145	8.3	0	0
0	1.145	8.5	0	0
0	1.145	8.7	0	0
0	1.145	8.9	0	0
0	1.145	9.1	0	0
0	1.145	9.3	0	0
0	1.145	9.5	0	0
0	1.145	9.7	0	0
0	1.145	9.9	0	0
0	1.145	10.1	0	0
0	1.145	10.3	0	0
0	1.145	10.5	0	0
0	1.145	10.7	0	0
0	1.145	10.9	0	0
0	1.145	11.1	0	0
0	1.145	11.3	0	0
0	1.145	11.5	0	0
0	1.145	11.7	0	0
0	1.145	11.9	0	0
0	1.145	12.1	0	0
0	1.145	12.3	0	0
0	1.145	12.5	0	0
0	1.145	12.7	0	0
0	1.145	12.9	0	0
0	1.145	13.1	0	0
0	1.145	13.3	0	0
0	1.145	13.5	0	0
0	1.145	13.7	0	0
0	1.145	13.9	0	0
0	1.145	14.1	0	0
0	1.145	14.3	0	0
0	1.145	14.5	0	0
0	1.145	14.7	0	0
0	1.145	14.9	0	0
0	1.145	15.1	0	0
0	1.145	15.3	0	0
0	1.145	15.5	0	0
0	1.145	15.7	0	0
0	1.145	15.9	0	0
0	1.155	0.1	1	0
0	1.155	0.3	1	0
0	1.155	0.5	1	0
0	1.155	0.7	1	0
0	1.155	0.9	1	0
0	1.155	1.1	1	0
0	1.155	1.3	1	0
0	1.155	1.5	0.999846	1.06526e-05
0	1.155	1.7	0.997664	4.1525e-05
0	1.155	1.9	0.986244	0.000100093
0	1.155	2.1	0.949556	0.000188083
0	1.155	2.3	0.882592	0.000277242
0	1.155	2.5	0.800725	0.00034345
0	1.155	2.7	0.722859	0.000384296
0	1.155	2.9	0.652004	0.000409773
0	1.155	3.1	0.587641	0.000423083
0	1.155	3.3	0.53496	0.000428857
0	1.155	3.5	0.487235	0.000429365
0	1.155	3.7	0.447382	0.000429378
0	1.155	3.9	0.412499	0.000423247
0	1.155	4.1	0.37968	0.000418033
0	1.155	4.3	0.352371	0.000410841
0	1.155	4.5	0.316697	0.000400317
0	1.155	4.7	0.28399	0.000388033
0	1.155	4.9	0.247282	0.000370751
0	1.155	5.1	0.209687	0.00035001
0	1.155	5.3	0.172604	0.000324873
0	1.155	5.5	0.133536	0.000292845
0	1.155	5.7	0.100197	0.000258697
0	1.155	5.9	0.072308	0.000222508
0	1.155	6.1	0.0482736	0.00018448
0	1.155	6.3	0.0322008	0.000151983
0	1.155	6.5	0.0197964	0.00011979
0	1.155	6.7	0.0110169	8.96861e-05
0	1.155	6.9	0.00611891	6.71606e-05
0	1.155	7.1	0.00304964	4.74795e-05
0	1.155	7.3	0.00168083	3.52024e-05
0	1.155	7.5	0.000733688	2.32978e-05
0	1.155	7.7	0.000281692	1.44484e-05
0	1.155	7.9	7.4685e-05	7.43116e-06
0	1.155	8.1	2.81354e-05	4.56411e-06
0	1.155	8.3	2.07609e-05	3.9234e-06
0	1.155	8.5	2.2173e-06	1.28016e-06
0	1.155	8.7	5.1848e-06	1.95967e-06
0	1.155	8.9	0	0
0	1.155	9.1	0	0
0	1.155	9.3	0	0
0	1.155	9.5	0	0
0	1.155	9.7	0	0
0	1.155	9.9	0	0
0	1.155	10.1	0	0
0	1.155	10.3	0	0
0	1.155	10.5	0	0
0	1.155	10.7	0	0
0	1.155	10.9	0	0
0	1.155	11.1	0	0
0	1.155	11.3	0	0
0	1.155	11.5	0	0
0	1.155	11.7	0	0
0	1.155	11.9	0	0
0	1.155	12.1	0	0
0	1.155	12.3	0	0
0	1.155	12.5	0	0
0	1.155	12.7	0	0
0	1.155	12.9	0	0
0	1.155	13.1	0	0
0	1.155	13.3	0	0
0	1.155	13.5	0	0
0	1.155	13.7	0	0
0	1.155	13.9	0	0
0	1.155	14.1	0	0
0	1.155	14.3	0	0
0	1.155	14.5	0	0
0	1.155	14.7	0	0
0	1.155	14.9	0	0
0	1.155	15.1	0	0
0	1.155	15.3	0	0
0	1.155	15.5	0	0
0	1.155	15.7	0	0
0	1.155	15.9	0	0
0	1.165	0.1	1	0
0	1.165	0.3	1	0
0	1.165	0.5	1	0
0	1.165	0.7	1	0
0	1.165	0.9	1	0
0	1.165	1.1	1	0
0	1.165	1.3	1	0
0	1.165	1.5	1	0
0	1.165	1.7	1	0
0	1.165	1.9	1	0
0	1.165	2.1	0.999868	9.8699e-06
0	1.165	2.3	0.996865	4.8078e-05
0	1.165	2.5	0.983145	0.000110885
0	1.165	2.7	0.945239	0.000195811
0	1.165	2.9	0.887729	0.000272037
0	1.165	3.1	0.83558	0.000318804
0	1.165	3.3	0.792667	0.000348206
0	1.165	3.5	0.756186	0.000370371
0	1.165	3.7	0.721571	0.000385486
0	1.165	3.9	0.683015	0.000399437
0	1.165	4.1	0.642047	0.000412563
0	1.165	4.3	0.586992	0.000423621
0	1.165	4.5	0.529446	0.000429453
0	1.165	4.7	0.466281	0.000429501
0	1.165	4.9	0.403406	0.000422096
0	1.165	5.1	0.342292	0.000408133
0	1.165	5.3	0.277148	0.000385393
0	1.165	5.5	0.218357	0.000355828
0	1.165	5.7	0.165344	0.000318936
0	1.165	5.9	0.122944	0.000282785
0	1.165	6.1	0.0886129	0.0002444
0	1.165	6.3	0.0614531	0.000206723
0	1.165	6.5	0.0400372	0.000168866
0	1.165	6.7	0.0238797	0.000130771
0	1.165	6.9	0.014841	0.000103831
0	1.165	7.1	0.00847512	7.90189e-05
0	1.165	7.3	0.00489599	6.0045e-05
0	1.165	7.5	0.00236363	4.18125e-05
0	1.165	7.7	0.00126595	3.06754e-05
0	1.165	7.9	0.000464745	1.85706e-05
0	1.165	8.1	0.000264783	1.4012e-05
0	1.165	8.3	7.67766e-05	7.52827e-06
0	1.165	8.5	5.72335e-05	6.52218e-06
0	1.165	8.7	1.55184e-05	3.38636e-06
0	1.165	8.9	0	0
0	1.165	9.1	0	0
0	1.165	9.3	0	0
0	1.165	9.5	0	0
0	1.165	9.7	0	0
0	1.165	9.9	0	0
0	1.165	10.1	0	0
0	1.165	10.3	0	0
0	1.165	10.5	0	0
0	1.165	10.7	0	0
0	1.165	10.9	0	0
0	1.165	11.1	0	0
0	1.165	11.3	0	0
0	1.165	11.5	0	0
0	1.165	11.7	0	0
0	1.165	11.9	0	0
0	1.165	12.1	0	0
0	1.165	12.3	0	0
0	1.165	12.5	0	0
0	1.165	12.7	0	0
0	1.165	12.9	0	0
0	1.165	13.1	0	0
0	1.165	13.3	0	0
0	1.165	13.5	0	0
0	1.165	13.7	0	0
0	1.165	13.9	0	0
0	1.165	14.1	0	0
0	1.165	14.3	0	0
0	1.165	14.5	0	0
0	1.165	14.7	0	0
0	1.165	14.9	0	0
0	1.165	15.1	0	0
0	1.165	15.3	0	0
0	1.165	15.5	0	0
0	1.165	15.7	0	0
0	1.165	15.9	0	0
0	1.175	0.1	1	0
0	1.175	0.3	1	0
0	1.175	0.5	1	0
0	1.175	0.7	1	0
0	1.175	0.9	1	0
0	1.175	1.1	1	0
0	1.175	1.3	1	0
0	1.175	1.5	1	0
0	1.175	1.7	1	0
0	1.175	1.9	1	0
0	1.175	2.1	1	0
0	1.175	2.3	1	0
0	1.175	2.5	0.999827	1.12891e-05
0	1.175	2.7	0.997532	4.27107e-05
0	1.175	2.9	0.98295	0.000111469
0	1.175	3.1	0.947052	0.00019256
0	1.175	3.3	0.893788	0.000264928
0	1.175	3.5	0.847436	0.000309339
0	1.175	3.7	0.812528	0.000335812
0	1.175	3.9	0.785225	0.000352802
0	1.175	4.1	0.747263	0.000373482
0	1.175	4.3	0.697969	0.000395338
0	1.175	4.5	0.632316	0.000415357
0	1.175	4.7	0.566161	0.000426046
0	1.175	4.9	0.504068	0.000430265
0	1.175	5.1	0.441731	0.00042627
0	1.175	5.3	0.370482	0.000416173
0	1.175	5.5	0.300052	0.000393412
0	1.175	5.7	0.236036	0.000364643
0	1.175	5.9	0.179835	0.00033016
0	1.175	6.1	0.135612	0.000293876
0	1.175	6.3	0.100563	0.000258393
0	1.175	6.5	0.0692201	0.000217874
0	1.175	6.7	0.0483457	0.000185024
0	1.175	6.9	0.0318525	0.000151225
0	1.175	7.1	0.0199772	0.000120583
0	1.175	7.3	0.0119809	9.34011e-05
0	1.175	7.5	0.00695042	7.17175e-05
0	1.175	7.7	0.00401879	5.43577e-05
0	1.175	7.9	0.00222612	4.06046e-05
0	1.175	8.1	0.000928254	2.62009e-05
0	1.175	8.3	0.000460855	1.84743e-05
0	1.175	8.5	0.000327478	1.55389e-05
0	1.175	8.7	8.6768e-05	8.02136e-06
0	1.175	8.9	2.58987e-05	4.37763e-06
0	1.175	9.1	2.95968e-06	1.47984e-06
0	1.175	9.3	0	0
0	1.175	9.5	0	0
0	1.175	9.7	0	0
0	1.175	9.9	0	0
0	1.175	10.1	0	0
0	1.175	10.3	0	0
0	1.175	10.5	0	0
0	1.175	10.7	0	0
0	1.175	10.9	0	0
0	1.175	11.1	0	0
0	1.175	11.3	0	0
0	1.175	11.5	0	0
0	1.175	11.7	0	0
0	1.175	11.9	0	0
0	1.175	12.1	0	0
0	1.175	12.3	0	0
0	1.175	12.5	0	0
0	1.175	12.7	0	0
0	1.175	12.9	0	0
0	1.175	13.1	0	0
0	1.175	13.3	0	0
0	1.175	13.5	0	0
0	1.175	13.7	0	0
0	1.175	13.9	0	0
0	1.175	14.1	0	0
0	1.175	14.3	0	0
0	1.175	14.5	0	0
0	1.175	14.7	0	0
0	1.175	14.9	0	0
0	1.175	15.1	0	0
0	1.175	15.3	0	0
0	1.175	15.5	0	0
0	1.175	15.7	0	0
0	1.175	15.9	0	0
0	1.185	0.1	1	0
0	1.185	0.3	1	0
0	1.185	0.5	1	0
0	1.185	0.7	1	0
0	1.185	0.9	1	0
0	1.185	1.1	1	0
0	1.185	1.3	1	0
0	1.185	1.5	1	0
0	1.185	1.7	1	0
0	1.185	1.9	1	0
0	1.185	2.1	1	0
0	1.185	2.3	1	0
0	1.185	2.5	1	0
0	1.185	2.7	0.999775	1.28977e-05
0	1.185	2.9	0.997372	4.39195e-05
0	1.185	3.1	0.984848	0.000105188
0	1.185	3.3	0.950278	0.000186868
0	1.185	3.5	0.901986	0.000254884
0	1.185	3.7	0.852815	0.000304103
0	1.185	3.9	0.820431	0.000330353
0	1.185	4.1	0.783171	0.000354682
0	1.185	4.3	0.731856	0.000380983
0	1.185	4.5	0.671198	0.000404076
0	1.185	4.7	0.607721	0.000419671
0	1.185	4.9	0.550845	0.000428341
0	1.185	5.1	0.493788	0.000429462
0	1.185	5.3	0.428586	0.000426236
0	1.185	5.5	0.36452	0.000413404
0	1.185	5.7	0.298629	0.000393788
0	1.185	5.9	0.238464	0.000367478
0	1.185	6.1	0.188634	0.000336353
0	1.185	6.3	0.145704	0.000303438
0	1.185	6.5	0.110006	0.000268896
0	1.185	6.7	0.0799953	0.000233023
0	1.185	6.9	0.0578718	0.00020059
0	1.185	7.1	0.0400687	0.000168617
0	1.185	7.3	0.0278745	0.000141627
0	1.185	7.5	0.0179333	0.000114208
0	1.185	7.7	0.0117369	9.26983e-05
0	1.185	7.9	0.00662512	6.98559e-05
0	1.185	8.1	0.0040924	5.48647e-05
0	1.185	8.3	0.00190775	3.75228e-05
0	1.185	8.5	0.00124936	3.03541e-05
0	1.185	8.7	0.000490815	1.90714e-05
0	1.185	8.9	0.000336473	1.58237e-05
0	1.185	9.1	0.000114541	9.19964e-06
0	1.185	9.3	2.9723e-05	4.69954e-06
0	1.185	9.5	2.51551e-05	4.31401e-06
0	1.185	9.7	0	0
0	1.185	9.9	8.14815e-06	2.45675e-06
0	1.185	10.1	0	0
0	1.185	10.3	0	0
0	1.185	10.5	0	0
0	1.185	10.7	0	0
0	1.185	10.9	0	0
0	1.185	11.1	0	0
0	1.185	11.3	0	0
0	1.185	11.5	0	0
0	1.185	11.7	0	0
0	1.185	11.9	0	0
0	1.185	12.1	0	0
0	1.185	12.3	0	0
0	1.185	12.5	0	0
0	1.185	12.7	0	0
0	1.185	12.9	0	0
0	1.185	13.1	0	0
0	1.185	13.3	0	0
0	1.185	13.5	0	0
0	1.185	13.7	0	0
0	1.185	13.9	0	0
0	1.185	14.1	0	0
0	1.185	14.3	0	0
0	1.185	14.5	0	0
0	1.185	14.7	0	0
0	1.185	14.9	0	0
0	1.185	15.1	0	0
0	1.185	15.3	0	0
0	1.185	15.5	0	0
0	1.185	15.7	0	0
0	1.185	15.9	0	0
0	1.195	0.1	1	0
0	1.195	0.3	1	0
0	1.195	0.5	1	0
0	1.195	0.7	1	0
0	1.195	0.9	1	0
0	1.195	1.1	1	0
0	1.195	1.3	1	0
0	1.195	1.5	1	0
0	1.195	1.7	1	0
0	1.195	1.9	1	0
0	1.195	2.1	1	0
0	1.195	2.3	1	0
0	1.195	2.5	1	0
0	1.195	2.7	1	0
0	1.195	2.9	0.999184	2.45996e-05
0	1.195	3.1	0.993299	7.00886e-05
0	1.195	3.3	0.97126	0.000143605
0	1.195	3.5	0.927228	0.000224085
0	1.195	3.7	0.87828	0.000281158
0	1.195	3.9	0.837959	0.000317174
0	1.195	4.1	0.798258	0.000345088
0	1.195	4.3	0.748296	0.000372506
0	1.195	4.5	0.684435	0.000400161
0	1.195	4.7	0.62867	0.000415255
0	1.195	4.9	0.573578	0.00042559
0	1.195	5.1	0.524265	0.000430244
0	1.195	5.3	0.471427	0.0004288
0	1.195	5.5	0.410719	0.000422499
0	1.195	5.7	0.355048	0.00041133
0	1.195	5.9	0.293145	0.000391504
0	1.195	6.1	0.240203	0.000367676
0	1.195	6.3	0.195055	0.000342208
0	1.195	6.5	0.157415	0.000313176
0	1.195	6.7	0.121874	0.000282403
0	1.195	6.9	0.0941521	0.000251853
0	1.195	7.1	0.0707063	0.000220333
0	1.195	7.3	0.0514701	0.000190023
0	1.195	7.5	0.0357932	0.000159775
0	1.195	7.7	0.0258101	0.000136215
0	1.195	7.9	0.0166469	0.000109607
0	1.195	8.1	0.0107124	8.86001e-05
0	1.195	8.3	0.00641149	6.84901e-05
0	1.195	8.5	0.00419508	5.58021e-05
0	1.195	8.7	0.00231581	4.13719e-05
0	1.195	8.9	0.00135235	3.16695e-05
0	1.195	9.1	0.000779316	2.39838e-05
0	1.195	9.3	0.000338465	1.58127e-05
0	1.195	9.5	0.000137851	1.008e-05
0	1.195	9.7	0.000121051	9.45194e-06
0	1.195	9.9	1.481e-05	3.3116e-06
0	1.195	10.1	1.18463e-05	2.96155e-06
0	1.195	10.3	0	0
0	1.195	10.5	2.22709e-06	1.28581e-06
0	1.195	10.7	0	0
0	1.195	10.9	1.03387e-05	2.76313e-06
0	1.195	11.1	0	0
0	1.195	11.3	0	0
0	1.195	11.5	0	0
0	1.195	11.7	0	0
0	1.195	11.9	0	0
0	1.195	12.1	0	0
0	1.195	12.3	0	0
0	1.195	12.5	0	0
0	1.195	12.7	0	0
0	1.195	12.9	0	0
0	1.195	13.1	0	0
0	1.195	13.3	0	0
0	1.195	13.5	0	0
0	1.195	13.7	0	0
0	1.195	13.9	0	0
0	1.195	14.1	0	0
0	1.195	14.3	0	0
0	1.195	14.5	0	0
0	1.195	14.7	0	0
0	1.195	14.9	0	0
0	1.195	15.1	0	0
0	1.195	15.3	0	0
0	1.195	15.5	0	0
0	1.195	15.7	0	0
0	1.195	15.9	0	0
0	1.205	0.1	1	0
0	1.205	0.3	1	0
0	1.205	0.5	1	0
0	1.205	0.7	1	0
0	1.205	0.9	1	0
0	1.205	1.1	1	0
0	1.205	1.3	1	0
0	1.205	1.5	1	0
0	1.205	1.7	1	0
0	1.205	1.9	1	0
0	1.205	2.1	1	0
0	1.205	2.3	1	0
0	1.205	2.5	1	0
0	1.205	2.7	1	0
0	1.205	2.9	0.999769	1.30712e-05
0	1.205	3.1	0.996205	5.28887e-05
0	1.205	3.3	0.981449	0.000116065
0	1.205	3.5	0.945048	0.000196101
0	1.205	3.7	0.897353	0.000261453
0	1.205	3.9	0.853647	0.000303698
0	1.205	4.1	0.811522	0.000336195
0	1.205	4.3	0.760787	0.000367666
0	1.205	4.5	0.699907	0.000395059
0	1.205	4.7	0.640945	0.000412438
0	1.205	4.9	0.589839	0.000422766
0	1.205	5.1	0.544578	0.000427294
0	1.205	5.3	0.498365	0.000429424
0	1.205	5.5	0.449184	0.000428633
0	1.205	5.7	0.391968	0.000419958
0	1.205	5.9	0.342204	0.000407143
0	1.205	6.1	0.290748	0.000390138
0	1.205	6.3	0.245485	0.000370084
0	1.205	6.5	0.201807	0.000344603
0	1.205	6.7	0.167128	0.000320813
0	1.205	6.9	0.135	0.000294139
0	1.205	7.1	0.109008	0.000267886
0	1.205	7.3	0.0844766	0.000239555
0	1.205	7.5	0.0660062	0.000213722
0	1.205	7.7	0.0486434	0.000185056
0	1.205	7.9	0.0355008	0.000159177
0	1.205	8.1	0.0251043	0.000135014
0	1.205	8.3	0.0183488	0.000115339
0	1.205	8.5	0.0114797	9.16056e-05
0	1.205	8.7	0.00739818	7.35204e-05
0	1.205	8.9	0.00457179	5.79944e-05
0	1.205	9.1	0.00268187	4.45144e-05
0	1.205	9.3	0.00165556	3.50372e-05
0	1.205	9.5	0.00085701	2.51194e-05
0	1.205	9.7	0.000465737	1.85511e-05
0	1.205	9.9	0.000197156	1.20645e-05
0	1.205	10.1	5.31027e-05	6.25805e-06
0	1.205	10.3	7.4975e-05	7.46001e-06
0	1.205	10.5	2.36003e-05	4.17193e-06
0	1.205	10.7	5.18908e-06	1.96128e-06
0	1.205	10.9	5.16405e-06	1.95182e-06
0	1.205	11.1	0	0
0	1.205	11.3	0	0
0	1.205	11.5	0	0
0	1.205	11.7	0	0
0	1.205	11.9	0	0
0	1.205	12.1	0	0
0	1.205	12.3	0	0
0	1.205	12.5	0	0
0	1.205	12.7	0	0
0	1.205	12.9	0	0
0	1.205	13.1	0	0
0	1.205	13.3	0	0
0	1.205	13.5	0	0
0	1.205	13.7	0	0
0	1.205	13.9	0	0
0	1.205	14.1	0	0
0	1.205	14.3	0	0
0	1.205	14.5	0	0
0	1.205	14.7	0	0
0	1.205	14.9	0	0
0	1.205	15.1	0	0
0	1.205	15.3	0	0
0	1.205	15.5	0	0
0	1.205	15.7	0	0
0	1.205	15.9	0	0
0	1.215	0.1	1	0
0	1.215	0.3	1	0
0	1.215	0.5	1	0
0	1.215	0.7	1	0
0	1.215	0.9	1	0
0	1.215	1.1	1	0
0	1.215	1.3	1	0
0	1.215	1.5	1	0
0	1.215	1.7	1	0
0	1.215	1.9	1	0
0	1.215	2.1	1	0
0	1.215	2.3	1	0
0	1.215	2.5	1	0
0	1.215	2.7	1	0
0	1.215	2.9	0.999998	1.27509e-06
0	1.215	3.1	0.997906	3.92969e-05
0	1.215	3.3	0.987821	9.43191e-05
0	1.215	3.5	0.956481	0.000175454
0	1.215	3.7	0.912087	0.000243681
0	1.215	3.9	0.86597	0.000293158
0	1.215	4.1	0.824128	0.000327872
0	1.215	4.3	0.770487	0.000362323
0	1.215	4.5	0.710136	0.000390754
0	1.215	4.7	0.653912	0.0004095
0	1.215	4.9	0.603613	0.000420426
0	1.215	5.1	0.561791	0.000426357
0	1.215	5.3	0.519619	0.000429279
0	1.215	5.5	0.476926	0.000430404
0	1.215	5.7	0.426018	0.000426438
0	1.215	5.9	0.384124	0.000419445
0	1.215	6.1	0.336846	0.000406649
0	1.215	6.3	0.291811	0.000390503
0	1.215	6.5	0.246504	0.00036948
0	1.215	6.7	0.21332	0.000352547
0	1.215	6.9	0.177009	0.000328146
0	1.215	7.1	0.148181	0.000304876
0	1.215	7.3	0.123077	0.000282501
0	1.215	7.5	0.0990795	0.000256563
0	1.215	7.7	0.0807689	0.000234642
0	1.215	7.9	0.0626783	0.000208216
0	1.215	8.1	0.0474636	0.000183204
0	1.215	8.3	0.0359047	0.000159818
0	1.215	8.5	0.0271056	0.000139769
0	1.215	8.7	0.0194679	0.000118573
0	1.215	8.9	0.0130833	9.7786e-05
0	1.215	9.1	0.00962591	8.39014e-05
0	1.215	9.3	0.00570617	6.47286e-05
0	1.215	9.5	0.00323857	4.89111e-05
0	1.215	9.7	0.00197265	3.81529e-05
0	1.215	9.9	0.00128748	3.09788e-05
0	1.215	10.1	0.000741047	2.34487e-05
0	1.215	10.3	0.000224647	1.28829e-05
0	1.215	10.5	0.000122421	9.50117e-06
0	1.215	10.7	0.000151926	1.06102e-05
0	1.215	10.9	7.84628e-05	7.62069e-06
0	1.215	11.1	6.68259e-06	2.22752e-06
0	1.215	11.3	0	0
0	1.215	11.5	0	0
0	1.215	11.7	0	0
0	1.215	11.9	0	0
0	1.215	12.1	0	0
0	1.215	12.3	0	0
0	1.215	12.5	0	0
0	1.215	12.7	0	0
0	1.215	12.9	0	0
0	1.215	13.1	0	0
0	1.215	13.3	0	0
0	1.215	13.5	0	0
0	1.215	13.7	0	0
0	1.215	13.9	0	0
0	1.215	14.1	0	0
0	1.215	14.3	0	0
0	1.215	14.5	0	0
0	1.215	14.7	0	0
0	1.215	14.9	0	0
0	1.215	15.1	0	0
0	1.215	15.3	0	0
0	1.215	15.5	0	0
0	1.215	15.7	0	0
0	1.215	15.9	0	0
0	1.225	0.1	1	0
0	1.225	0.3	1	0
0	1.225	0.5	1	0
0	1.225	0.7	1	0
0	1.225	0.9	1	0
0	1.225	1.1	1	0
0	1.225	1.3	1	0
0	1.225	1.5	1	0
0	1.225	1.7	1	0
0	1.225	1.9	1	0
0	1.225	2.1	1	0
0	1.225	2.3	1	0
0	1.225	2.5	1	0
0	1.225	2.7	1	0
0	1.225	2.9	1	0
0	1.225	3.1	0.998962	2.77103e-05
0	1.225	3.3	0.992133	7.61201e-05
0	1.225	3.5	0.968154	0.000150926
0	1.225	3.7	0.925567	0.000225848
0	1.225	3.9	0.879062	0.000280547
0	1.225	4.1	0.831832	0.000321648
0	1.225	4.3	0.779653	0.000356165
0	1.225	4.5	0.721956	0.00038558
0	1.225	4.7	0.663627	0.00040667
0	1.225	4.9	0.614296	0.000418152
0	1.225	5.1	0.571769	0.000425641
0	1.225	5.3	0.534412	0.000428595
0	1.225	5.5	0.496098	0.000431298
0	1.225	5.7	0.455603	0.00042772
0	1.225	5.9	0.413026	0.000424441
0	1.225	6.1	0.369992	0.000413842
0	1.225	6.3	0.325137	0.000402813
0	1.225	6.5	0.287648	0.000389883
0	1.225	6.7	0.251846	0.000373186
0	1.225	6.9	0.21683	0.000355182
0	1.225	7.1	0.188663	0.00033593
0	1.225	7.3	0.162438	0.00031824
0	1.225	7.5	0.137496	0.000295798
0	1.225	7.7	0.116157	0.000275579
0	1.225	7.9	0.0966733	0.000254423
0	1.225	8.1	0.0795114	0.000232315
0	1.225	8.3	0.0647616	0.000211402
0	1.225	8.5	0.0502668	0.000187809
0	1.225	8.7	0.0388837	0.000166003
0	1.225	8.9	0.0296858	0.000145743
0	1.225	9.1	0.0219648	0.000126162
0	1.225	9.3	0.0154585	0.000106015
0	1.225	9.5	0.01033	8.7158e-05
0	1.225	9.7	0.00728776	7.3029e-05
0	1.225	9.9	0.00446982	5.74088e-05
0	1.225	10.1	0.00311761	4.79395e-05
0	1.225	10.3	0.00191033	3.75882e-05
0	1.225	10.5	0.00122094	3.01765e-05
0	1.225	10.7	0.000528935	1.96797e-05
0	1.225	10.9	0.000300468	1.48914e-05
0	1.225	11.1	0.00014365	1.03127e-05
0	1.225	11.3	0.000120748	9.42823e-06
0	1.225	11.5	2.07716e-05	3.92542e-06
0	1.225	11.7	1.10904e-05	2.86351e-06
0	1.225	11.9	2.14869e-05	3.98998e-06
0	1.225	12.1	0	0
0	1.225	12.3	7.39361e-07	7.3936e-07
0	1.225	12.5	0	0
0	1.225	12.7	0	0
0	1.225	12.9	0	0
0	1.225	13.1	0	0
0	1.225	13.3	0	0
0	1.225	13.5	0	0
0	1.225	13.7	0	0
0	1.225	13.9	0	0
0	1.225	14.1	0	0
0	1.225	14.3	0	0
0	1.225	14.5	0	0
0	1.225	14.7	0	0
0	1.225	14.9	0	0
0	1.225	15.1	0	0
0	1.225	15.3	0	0
0	1.225	15.5	0	0
0	1.225	15.7	0	0
0	1.225	15.9	0	0
0	1.235	0.1	1	0
0	1.235	0.3	1	0
0	1.235	0.5	1	0
0	1.235	0.7	1	0
0	1.235	0.9	1	0
0	1.235	1.1	1	0
0	1.235	1.3	1	0
0	1.235	1.5	1	0
0	1.235	1.7	1	0
0	1.235	1.9	1	0
0	1.235	2.1	1	0
0	1.235	2.3	1	0
0	1.235	2.5	1	0
0	1.235	2.7	1	0
0	1.235	2.9	1	0
0	1.235	3.1	0.999459	2.00752e-05
0	1.235	3.3	0.994006	6.63164e-05
0	1.235	3.5	0.975442	0.00013317
0	1.235	3.7	0.936166	0.000210169
0	1.235	3.9	0.888458	0.000271383
0	1.235	4.1	0.839597	0.000315496
0	1.235	4.3	0.789871	0.000349919
0	1.235	4.5	0.730654	0.000382334
0	1.235	4.7	0.66809	0.000404152
0	1.235	4.9	0.620175	0.000416369
0	1.235	5.1	0.577253	0.0004249
0	1.235	5.3	0.546971	0.00042866
0	1.235	5.5	0.510282	0.000429815
0	1.235	5.7	0.47679	0.000429695
0	1.235	5.9	0.436673	0.000425587
0	1.235	6.1	0.396837	0.000421014
0	1.235	6.3	0.355795	0.000411842
0	1.235	6.5	0.31865	0.000400641
0	1.235	6.7	0.283003	0.000387813
0	1.235	6.9	0.248893	0.000371938
0	1.235	7.1	0.224471	0.000358867
0	1.235	7.3	0.196884	0.000343306
0	1.235	7.5	0.173102	0.000325715
0	1.235	7.7	0.149911	0.000308179
0	1.235	7.9	0.13055	0.000289511
0	1.235	8.1	0.114169	0.000273082
0	1.235	8.3	0.0976415	0.000255279
0	1.235	8.5	0.0818186	0.000236298
0	1.235	8.7	0.0670062	0.000215134
0	1.235	8.9	0.0568594	0.000199217
0	1.235	9.1	0.0438449	0.000176171
0	1.235	9.3	0.0342669	0.000156614
0	1.235	9.5	0.0260732	0.000136817
0	1.235	9.7	0.0191712	0.000118113
0	1.235	9.9	0.0146107	0.000103182
0	1.235	10.1	0.0099559	8.53414e-05
0	1.235	10.3	0.00678935	7.06161e-05
0	1.235	10.5	0.0043261	5.64002e-05
0	1.235	10.7	0.00287207	4.60362e-05
0	1.235	10.9	0.00168486	3.53723e-05
0	1.235	11.1	0.00117171	2.94137e-05
0	1.235	11.3	0.000628139	2.15509e-05
0	1.235	11.5	0.000306683	1.50703e-05
0	1.235	11.7	0.000247589	1.35256e-05
0	1.235	11.9	3.6053e-05	5.15034e-06
0	1.235	12.1	4.08171e-05	5.50366e-06
0	1.235	12.3	1.24506e-05	3.01969e-06
0	1.235	12.5	8.17149e-06	2.46379e-06
0	1.235	12.7	0	0
0	1.235	12.9	0	0
0	1.235	13.1	0	0
0	1.235	13.3	0	0
0	1.235	13.5	0	0
0	1.235	13.7	0	0
0	1.235	13.9	0	0
0	1.235	14.1	0	0
0	1.235	14.3	0	0
0	1.235	14.5	0	0
0	1.235	14.7	0	0
0	1.235	14.9	0	0
0	1.235	15.1	0	0
0	1.235	15.3	0	0
0	1.235	15.5	0	0
0	1.235	15.7	0	0
0	1.235	15.9	0	0
0	1.245	0.1	1	0
0	1.245	0.3	1	0
0	1.245	0.5	1	0
0	1.245	0.7	1	0
0	1.245	0.9	1	0
0	1.245	1.1	1	0
0	1.245	1.3	1	0
0	1.245	1.5	1	0
0	1.245	1.7	1	0
0	1.245	1.9	1	0
0	1.245	2.1	1	0
0	1.245	2.3	1	0
0	1.245	2.5	1	0
0	1.245	2.7	1	0
0	1.245	2.9	1	0
0	1.245	3.1	0.999687	1.52181e-05
0	1.245	3.3	0.995745	5.59247e-05
0	1.245	3.5	0.979988	0.00012056
0	1.245	3.7	0.944096	0.000198161
0	1.245	3.9	0.896054	0.000262251
0	1.245	4.1	0.847152	0.000308912
0	1.245	4.3	0.799003	0.000344902
0	1.245	4.5	0.738117	0.00037837
0	1.245	4.7	0.677298	0.000402173
0	1.245	4.9	0.628472	0.000415022
0	1.245	5.1	0.588556	0.000422943
0	1.245	5.3	0.553625	0.00042789
0	1.245	5.5	0.518082	0.000429302
0	1.245	5.7	0.48869	0.000430863
0	1.245	5.9	0.454369	0.000428361
0	1.245	6.1	0.416062	0.000424482
0	1.245	6.3	0.378023	0.000418409
0	1.245	6.5	0.341344	0.00040821
0	1.245	6.7	0.311024	0.000399292
0	1.245	6.9	0.279048	0.000384492
0	1.245	7.1	0.25216	0.000374381
0	1.245	7.3	0.227226	0.000360082
0	1.245	7.5	0.2012	0.000345084
0	1.245	7.7	0.181511	0.000331903
0	1.245	7.9	0.163863	0.00031883
0	1.245	8.1	0.145958	0.000303755
0	1.245	8.3	0.128258	0.000287763
0	1.245	8.5	0.114764	0.000273915
0	1.245	8.7	0.0991484	0.000256692
0	1.245	8.9	0.0856973	0.000240983
0	1.245	9.1	0.0732303	0.0002239
0	1.245	9.3	0.0607087	0.00020515
0	1.245	9.5	0.0518852	0.000190019
0	1.245	9.7	0.0412239	0.000171121
0	1.245	9.9	0.0320865	0.000151435
0	1.245	10.1	0.0254827	0.000135681
0	1.245	10.3	0.0183634	0.000115548
0	1.245	10.5	0.0133304	9.8593e-05
0	1.245	10.7	0.00978006	8.44835e-05
0	1.245	10.9	0.00701423	7.18366e-05
0	1.245	11.1	0.00475103	5.92004e-05
0	1.245	11.3	0.00307857	4.77381e-05
0	1.245	11.5	0.00164007	3.48114e-05
0	1.245	11.7	0.00112833	2.88396e-05
0	1.245	11.9	0.000712966	2.2943e-05
0	1.245	12.1	0.000403907	1.7298e-05
0	1.245	12.3	0.00025935	1.3861e-05
0	1.245	12.5	9.43647e-05	8.37312e-06
0	1.245	12.7	3.39736e-05	5.00905e-06
0	1.245	12.9	1.39666e-05	3.20413e-06
0	1.245	13.1	0	0
0	1.245	13.3	0	0
0	1.245	13.5	0	0
0	1.245	13.7	0	0
0	1.245	13.9	0	0
0	1.245	14.1	0	0
0	1.245	14.3	0	0
0	1.245	14.5	0	0
0	1.245	14.7	0	0
0	1.245	14.9	0	0
0	1.245	15.1	0	0
0	1.245	15.3	0	0
0	1.245	15.5	0	0
0	1.245	15.7	0	0
0	1.245	15.9	0	0
0	1.255	0.1	1	0
0	1.255	0.3	1	0
0	1.255	0.5	1	0
0	1.255	0.7	1	0
0	1.255	0.9	1	0
0	1.255	1.1	1	0
0	1.255	1.3	1	0
0	1.255	1.5	1	0
0	1.255	1.7	1	0
0	1.255	1.9	1	0
0	1.255	2.1	1	0
0	1.255	2.3	1	0
0	1.255	2.5	1	0
0	1.255	2.7	1	0
0	1.255	2.9	1	0
0	1.255	3.1	0.999793	1.2367e-05
0	1.255	3.3	0.997161	4.57939e-05
0	1.255	3.5	0.984102	0.000107467
0	1.255	3.7	0.952162	0.000183285
0	1.255	3.9	0.905312	0.000251693
0	1.255	4.1	0.855705	0.000302639
0	1.255	4.3	0.806018	0.000340201
0	1.255	4.5	0.744099	0.000375715
0	1.255	4.7	0.685545	0.000399825
0	1.255	4.9	0.63506	0.000414638
0	1.255	5.1	0.592749	0.000422449
0	1.255	5.3	0.560103	0.000427246
0	1.255	5.5	0.526877	0.000429296
0	1.255	5.7	0.495578	0.00042962
0	1.255	5.9	0.466874	0.000430013
0	1.255	6.1	0.432689	0.000426982
0	1.255	6.3	0.393189	0.000419209
0	1.255	6.5	0.35758	0.000411889
0	1.255	6.7	0.329167	0.00040482
0	1.255	6.9	0.297584	0.000393426
0	1.255	7.1	0.271318	0.000383493
0	1.255	7.3	0.246495	0.000371082
0	1.255	7.5	0.225332	0.000359706
0	1.255	7.7	0.202451	0.000345861
0	1.255	7.9	0.189626	0.000337755
0	1.255	8.1	0.173637	0.000325815
0	1.255	8.3	0.159479	0.000314896
0	1.255	8.5	0.144235	0.000301994
0	1.255	8.7	0.12932	0.000288021
0	1.255	8.9	0.115249	0.000274928
0	1.255	9.1	0.101435	0.000258962
0	1.255	9.3	0.0902768	0.000245888
0	1.255	9.5	0.0785155	0.000231907
0	1.255	9.7	0.0702658	0.000220418
0	1.255	9.9	0.0577625	0.000200478
0	1.255	10.1	0.0483956	0.000184686
0	1.255	10.3	0.0384504	0.000165338
0	1.255	10.5	0.031695	0.000150945
0	1.255	10.7	0.0247474	0.000133558
0	1.255	10.9	0.0195749	0.000119133
0	1.255	11.1	0.0139924	0.000100932
0	1.255	11.3	0.010342	8.70269e-05
0	1.255	11.5	0.00711671	7.24059e-05
0	1.255	11.7	0.00543706	6.32251e-05
0	1.255	11.9	0.00354016	5.1302e-05
0	1.255	12.1	0.00209697	3.92042e-05
0	1.255	12.3	0.00104547	2.77979e-05
0	1.255	12.5	0.00064222	2.17289e-05
0	1.255	12.7	0.000234163	1.31504e-05
0	1.255	12.9	0.000164146	1.10408e-05
0	1.255	13.1	4.44215e-05	5.73466e-06
0	1.255	13.3	2.96072e-05	4.68124e-06
0	1.255	13.5	2.28726e-05	4.10799e-06
0	1.255	13.7	0	0
0	1.255	13.9	0	0
0	1.255	14.1	0	0
0	1.255	14.3	0	0
0	1.255	14.5	0	0
0	1.255	14.7	0	0
0	1.255	14.9	0	0
0	1.255	15.1	0	0
0	1.255	15.3	0	0
0	1.255	15.5	0	0
0	1.255	15.7	0	0
0	1.255	15.9	0	0
0	1.265	0.1	1	0
0	1.265	0.3	1	0
0	1.265	0.5	1	0
0	1.265	0.7	1	0
0	1.265	0.9	1	0
0	1.265	1.1	1	0
0	1.265	1.3	1	0
0	1.265	1.5	1	0
0	1.265	1.7	1	0
0	1.265	1.9	1	0
0	1.265	2.1	1	0
0	1.265	2.3	1	0
0	1.265	2.5	1	0
0	1.265	2.7	1	0
0	1.265	2.9	1	0
0	1.265	3.1	1	0
0	1.265	3.3	0.997908	3.93174e-05
0	1.265	3.5	0.98655	9.90525e-05
0	1.265	3.7	0.958616	0.00017121
0	1.265	3.9	0.910961	0.000243916
0	1.265	4.1	0.862062	0.000296262
0	1.265	4.3	0.811826	0.000335987
0	1.265	4.5	0.748406	0.000372103
0	1.265	4.7	0.687351	0.000399423
0	1.265	4.9	0.640917	0.000412927
0	1.265	5.1	0.598874	0.000421084
0	1.265	5.3	0.563525	0.000426017
0	1.265	5.5	0.535592	0.000429087
0	1.265	5.7	0.504256	0.000430946
0	1.265	5.9	0.476564	0.000430087
0	1.265	6.1	0.442972	0.000425882
0	1.265	6.3	0.407837	0.000423402
0	1.265	6.5	0.370628	0.000415486
0	1.265	6.7	0.338623	0.000406383
0	1.265	6.9	0.311333	0.000397583
0	1.265	7.1	0.283615	0.000387586
0	1.265	7.3	0.262174	0.000377234
0	1.265	7.5	0.242622	0.000367733
0	1.265	7.7	0.224817	0.000358863
0	1.265	7.9	0.206227	0.000346657
0	1.265	8.1	0.193025	0.000339917
0	1.265	8.3	0.177978	0.00032874
0	1.265	8.5	0.16688	0.000320957
0	1.265	8.7	0.153938	0.000310328
0	1.265	8.9	0.138055	0.000296285
0	1.265	9.1	0.12901	0.0002879
0	1.265	9.3	0.117505	0.000276747
0	1.265	9.5	0.106354	0.000265447
0	1.265	9.7	0.0983592	0.000256138
0	1.265	9.9	0.0847577	0.000239934
0	1.265	10.1	0.0755927	0.000227271
0	1.265	10.3	0.0642827	0.000210945
0	1.265	10.5	0.054663	0.000195737
0	1.265	10.7	0.0467626	0.000181896
0	1.265	10.9	0.0396091	0.000167441
0	1.265	11.1	0.0330667	0.00015415
0	1.265	11.3	0.026775	0.000138843
0	1.265	11.5	0.0218635	0.000125912
0	1.265	11.7	0.0160042	0.00010816
0	1.265	11.9	0.0124325	9.53239e-05
0	1.265	12.1	0.00876685	8.02489e-05
0	1.265	12.3	0.00510426	6.13444e-05
0	1.265	12.5	0.00313262	4.81186e-05
0	1.265	12.7	0.00185099	3.69191e-05
0	1.265	12.9	0.000799938	2.43091e-05
0	1.265	13.1	0.000405987	1.73711e-05
0	1.265	13.3	0.000106618	8.88439e-06
0	1.265	13.5	4.65764e-05	5.86794e-06
0	1.265	13.7	1.32936e-05	3.1333e-06
0	1.265	13.9	0	0
0	1.265	14.1	0	0
0	1.265	14.3	0	0
0	1.265	14.5	0	0
0	1.265	14.7	0	0
0	1.265	14.9	0	0
0	1.265	15.1	0	0
0	1.265	15.3	0	0
0	1.265	15.5	0	0
0	1.265	15.7	0	0
0	1.265	15.9	0	0
0	1.275	0.1	1	0
0	1.275	0.3	1	0
0	1.275	0.5	1	0
0	1.275	0.7	1	0
0	1.275	0.9	1	0
0	1.275	1.1	1	0
0	1.275	1.3	1	0
0	1.275	1.5	1	0
0	1.275	1.7	1	0
0	1.275	1.9	1	0
0	1.275	2.1	1	0
0	1.275	2.3	1	0
0	1.275	2.5	1	0
0	1.275	2.7	1	0
0	1.275	2.9	1	0
0	1.275	3.1	0.999953	5.92278e-06
0	1.275	3.3	0.99826	3.59768e-05
0	1.275	3.5	0.990008	8.56154e-05
0	1.275	3.7	0.964401	0.000159543
0	1.275	3.9	0.91844	0.000235494
0	1.275	4.1	0.869611	0.00028915
0	1.275	4.3	0.818286	0.000332363
0	1.275	4.5	0.761234	0.000367052
0	1.275	4.7	0.695956	0.00039552
0	1.275	4.9	0.645205	0.000412365
0	1.275	5.1	0.601559	0.000421429
0	1.275	5.3	0.568268	0.000426316
0	1.275	5.5	0.537938	0.000428357
0	1.275	5.7	0.511594	0.000430152
0	1.275	5.9	0.484161	0.000429854
0	1.275	6.1	0.449226	0.000427675
0	1.275	6.3	0.410895	0.000423097
0	1.275	6.5	0.377921	0.000417424
0	1.275	6.7	0.345417	0.000409315
0	1.275	6.9	0.314826	0.000399963
0	1.275	7.1	0.291582	0.000390416
0	1.275	7.3	0.270218	0.000382048
0	1.275	7.5	0.248585	0.000372258
0	1.275	7.7	0.234721	0.00036496
0	1.275	7.9	0.217134	0.000354943
0	1.275	8.1	0.204765	0.000346573
0	1.275	8.3	0.193752	0.000340322
0	1.275	8.5	0.178532	0.000329169
0	1.275	8.7	0.167836	0.000320595
0	1.275	8.9	0.155958	0.000312265
0	1.275	9.1	0.146743	0.000303608
0	1.275	9.3	0.137156	0.000296079
0	1.275	9.5	0.131403	0.000290892
0	1.275	9.7	0.118908	0.00027856
0	1.275	9.9	0.107228	0.000265584
0	1.275	10.1	0.0973381	0.000254991
0	1.275	10.3	0.0896312	0.000245895
0	1.275	10.5	0.0804421	0.000234339
0	1.275	10.7	0.0719377	0.000222761
0	1.275	10.9	0.0637989	0.000210828
0	1.275	11.1	0.0563481	0.00019847
0	1.275	11.3	0.0493992	0.00018631
0	1.275	11.5	0.0416605	0.000172002
0	1.275	11.7	0.0355214	0.00015886
0	1.275	11.9	0.0294916	0.000145962
0	1.275	12.1	0.021631	0.000125196
0	1.275	12.3	0.0157553	0.000107195
0	1.275	12.5	0.0105981	8.80876e-05
0	1.275	12.7	0.00652545	6.92948e-05
0	1.275	12.9	0.00367696	5.20398e-05
0	1.275	13.1	0.00214604	3.98356e-05
0	1.275	13.3	0.00115731	2.92282e-05
0	1.275	13.5	0.000480982	1.89194e-05
0	1.275	13.7	0.000166761	1.11165e-05
0	1.275	13.9	3.76943e-05	5.27816e-06
0	1.275	14.1	2.22233e-05	4.05736e-06
0	1.275	14.3	0	0
0	1.275	14.5	0	0
0	1.275	14.7	0	0
0	1.275	14.9	0	0
0	1.275	15.1	0	0
0	1.275	15.3	0	0
0	1.275	15.5	0	0
0	1.275	15.7	0	0
0	1.275	15.9	0	0
0	1.285	0.1	1	0
0	1.285	0.3	1	0
0	1.285	0.5	1	0
0	1.285	0.7	1	0
0	1.285	0.9	1	0
0	1.285	1.1	1	0
0	1.285	1.3	1	0
0	1.285	1.5	1	0
0	1.285	1.7	1	0
0	1.285	1.9	1	0
0	1.285	2.1	1	0
0	1.285	2.3	1	0
0	1.285	2.5	1	0
0	1.285	2.7	1	0
0	1.285	2.9	1	0
0	1.285	3.1	0.99999	2.76829e-06
0	1.285	3.3	0.999018	2.69353e-05
0	1.285	3.5	0.991926	7.70425e-05
0	1.285	3.7	0.968584	0.000150579
0	1.285	3.9	0.926752	0.000224183
0	1.285	4.1	0.877776	0.000281028
0	1.285	4.3	0.826537	0.000325696
0	1.285	4.5	0.762748	0.000366582
0	1.285	4.7	0.703966	0.00039251
0	1.285	4.9	0.648599	0.000408931
0	1.285	5.1	0.609775	0.000419724
0	1.285	5.3	0.571794	0.000424199
0	1.285	5.5	0.541182	0.000428927
0	1.285	5.7	0.518137	0.00043041
0	1.285	5.9	0.489571	0.000429858
0	1.285	6.1	0.454643	0.00042786
0	1.285	6.3	0.415407	0.000424351
0	1.285	6.5	0.381372	0.000418134
0	1.285	6.7	0.348162	0.000408604
0	1.285	6.9	0.319978	0.000401042
0	1.285	7.1	0.294598	0.000393479
0	1.285	7.3	0.274923	0.000383769
0	1.285	7.5	0.255851	0.000375368
0	1.285	7.7	0.238419	0.000365822
0	1.285	7.9	0.223872	0.000359044
0	1.285	8.1	0.210756	0.000351396
0	1.285	8.3	0.198809	0.000343587
0	1.285	8.5	0.186308	0.000334799
0	1.285	8.7	0.177144	0.000327715
0	1.285	8.9	0.166695	0.000321065
0	1.285	9.1	0.158472	0.000314445
0	1.285	9.3	0.151521	0.000309273
0	1.285	9.5	0.140372	0.000299322
0	1.285	9.7	0.13223	0.000291294
0	1.285	9.9	0.120996	0.000280451
0	1.285	10.1	0.115123	0.000274778
0	1.285	10.3	0.107487	0.000266454
0	1.285	10.5	0.0991583	0.000256738
0	1.285	10.7	0.0925335	0.000249433
0	1.285	10.9	0.0867108	0.00024225
0	1.285	11.1	0.0808344	0.000234072
0	1.285	11.3	0.0734991	0.000224873
0	1.285	11.5	0.0654842	0.000212337
0	1.285	11.7	0.0595228	0.000203451
0	1.285	11.9	0.0524854	0.000191768
0	1.285	12.1	0.0409037	0.000170686
0	1.285	12.3	0.0326865	0.000153309
0	1.285	12.5	0.0245211	0.000132737
0	1.285	12.7	0.0182518	0.000115089
0	1.285	12.9	0.0113025	9.07298e-05
0	1.285	13.1	0.00798304	7.6577e-05
0	1.285	13.3	0.00453877	5.76699e-05
0	1.285	13.5	0.00202404	3.8614e-05
0	1.285	13.7	0.000988152	2.70314e-05
0	1.285	13.9	0.000431297	1.78893e-05
0	1.285	14.1	0.000142773	1.02497e-05
0	1.285	14.3	1.70274e-05	3.55042e-06
0	1.285	14.5	1.99036e-05	3.83042e-06
0	1.285	14.7	0	0
0	1.285	14.9	0	0
0	1.285	15.1	0	0
0	1.285	15.3	0	0
0	1.285	15.5	0	0
0	1.285	15.7	0	0
0	1.285	15.9	0	0
0	1.295	0.1	1	0
0	1.295	0.3	1	0
0	1.295	0.5	1	0
0	1.295	0.7	1	0
0	1.295	0.9	1	0
0	1.295	1.1	1	0
0	1.295	1.3	1	0
0	1.295	1.5	1	0
0	1.295	1.7	1	0
0	1.295	1.9	1	0
0	1.295	2.1	1	0
0	1.295	2.3	1	0
0	1.295	2.5	1	0
0	1.295	2.7	1	0
0	1.295	2.9	1	0
0	1.295	3.1	1	0
0	1.295	3.3	0.99919	2.44311e-05
0	1.295	3.5	0.99342	6.95091e-05
0	1.295	3.7	0.972022	0.000141801
0	1.295	3.9	0.93212	0.000216295
0	1.295	4.1	0.885024	0.000274331
0	1.295	4.3	0.830167	0.000322541
0	1.295	4.5	0.774065	0.000359322
0	1.295	4.7	0.707388	0.000390958
0	1.295	4.9	0.654344	0.000410033
0	1.295	5.1	0.611315	0.000419493
0	1.295	5.3	0.574532	0.000425643
0	1.295	5.5	0.546716	0.00042956
0	1.295	5.7	0.522354	0.000429832
0	1.295	5.9	0.492758	0.000428975
0	1.295	6.1	0.460271	0.000428427
0	1.295	6.3	0.420981	0.000424519
0	1.295	6.5	0.382657	0.000417777
0	1.295	6.7	0.349452	0.000408825
0	1.295	6.9	0.321896	0.000401371
0	1.295	7.1	0.296525	0.000393484
0	1.295	7.3	0.275244	0.000383541
0	1.295	7.5	0.258278	0.000375897
0	1.295	7.7	0.241107	0.000368329
0	1.295	7.9	0.228363	0.000361129
0	1.295	8.1	0.214373	0.000353203
0	1.295	8.3	0.203057	0.000344976
0	1.295	8.5	0.191407	0.000338207
0	1.295	8.7	0.180941	0.000329776
0	1.295	8.9	0.171109	0.000324045
0	1.295	9.1	0.161768	0.000316759
0	1.295	9.3	0.152398	0.000308885
0	1.295	9.5	0.145586	0.000303226
0	1.295	9.7	0.139168	0.000297908
0	1.295	9.9	0.132308	0.000291113
0	1.295	10.1	0.123554	0.000282552
0	1.295	10.3	0.116479	0.000276516
0	1.295	10.5	0.111613	0.000270456
0	1.295	10.7	0.104857	0.000263402
0	1.295	10.9	0.100638	0.00025824
0	1.295	11.1	0.0952396	0.000252269
0	1.295	11.3	0.0880416	0.000244228
0	1.295	11.5	0.083986	0.00023866
0	1.295	11.7	0.0777142	0.000229966
0	1.295	11.9	0.071961	0.000222031
0	1.295	12.1	0.0616005	0.000206713
0	1.295	12.3	0.0536663	0.000193891
0	1.295	12.5	0.0436019	0.000175398
0	1.295	12.7	0.0341849	0.000156143
0	1.295	12.9	0.0261781	0.000137217
0	1.295	13.1	0.0203353	0.000121203
0	1.295	13.3	0.0128513	9.70208e-05
0	1.295	13.5	0.00783885	7.57173e-05
0	1.295	13.7	0.00405198	5.47155e-05
0	1.295	13.9	0.00206867	3.92222e-05
0	1.295	14.1	0.00092549	2.61021e-05
0	1.295	14.3	0.000316263	1.53026e-05
0	1.295	14.5	4.14392e-05	5.53742e-06
0	1.295	14.7	1.70049e-05	3.54573e-06
0	1.295	14.9	2.06703e-05	3.90629e-06
0	1.295	15.1	0	0
0	1.295	15.3	0	0
0	1.295	15.5	0	0
0	1.295	15.7	0	0
0	1.295	15.9	0	0
0	1.305	0.1	1	0
0	1.305	0.3	1	0
0	1.305	0.5	1	0
0	1.305	0.7	1	0
0	1.305	0.9	1	0
0	1.305	1.1	1	0
0	1.305	1.3	1	0
0	1.305	1.5	1	0
0	1.305	1.7	1	0
0	1.305	1.9	1	0
0	1.305	2.1	1	0
0	1.305	2.3	1	0
0	1.305	2.5	1	0
0	1.305	2.7	1	0
0	1.305	2.9	1	0
0	1.305	3.1	1	0
0	1.305	3.3	0.99944	2.03364e-05
0	1.305	3.5	0.994679	6.25926e-05
0	1.305	3.7	0.976232	0.000131219
0	1.305	3.9	0.938561	0.000206636
0	1.305	4.1	0.891412	0.00026699
0	1.305	4.3	0.836546	0.00031807
0	1.305	4.5	0.778866	0.000357354
0	1.305	4.7	0.713868	0.000388599
0	1.305	4.9	0.661113	0.00040793
0	1.305	5.1	0.615233	0.000419496
0	1.305	5.3	0.582271	0.000424224
0	1.305	5.5	0.551785	0.000427429
0	1.305	5.7	0.523735	0.000429208
0	1.305	5.9	0.497242	0.000429976
0	1.305	6.1	0.461762	0.00042881
0	1.305	6.3	0.420766	0.000425133
0	1.305	6.5	0.383193	0.000418615
0	1.305	6.7	0.350856	0.000411217
0	1.305	6.9	0.320277	0.000401286
0	1.305	7.1	0.297012	0.00039291
0	1.305	7.3	0.275937	0.000384917
0	1.305	7.5	0.257997	0.000376573
0	1.305	7.7	0.242029	0.000367908
0	1.305	7.9	0.226102	0.000360068
0	1.305	8.1	0.215294	0.000354169
0	1.305	8.3	0.201253	0.000343776
0	1.305	8.5	0.190865	0.0003383
0	1.305	8.7	0.18349	0.000333137
0	1.305	8.9	0.170249	0.000323194
0	1.305	9.1	0.16487	0.000319189
0	1.305	9.3	0.154422	0.000310729
0	1.305	9.5	0.146076	0.000303647
0	1.305	9.7	0.140611	0.000299127
0	1.305	9.9	0.133725	0.000292958
0	1.305	10.1	0.128957	0.000288019
0	1.305	10.3	0.121103	0.000280393
0	1.305	10.5	0.115579	0.00027467
0	1.305	10.7	0.110427	0.000269572
0	1.305	10.9	0.107847	0.000267139
0	1.305	11.1	0.101628	0.000260878
0	1.305	11.3	0.0957806	0.000254009
0	1.305	11.5	0.0930428	0.000249907
0	1.305	11.7	0.0858982	0.000241062
0	1.305	11.9	0.0807666	0.000234772
0	1.305	12.1	0.075239	0.000226948
0	1.305	12.3	0.0690333	0.000217891
0	1.305	12.5	0.0598411	0.000204474
0	1.305	12.7	0.0530835	0.000192855
0	1.305	12.9	0.0437762	0.000176028
0	1.305	13.1	0.0355346	0.000159207
0	1.305	13.3	0.0260483	0.000137154
0	1.305	13.5	0.0183615	0.000115883
0	1.305	13.7	0.01217	9.46917e-05
0	1.305	13.9	0.00718517	7.29934e-05
0	1.305	14.1	0.00422556	5.58996e-05
0	1.305	14.3	0.00193066	3.78705e-05
0	1.305	14.5	0.000761126	2.3753e-05
0	1.305	14.7	0.000219938	1.27392e-05
0	1.305	14.9	0.00010724	8.90532e-06
0	1.305	15.1	1.25743e-05	3.04971e-06
0	1.305	15.3	1.11129e-05	2.86932e-06
0	1.305	15.5	0	0
0	1.305	15.7	0	0
0	1.305	15.9	0	0
0	1.315	0.1	1	0
0	1.315	0.3	1	0
0	1.315	0.5	1	0
0	1.315	0.7	1	0
0	1.315	0.9	1	0
0	1.315	1.1	1	0
0	1.315	1.3	1	0
0	1.315	1.5	1	0
0	1.315	1.7	1	0
0	1.315	1.9	1	0
0	1.315	2.1	1	0
0	1.315	2.3	1	0
0	1.315	2.5	1	0
0	1.315	2.7	1	0
0	1.315	2.9	1	0
0	1.315	3.1	1	0
0	1.315	3.3	0.999629	1.65794e-05
0	1.315	3.5	0.995803	5.55884e-05
0	1.315	3.7	0.979286	0.000122489
0	1.315	3.9	0.942256	0.000201293
0	1.315	4.1	0.894082	0.000264684
0	1.315	4.3	0.840376	0.000314886
0	1.315	4.5	0.783759	0.000353841
0	1.315	4.7	0.721905	0.000385762
0	1.315	4.9	0.662968	0.000406479
0	1.315	5.1	0.617633	0.000417723
0	1.315	5.3	0.582901	0.000423614
0	1.315	5.5	0.551784	0.000428522
0	1.315	5.7	0.525548	0.000430111
0	1.315	5.9	0.497849	0.000430242
0	1.315	6.1	0.464575	0.000428113
0	1.315	6.3	0.420514	0.00042406
0	1.315	6.5	0.383752	0.00041797
0	1.315	6.7	0.351154	0.000412113
0	1.315	6.9	0.320295	0.000400293
0	1.315	7.1	0.297489	0.000392011
0	1.315	7.3	0.277159	0.000384982
0	1.315	7.5	0.258947	0.000375926
0	1.315	7.7	0.244816	0.000370128
0	1.315	7.9	0.227576	0.000360683
0	1.315	8.1	0.214689	0.000353865
0	1.315	8.3	0.201179	0.000346076
0	1.315	8.5	0.191483	0.000338488
0	1.315	8.7	0.184344	0.000332877
0	1.315	8.9	0.172309	0.000325325
0	1.315	9.1	0.164818	0.000319168
0	1.315	9.3	0.153698	0.000310597
0	1.315	9.5	0.147291	0.000306169
0	1.315	9.7	0.141246	0.000299626
0	1.315	9.9	0.134996	0.000294294
0	1.315	10.1	0.127363	0.000286724
0	1.315	10.3	0.123193	0.000283113
0	1.315	10.5	0.115876	0.000275402
0	1.315	10.7	0.113566	0.000272506
0	1.315	10.9	0.10731	0.000266586
0	1.315	11.1	0.102317	0.000260583
0	1.315	11.3	0.100029	0.00025772
0	1.315	11.5	0.0971115	0.000254556
0	1.315	11.7	0.0902271	0.000245978
0	1.315	11.9	0.0851073	0.000240173
0	1.315	12.1	0.0823197	0.000235731
0	1.315	12.3	0.0777555	0.000230461
0	1.315	12.5	0.0733251	0.000224564
0	1.315	12.7	0.0667816	0.000214663
0	1.315	12.9	0.0575828	0.000199769
0	1.315	13.1	0.0515273	0.000190293
0	1.315	13.3	0.0423735	0.00017351
0	1.315	13.5	0.0337334	0.000155619
0	1.315	13.7	0.0254402	0.000135406
0	1.315	13.9	0.017162	0.000111865
0	1.315	14.1	0.0112154	9.05466e-05
0	1.315	14.3	0.0065199	6.92715e-05
0	1.315	14.5	0.00340113	5.01051e-05
0	1.315	14.7	0.00152442	3.35451e-05
0	1.315	14.9	0.000560823	2.04047e-05
0	1.315	15.1	0.000257728	1.37941e-05
0	1.315	15.3	2.06833e-05	3.90873e-06
0	1.315	15.5	3.71921e-05	5.25965e-06
0	1.315	15.7	1.48278e-05	3.31557e-06
0	1.315	15.9	0	0
0	1.325	0.1	1	0
0	1.325	0.3	1	0
0	1.325	0.5	1	0
0	1.325	0.7	1	0
0	1.325	0.9	1	0
0	1.325	1.1	1	0
0	1.325	1.3	1	0
0	1.325	1.5	1	0
0	1.325	1.7	1	0
0	1.325	1.9	1	0
0	1.325	2.1	1	0
0	1.325	2.3	1	0
0	1.325	2.5	1	0
0	1.325	2.7	1	0
0	1.325	2.9	1	0
0	1.325	3.1	1	0
0	1.325	3.3	0.999674	1.54923e-05
0	1.325	3.5	0.996635	4.98922e-05
0	1.325	3.7	0.982538	0.000112797
0	1.325	3.9	0.948479	0.00019
0	1.325	4.1	0.899057	0.000259442
0	1.325	4.3	0.845803	0.00031053
0	1.325	4.5	0.788808	0.000350545
0	1.325	4.7	0.72568	0.000383647
0	1.325	4.9	0.667753	0.000405639
0	1.325	5.1	0.624581	0.000415993
0	1.325	5.3	0.585196	0.000423266
0	1.325	5.5	0.556167	0.000427329
0	1.325	5.7	0.532251	0.000430007
0	1.325	5.9	0.501785	0.000430208
0	1.325	6.1	0.465944	0.000428887
0	1.325	6.3	0.422241	0.000424819
0	1.325	6.5	0.382738	0.000417627
0	1.325	6.7	0.35054	0.000410974
0	1.325	6.9	0.321052	0.000401629
0	1.325	7.1	0.294299	0.000391784
0	1.325	7.3	0.276348	0.000385165
0	1.325	7.5	0.258132	0.000376934
0	1.325	7.7	0.240178	0.000367483
0	1.325	7.9	0.225815	0.000358786
0	1.325	8.1	0.21352	0.000352312
0	1.325	8.3	0.200395	0.000343745
0	1.325	8.5	0.189977	0.000337377
0	1.325	8.7	0.178164	0.000329381
0	1.325	8.9	0.171792	0.000325007
0	1.325	9.1	0.163063	0.000318492
0	1.325	9.3	0.153636	0.000310104
0	1.325	9.5	0.148298	0.000305321
0	1.325	9.7	0.142251	0.000300422
0	1.325	9.9	0.135004	0.000293982
0	1.325	10.1	0.129021	0.000288878
0	1.325	10.3	0.123357	0.000283308
0	1.325	10.5	0.119054	0.000278571
0	1.325	10.7	0.113535	0.000272294
0	1.325	10.9	0.106936	0.000265154
0	1.325	11.1	0.102389	0.000261494
0	1.325	11.3	0.0992053	0.000257445
0	1.325	11.5	0.0955927	0.000252977
0	1.325	11.7	0.089429	0.000245816
0	1.325	11.9	0.0870124	0.000242146
0	1.325	12.1	0.0856036	0.000240682
0	1.325	12.3	0.0817743	0.000235763
0	1.325	12.5	0.0776517	0.000229733
0	1.325	12.7	0.073275	0.000224519
0	1.325	12.9	0.0702695	0.000219262
0	1.325	13.1	0.062408	0.000208406
0	1.325	13.3	0.055424	0.00019664
0	1.325	13.5	0.0479273	0.00018416
0	1.325	13.7	0.0389032	0.000166002
0	1.325	13.9	0.0302421	0.000147333
0	1.325	14.1	0.0224438	0.000127223
0	1.325	14.3	0.0158146	0.000107475
0	1.325	14.5	0.00998232	8.55953e-05
0	1.325	14.7	0.00558041	6.418e-05
0	1.325	14.9	0.00286132	4.59233e-05
0	1.325	15.1	0.00118803	2.96738e-05
0	1.325	15.3	0.000516063	1.95282e-05
0	1.325	15.5	0.000158202	1.08136e-05
0	1.325	15.7	0.000101864	8.67078e-06
0	1.325	15.9	6.79036e-05	7.0792e-06
0	1.335	0.1	1	0
0	1.335	0.3	1	0
0	1.335	0.5	1	0
0	1.335	0.7	1	0
0	1.335	0.9	1	0
0	1.335	1.1	1	0
0	1.335	1.3	1	0
0	1.335	1.5	1	0
0	1.335	1.7	1	0
0	1.335	1.9	1	0
0	1.335	2.1	1	0
0	1.335	2.3	1	0
0	1.335	2.5	1	0
0	1.335	2.7	1	0
0	1.335	2.9	1	0
0	1.335	3.1	1	0
0	1.335	3.3	0.999772	1.29954e-05
0	1.335	3.5	0.997412	4.36033e-05
0	1.335	3.7	0.984253	0.000107105
0	1.335	3.9	0.952801	0.000182716
0	1.335	4.1	0.905907	0.000251204
0	1.335	4.3	0.853329	0.000305289
0	1.335	4.5	0.794507	0.000346807
0	1.335	4.7	0.731072	0.000381691
0	1.335	4.9	0.671827	0.000402863
0	1.335	5.1	0.626448	0.000416296
0	1.335	5.3	0.591271	0.000422735
0	1.335	5.5	0.558778	0.000426235
0	1.335	5.7	0.531619	0.000429461
0	1.335	5.9	0.504063	0.000429064
0	1.335	6.1	0.467432	0.000429217
0	1.335	6.3	0.424719	0.000425732
0	1.335	6.5	0.37984	0.000417456
0	1.335	6.7	0.351672	0.000410363
0	1.335	6.9	0.320137	0.000401023
0	1.335	7.1	0.294231	0.000393459
0	1.335	7.3	0.276645	0.000383965
0	1.335	7.5	0.25741	0.000376356
0	1.335	7.7	0.240484	0.000368234
0	1.335	7.9	0.228776	0.000360738
0	1.335	8.1	0.213819	0.000353034
0	1.335	8.3	0.201134	0.000344577
0	1.335	8.5	0.19002	0.000337719
0	1.335	8.7	0.183488	0.000333663
0	1.335	8.9	0.172042	0.000324559
0	1.335	9.1	0.164772	0.000319157
0	1.335	9.3	0.155725	0.000312395
0	1.335	9.5	0.14831	0.000305261
0	1.335	9.7	0.142316	0.00030075
0	1.335	9.9	0.136136	0.000294316
0	1.335	10.1	0.129714	0.000288994
0	1.335	10.3	0.122153	0.000281301
0	1.335	10.5	0.117192	0.000276877
0	1.335	10.7	0.111395	0.000269722
0	1.335	10.9	0.106349	0.000265144
0	1.335	11.1	0.101632	0.000260164
0	1.335	11.3	0.0978304	0.000255602
0	1.335	11.5	0.0943549	0.000251306
0	1.335	11.7	0.0904661	0.00024643
0	1.335	11.9	0.0872764	0.000243218
0	1.335	12.1	0.0848989	0.000239833
0	1.335	12.3	0.0825563	0.000236287
0	1.335	12.5	0.0792631	0.000232318
0	1.335	12.7	0.0764697	0.000228638
0	1.335	12.9	0.0710085	0.000220252
0	1.335	13.1	0.0669503	0.000214687
0	1.335	13.3	0.0624698	0.000207947
0	1.335	13.5	0.0571556	0.000199395
0	1.335	13.7	0.0504809	0.000188354
0	1.335	13.9	0.0446151	0.000177641
0	1.335	14.1	0.0373708	0.000163093
0	1.335	14.3	0.0292112	0.000144892
0	1.335	14.5	0.0205555	0.000122431
0	1.335	14.7	0.0138927	0.00010063
0	1.335	14.9	0.00847754	7.89342e-05
0	1.335	15.1	0.00458524	5.80055e-05
0	1.335	15.3	0.00238444	4.19832e-05
0	1.335	15.5	0.00118714	2.95228e-05
0	1.335	15.7	0.000704809	2.2823e-05
0	1.335	15.9	0.000643652	2.18023e-05
0	1.345	0.1	1	0
0	1.345	0.3	1	0
0	1.345	0.5	1	0
0	1.345	0.7	1	0
0	1.345	0.9	1	0
0	1.345	1.1	1	0
0	1.345	1.3	1	0
0	1.345	1.5	1	0
0	1.345	1.7	1	0
0	1.345	1.9	1	0
0	1.345	2.1	1	0
0	1.345	2.3	1	0
0	1.345	2.5	1	0
0	1.345	2.7	1	0
0	1.345	2.9	1	0
0	1.345	3.1	1	0
0	1.345	3.3	0.999818	1.16086e-05
0	1.345	3.5	0.997616	4.19809e-05
0	1.345	3.7	0.986974	9.7369e-05
0	1.345	3.9	0.955985	0.000176356
0	1.345	4.1	0.910229	0.000245746
0	1.345	4.3	0.858837	0.000299921
0	1.345	4.5	0.802208	0.000342352
0	1.345	4.7	0.736534	0.000378204
0	1.345	4.9	0.679012	0.000402118
0	1.345	5.1	0.631343	0.000414641
0	1.345	5.3	0.593944	0.000421999
0	1.345	5.5	0.563388	0.000426555
0	1.345	5.7	0.535192	0.000428191
0	1.345	5.9	0.506448	0.00042914
0	1.345	6.1	0.467385	0.000428947
0	1.345	6.3	0.42233	0.000425101
0	1.345	6.5	0.383432	0.000418763
0	1.345	6.7	0.346781	0.000410065
0	1.345	6.9	0.318143	0.000400669
0	1.345	7.1	0.295022	0.000391592
0	1.345	7.3	0.27413	0.000384417
0	1.345	7.5	0.258617	0.000376877
0	1.345	7.7	0.242318	0.000368489
0	1.345	7.9	0.228158	0.00036063
0	1.345	8.1	0.211051	0.000351289
0	1.345	8.3	0.201464	0.00034451
0	1.345	8.5	0.190178	0.000338276
0	1.345	8.7	0.179312	0.00033059
0	1.345	8.9	0.17175	0.000324932
0	1.345	9.1	0.161798	0.000315434
0	1.345	9.3	0.153895	0.000309958
0	1.345	9.5	0.146466	0.000303912
0	1.345	9.7	0.140953	0.000299115
0	1.345	9.9	0.134283	0.000293461
0	1.345	10.1	0.128987	0.00028768
0	1.345	10.3	0.123637	0.000282544
0	1.345	10.5	0.117655	0.00027757
0	1.345	10.7	0.110607	0.000269527
0	1.345	10.9	0.107819	0.000266433
0	1.345	11.1	0.102191	0.000260027
0	1.345	11.3	0.0975013	0.000255112
0	1.345	11.5	0.0943221	0.00025156
0	1.345	11.7	0.0921449	0.000248467
0	1.345	11.9	0.0865935	0.000242356
0	1.345	12.1	0.0863087	0.000241681
0	1.345	12.3	0.0819882	0.000236576
0	1.345	12.5	0.0803577	0.000233705
0	1.345	12.7	0.0768865	0.000229318
0	1.345	12.9	0.073997	0.000225417
0	1.345	13.1	0.0701699	0.000219472
0	1.345	13.3	0.0663756	0.000213944
0	1.345	13.5	0.0629662	0.000208703
0	1.345	13.7	0.058514	0.000201807
0	1.345	13.9	0.0535979	0.000193475
0	1.345	14.1	0.0478825	0.000183672
0	1.345	14.3	0.0406758	0.000170512
0	1.345	14.5	0.0330647	0.000153599
0	1.345	14.7	0.0246079	0.000133323
0	1.345	14.9	0.0184294	0.000115578
0	1.345	15.1	0.011106	9.02742e-05
0	1.345	15.3	0.00720636	7.28416e-05
0	1.345	15.5	0.00442331	5.70353e-05
0	1.345	15.7	0.00333632	4.97238e-05
0	1.345	15.9	0.00332982	4.94292e-05
0	1.355	0.1	1	0
0	1.355	0.3	1	0
0	1.355	0.5	1	0
0	1.355	0.7	1	0
0	1.355	0.9	1	0
0	1.355	1.1	1	0
0	1.355	1.3	1	0
0	1.355	1.5	1	0
0	1.355	1.7	1	0
0	1.355	1.9	1	0
0	1.355	2.1	1	0
0	1.355	2.3	1	0
0	1.355	2.5	1	0
0	1.355	2.7	1	0
0	1.355	2.9	1	0
0	1.355	3.1	1	0
0	1.355	3.3	0.999917	7.8377e-06
0	1.355	3.5	0.998171	3.66827e-05
0	1.355	3.7	0.988433	9.19162e-05
0	1.355	3.9	0.960883	0.00016701
0	1.355	4.1	0.91594	0.000238824
0	1.355	4.3	0.862376	0.000296016
0	1.355	4.5	0.803242	0.000342122
0	1.355	4.7	0.74288	0.000375789
0	1.355	4.9	0.683817	0.000399786
0	1.355	5.1	0.63592	0.000413383
0	1.355	5.3	0.597365	0.000421609
0	1.355	5.5	0.56476	0.000427711
0	1.355	5.7	0.53985	0.000427464
0	1.355	5.9	0.505742	0.000429529
0	1.355	6.1	0.470929	0.000428738
0	1.355	6.3	0.425493	0.00042479
0	1.355	6.5	0.380199	0.000416758
0	1.355	6.7	0.346781	0.000410256
0	1.355	6.9	0.316508	0.000399966
0	1.355	7.1	0.295802	0.000391926
0	1.355	7.3	0.273508	0.000383011
0	1.355	7.5	0.255409	0.000375407
0	1.355	7.7	0.237778	0.00036642
0	1.355	7.9	0.225647	0.00035901
0	1.355	8.1	0.213231	0.00035298
0	1.355	8.3	0.200203	0.000343883
0	1.355	8.5	0.190282	0.000336904
0	1.355	8.7	0.179693	0.000331022
0	1.355	8.9	0.171282	0.000323784
0	1.355	9.1	0.161986	0.000318181
0	1.355	9.3	0.155479	0.000311849
0	1.355	9.5	0.146461	0.00030299
0	1.355	9.7	0.140591	0.000299325
0	1.355	9.9	0.133952	0.000293507
0	1.355	10.1	0.126549	0.00028598
0	1.355	10.3	0.122698	0.000281815
0	1.355	10.5	0.116163	0.000275441
0	1.355	10.7	0.110955	0.000270522
0	1.355	10.9	0.105952	0.000265096
0	1.355	11.1	0.101436	0.000260464
0	1.355	11.3	0.0972596	0.000254901
0	1.355	11.5	0.094893	0.000252169
0	1.355	11.7	0.0884139	0.00024446
0	1.355	11.9	0.0883474	0.000244177
0	1.355	12.1	0.086263	0.00024105
0	1.355	12.3	0.0827254	0.000237083
0	1.355	12.5	0.0796418	0.000233576
0	1.355	12.7	0.077142	0.000229663
0	1.355	12.9	0.0720215	0.000222357
0	1.355	13.1	0.0704939	0.000219511
0	1.355	13.3	0.0677982	0.00021643
0	1.355	13.5	0.0647003	0.000211803
0	1.355	13.7	0.0617476	0.000207644
0	1.355	13.9	0.0577391	0.000200762
0	1.355	14.1	0.05448	0.000194453
0	1.355	14.3	0.0500119	0.0001877
0	1.355	14.5	0.0449136	0.000178402
0	1.355	14.7	0.036444	0.000161712
0	1.355	14.9	0.0290176	0.000144162
0	1.355	15.1	0.0218587	0.000125829
0	1.355	15.3	0.0152941	0.000105579
0	1.355	15.5	0.0117389	9.27547e-05
0	1.355	15.7	0.00968119	8.40239e-05
0	1.355	15.9	0.00944599	8.3106e-05
0	1.365	0.1	1	0
0	1.365	0.3	1	0
0	1.365	0.5	1	0
0	1.365	0.7	1	0
0	1.365	0.9	1	0
0	1.365	1.1	1	0
0	1.365	1.3	1	0
0	1.365	1.5	1	0
0	1.365	1.7	1	0
0	1.365	1.9	1	0
0	1.365	2.1	1	0
0	1.365	2.3	1	0
0	1.365	2.5	1	0
0	1.365	2.7	1	0
0	1.365	2.9	1	0
0	1.365	3.1	1	0
0	1.365	3.3	0.999941	6.5902e-06
0	1.365	3.5	0.9987	3.10325e-05
0	1.365	3.7	0.990014	8.561e-05
0	1.365	3.9	0.964496	0.00015946
0	1.365	4.1	0.920837	0.000231972
0	1.365	4.3	0.869591	0.000289865
0	1.365	4.5	0.813335	0.000335829
0	1.365	4.7	0.747433	0.000373413
0	1.365	4.9	0.687207	0.000399304
0	1.365	5.1	0.636926	0.000413126
0	1.365	5.3	0.59717	0.000421862
0	1.365	5.5	0.570265	0.000426128
0	1.365	5.7	0.540299	0.00042821
0	1.365	5.9	0.509961	0.000430133
0	1.365	6.1	0.472591	0.000428971
0	1.365	6.3	0.42535	0.0004268
0	1.365	6.5	0.385014	0.000418049
0	1.365	6.7	0.345984	0.000410016
0	1.365	6.9	0.319299	0.000401013
0	1.365	7.1	0.293316	0.000392274
0	1.365	7.3	0.274806	0.000384676
0	1.365	7.5	0.256048	0.000375481
0	1.365	7.7	0.238419	0.000365836
0	1.365	7.9	0.225179	0.000358974
0	1.365	8.1	0.210127	0.000350033
0	1.365	8.3	0.201704	0.000345413
0	1.365	8.5	0.188019	0.000336101
0	1.365	8.7	0.180553	0.000330719
0	1.365	8.9	0.170644	0.00032353
0	1.365	9.1	0.160799	0.000316207
0	1.365	9.3	0.155103	0.00031073
0	1.365	9.5	0.146525	0.000304068
0	1.365	9.7	0.141715	0.000298877
0	1.365	9.9	0.135114	0.000295221
0	1.365	10.1	0.127115	0.000286065
0	1.365	10.3	0.120698	0.000280593
0	1.365	10.5	0.115615	0.000275872
0	1.365	10.7	0.110327	0.000268952
0	1.365	10.9	0.106155	0.000264571
0	1.365	11.1	0.100949	0.0002592
0	1.365	11.3	0.0979912	0.000256075
0	1.365	11.5	0.0934514	0.000250432
0	1.365	11.7	0.0900614	0.000246491
0	1.365	11.9	0.0886143	0.000244296
0	1.365	12.1	0.0839988	0.000238776
0	1.365	12.3	0.0832284	0.000237765
0	1.365	12.5	0.0792204	0.0002327
0	1.365	12.7	0.077413	0.000230486
0	1.365	12.9	0.0724733	0.000222998
0	1.365	13.1	0.0711151	0.000221569
0	1.365	13.3	0.0670064	0.000214998
0	1.365	13.5	0.0658332	0.0002131
0	1.365	13.7	0.0608824	0.000205863
0	1.365	13.9	0.0578697	0.000200442
0	1.365	14.1	0.057058	0.000199299
0	1.365	14.3	0.0539345	0.000194045
0	1.365	14.5	0.0497334	0.000187688
0	1.365	14.7	0.045604	0.000179597
0	1.365	14.9	0.0395344	0.000167589
0	1.365	15.1	0.0325844	0.000152387
0	1.365	15.3	0.0253806	0.000135357
0	1.365	15.5	0.0218795	0.000125667
0	1.365	15.7	0.0192551	0.000118092
0	1.365	15.9	0.0176152	0.000113485
0	1.375	0.1	1	0
0	1.375	0.3	1	0
0	1.375	0.5	1	0
0	1.375	0.7	1	0
0	1.375	0.9	1	0
0	1.375	1.1	1	0
0	1.375	1.3	1	0
0	1.375	1.5	1	0
0	1.375	1.7	1	0
0	1.375	1.9	1	0
0	1.375	2.1	1	0
0	1.375	2.3	1	0
0	1.375	2.5	1	0
0	1.375	2.7	1	0
0	1.375	2.9	1	0
0	1.375	3.1	1	0
0	1.375	3.3	0.99998	3.8632e-06
0	1.375	3.5	0.9989	2.8534e-05
0	1.375	3.7	0.991123	8.041e-05
0	1.375	3.9	0.968147	0.000150858
0	1.375	4.1	0.925481	0.000226631
0	1.375	4.3	0.874377	0.000285691
0	1.375	4.5	0.816725	0.000332741
0	1.375	4.7	0.751328	0.000372052
0	1.375	4.9	0.689197	0.000398756
0	1.375	5.1	0.640501	0.000413097
0	1.375	5.3	0.60517	0.000421052
0	1.375	5.5	0.564592	0.000426409
0	1.375	5.7	0.543718	0.000427961
0	1.375	5.9	0.509321	0.000428916
0	1.375	6.1	0.471309	0.000429735
0	1.375	6.3	0.425853	0.000426387
0	1.375	6.5	0.381599	0.000417138
0	1.375	6.7	0.347672	0.000408149
0	1.375	6.9	0.315865	0.000399785
0	1.375	7.1	0.296163	0.000391812
0	1.375	7.3	0.274173	0.000383475
0	1.375	7.5	0.254011	0.000373995
0	1.375	7.7	0.242774	0.000367274
0	1.375	7.9	0.224906	0.000359357
0	1.375	8.1	0.21	0.000350715
0	1.375	8.3	0.199195	0.000344276
0	1.375	8.5	0.187472	0.000336034
0	1.375	8.7	0.17912	0.000328851
0	1.375	8.9	0.170856	0.000323859
0	1.375	9.1	0.161561	0.000316673
0	1.375	9.3	0.152961	0.000309396
0	1.375	9.5	0.146352	0.00030411
0	1.375	9.7	0.139259	0.000297213
0	1.375	9.9	0.133925	0.000293473
0	1.375	10.1	0.12635	0.000285399
0	1.375	10.3	0.121302	0.000280932
0	1.375	10.5	0.115768	0.000275953
0	1.375	10.7	0.111014	0.000271272
0	1.375	10.9	0.104518	0.000263324
0	1.375	11.1	0.103091	0.000262414
0	1.375	11.3	0.0966462	0.000254262
0	1.375	11.5	0.0934202	0.000250178
0	1.375	11.7	0.0904798	0.000246379
0	1.375	11.9	0.0874968	0.00024321
0	1.375	12.1	0.083842	0.000238547
0	1.375	12.3	0.0826663	0.0002372
0	1.375	12.5	0.0809958	0.000234455
0	1.375	12.7	0.0755952	0.000227684
0	1.375	12.9	0.0745362	0.000225417
0	1.375	13.1	0.0680025	0.000216782
0	1.375	13.3	0.0675913	0.00021633
0	1.375	13.5	0.0649105	0.000212065
0	1.375	13.7	0.0618472	0.00020696
0	1.375	13.9	0.0597704	0.000204279
0	1.375	14.1	0.0572397	0.000200382
0	1.375	14.3	0.0565673	0.000198742
0	1.375	14.5	0.0521585	0.000191402
0	1.375	14.7	0.0491929	0.000186004
0	1.375	14.9	0.0455937	0.000179575
0	1.375	15.1	0.0403807	0.000169632
0	1.375	15.3	0.0363509	0.000160901
0	1.375	15.5	0.0323494	0.000152581
0	1.375	15.7	0.0279012	0.000141789
0	1.375	15.9	0.0245556	0.000133163
0	1.385	0.1	1	0
0	1.385	0.3	1	0
0	1.385	0.5	1	0
0	1.385	0.7	1	0
0	1.385	0.9	1	0
0	1.385	1.1	1	0
0	1.385	1.3	1	0
0	1.385	1.5	1	0
0	1.385	1.7	1	0
0	1.385	1.9	1	0
0	1.385	2.1	1	0
0	1.385	2.3	1	0
0	1.385	2.5	1	0
0	1.385	2.7	1	0
0	1.385	2.9	1	0
0	1.385	3.1	1	0
0	1.385	3.3	1	0
0	1.385	3.5	0.999136	2.52761e-05
0	1.385	3.7	0.99271	7.32184e-05
0	1.385	3.9	0.970272	0.000146
0	1.385	4.1	0.92927	0.000220962
0	1.385	4.3	0.876595	0.000283283
0	1.385	4.5	0.819267	0.000331505
0	1.385	4.7	0.753533	0.000371559
0	1.385	4.9	0.692913	0.000395666
0	1.385	5.1	0.643083	0.000411919
0	1.385	5.3	0.605617	0.0004203
0	1.385	5.5	0.572174	0.000426376
0	1.385	5.7	0.543989	0.000428074
0	1.385	5.9	0.514316	0.000430378
0	1.385	6.1	0.473844	0.00042999
0	1.385	6.3	0.426308	0.000425193
0	1.385	6.5	0.379138	0.000417398
0	1.385	6.7	0.344019	0.000407514
0	1.385	6.9	0.315097	0.000399943
0	1.385	7.1	0.29312	0.000391124
0	1.385	7.3	0.273248	0.000383688
0	1.385	7.5	0.255697	0.00037488
0	1.385	7.7	0.239773	0.000367277
0	1.385	7.9	0.2258	0.000358682
0	1.385	8.1	0.209944	0.000350029
0	1.385	8.3	0.20082	0.000345355
0	1.385	8.5	0.189447	0.000337398
0	1.385	8.7	0.17797	0.000329169
0	1.385	8.9	0.168074	0.000321336
0	1.385	9.1	0.160626	0.000315763
0	1.385	9.3	0.15457	0.00031122
0	1.385	9.5	0.145961	0.000302924
0	1.385	9.7	0.138599	0.000297966
0	1.385	9.9	0.134423	0.000293662
0	1.385	10.1	0.126442	0.000286238
0	1.385	10.3	0.119406	0.000278797
0	1.385	10.5	0.115072	0.000274997
0	1.385	10.7	0.108925	0.000267878
0	1.385	10.9	0.103624	0.000262629
0	1.385	11.1	0.100182	0.000258176
0	1.385	11.3	0.0960292	0.000253329
0	1.385	11.5	0.0912925	0.000247579
0	1.385	11.7	0.0898171	0.000246033
0	1.385	11.9	0.0873981	0.000242371
0	1.385	12.1	0.0834732	0.00023768
0	1.385	12.3	0.0814593	0.000234688
0	1.385	12.5	0.0797923	0.000233402
0	1.385	12.7	0.0758473	0.0002276
0	1.385	12.9	0.07327	0.000223674
0	1.385	13.1	0.070876	0.000220855
0	1.385	13.3	0.0661775	0.000213261
0	1.385	13.5	0.064073	0.000210686
0	1.385	13.7	0.0613131	0.000206359
0	1.385	13.9	0.0595487	0.000203913
0	1.385	14.1	0.0550844	0.000195619
0	1.385	14.3	0.0547657	0.000196393
0	1.385	14.5	0.0541805	0.000194827
0	1.385	14.7	0.0516015	0.00019023
0	1.385	14.9	0.0495384	0.000187481
0	1.385	15.1	0.0465453	0.000180926
0	1.385	15.3	0.0417789	0.000172547
0	1.385	15.5	0.0383099	0.000164987
0	1.385	15.7	0.034347	0.000156289
0	1.385	15.9	0.031472	0.000150171
0	1.395	0.1	1	0
0	1.395	0.3	1	0
0	1.395	0.5	1	0
0	1.395	0.7	1	0
0	1.395	0.9	1	0
0	1.395	1.1	1	0
0	1.395	1.3	1	0
0	1.395	1.5	1	0
0	1.395	1.7	1	0
0	1.395	1.9	1	0
0	1.395	2.1	1	0
0	1.395	2.3	1	0
0	1.395	2.5	1	0
0	1.395	2.7	1	0
0	1.395	2.9	1	0
0	1.395	3.1	1	0
0	1.395	3.3	1	0
0	1.395	3.5	0.999386	2.12981e-05
0	1.395	3.7	0.994113	6.58251e-05
0	1.395	3.9	0.973341	0.000138589
0	1.395	4.1	0.931581	0.000217207
0	1.395	4.3	0.882271	0.000276971
0	1.395	4.5	0.821857	0.000328833
0	1.395	4.7	0.754931	0.000369998
0	1.395	4.9	0.694412	0.000397029
0	1.395	5.1	0.646342	0.000410411
0	1.395	5.3	0.604662	0.000419949
0	1.395	5.5	0.577929	0.000425182
0	1.395	5.7	0.546954	0.000428072
0	1.395	5.9	0.51748	0.000430033
0	1.395	6.1	0.47349	0.00042967
0	1.395	6.3	0.423432	0.000425568
0	1.395	6.5	0.381183	0.00041659
0	1.395	6.7	0.342872	0.000408941
0	1.395	6.9	0.314481	0.000400071
0	1.395	7.1	0.291084	0.000391352
0	1.395	7.3	0.269451	0.000382207
0	1.395	7.5	0.25729	0.00037517
0	1.395	7.7	0.23653	0.00036542
0	1.395	7.9	0.223894	0.000358201
0	1.395	8.1	0.210906	0.000351331
0	1.395	8.3	0.198883	0.000343855
0	1.395	8.5	0.188987	0.000337274
0	1.395	8.7	0.178159	0.000329116
0	1.395	8.9	0.16863	0.000322255
0	1.395	9.1	0.160732	0.0003157
0	1.395	9.3	0.153271	0.00030962
0	1.395	9.5	0.145997	0.0003036
0	1.395	9.7	0.139335	0.000298054
0	1.395	9.9	0.131987	0.000291587
0	1.395	10.1	0.12596	0.000284741
0	1.395	10.3	0.121726	0.00028154
0	1.395	10.5	0.116464	0.000275741
0	1.395	10.7	0.111565	0.000270489
0	1.395	10.9	0.106285	0.000264653
0	1.395	11.1	0.0993487	0.000257624
0	1.395	11.3	0.0957021	0.000252849
0	1.395	11.5	0.0915669	0.000247908
0	1.395	11.7	0.0898351	0.000245738
0	1.395	11.9	0.0851354	0.000239685
0	1.395	12.1	0.0846787	0.000239568
0	1.395	12.3	0.0804769	0.000233966
0	1.395	12.5	0.0771414	0.000229672
0	1.395	12.7	0.0758509	0.000228006
0	1.395	12.9	0.0724087	0.00022224
0	1.395	13.1	0.0675242	0.000215688
0	1.395	13.3	0.0646593	0.000211745
0	1.395	13.5	0.0637389	0.000210096
0	1.395	13.7	0.0614798	0.000206823
0	1.395	13.9	0.0580502	0.000201281
0	1.395	14.1	0.0571224	0.000199915
0	1.395	14.3	0.0537522	0.0001941
0	1.395	14.5	0.0533454	0.00019349
0	1.395	14.7	0.0518601	0.000190917
0	1.395	14.9	0.0494433	0.00018652
0	1.395	15.1	0.0474627	0.000183264
0	1.395	15.3	0.0455433	0.000179047
0	1.395	15.5	0.0424225	0.000173729
0	1.395	15.7	0.0386723	0.000165975
0	1.395	15.9	0.0359722	0.000159576
0	1.405	0.1	1	0
0	1.405	0.3	1	0
0	1.405	0.5	1	0
0	1.405	0.7	1	0
0	1.405	0.9	1	0
0	1.405	1.1	1	0
0	1.405	1.3	1	0
0	1.405	1.5	1	0
0	1.405	1.7	1	0
0	1.405	1.9	1	0
0	1.405	2.1	1	0
0	1.405	2.3	1	0
0	1.405	2.5	1	0
0	1.405	2.7	1	0
0	1.405	2.9	1	0
0	1.405	3.1	1	0
0	1.405	3.3	1	0
0	1.405	3.5	0.999615	1.68935e-05
0	1.405	3.7	0.994694	6.2452e-05
0	1.405	3.9	0.976168	0.000131206
0	1.405	4.1	0.938895	0.000206109
0	1.405	4.3	0.885104	0.000274581
0	1.405	4.5	0.823109	0.000328001
0	1.405	4.7	0.758534	0.000368034
0	1.405	4.9	0.691597	0.000398262
0	1.405	5.1	0.643979	0.000411272
0	1.405	5.3	0.607914	0.000419654
0	1.405	5.5	0.574011	0.000425298
0	1.405	5.7	0.546118	0.000428131
0	1.405	5.9	0.513292	0.00042995
0	1.405	6.1	0.473034	0.000428655
0	1.405	6.3	0.423554	0.000424886
0	1.405	6.5	0.378846	0.000416769
0	1.405	6.7	0.342741	0.000407874
0	1.405	6.9	0.316523	0.000400058
0	1.405	7.1	0.293466	0.000391941
0	1.405	7.3	0.268496	0.000380996
0	1.405	7.5	0.252894	0.000373519
0	1.405	7.7	0.237178	0.000365878
0	1.405	7.9	0.222604	0.00035683
0	1.405	8.1	0.209327	0.000349736
0	1.405	8.3	0.196316	0.000341061
0	1.405	8.5	0.187777	0.000335032
0	1.405	8.7	0.176105	0.000327972
0	1.405	8.9	0.169565	0.000322815
0	1.405	9.1	0.161425	0.000315217
0	1.405	9.3	0.149778	0.000306656
0	1.405	9.5	0.147177	0.000304811
0	1.405	9.7	0.137223	0.000295189
0	1.405	9.9	0.133482	0.00029295
0	1.405	10.1	0.125963	0.000285487
0	1.405	10.3	0.120704	0.000280243
0	1.405	10.5	0.11338	0.000272628
0	1.405	10.7	0.106765	0.000265533
0	1.405	10.9	0.103453	0.000261731
0	1.405	11.1	0.101715	0.000260401
0	1.405	11.3	0.0966298	0.000254309
0	1.405	11.5	0.092781	0.000249203
0	1.405	11.7	0.0893755	0.000244592
0	1.405	11.9	0.087179	0.000242517
0	1.405	12.1	0.0842994	0.000238605
0	1.405	12.3	0.0814158	0.000235342
0	1.405	12.5	0.0779115	0.000230028
0	1.405	12.7	0.0756968	0.000227815
0	1.405	12.9	0.0713836	0.000221106
0	1.405	13.1	0.0676238	0.000215628
0	1.405	13.3	0.0666451	0.000214376
0	1.405	13.5	0.0641234	0.000210632
0	1.405	13.7	0.0597523	0.000204055
0	1.405	13.9	0.0567389	0.000199235
0	1.405	14.1	0.0554628	0.000196723
0	1.405	14.3	0.0558757	0.000197836
0	1.405	14.5	0.0527321	0.000192701
0	1.405	14.7	0.0504247	0.00018821
0	1.405	14.9	0.0502584	0.000187339
0	1.405	15.1	0.0492302	0.000186204
0	1.405	15.3	0.0482486	0.000184378
0	1.405	15.5	0.046872	0.000181537
0	1.405	15.7	0.0425436	0.000173589
0	1.405	15.9	0.037803	0.000164135
0	1.415	0.1	1	0
0	1.415	0.3	1	0
0	1.415	0.5	1	0
0	1.415	0.7	1	0
0	1.415	0.9	1	0
0	1.415	1.1	1	0
0	1.415	1.3	1	0
0	1.415	1.5	1	0
0	1.415	1.7	1	0
0	1.415	1.9	1	0
0	1.415	2.1	1	0
0	1.415	2.3	1	0
0	1.415	2.5	1	0
0	1.415	2.7	1	0
0	1.415	2.9	1	0
0	1.415	3.1	1	0
0	1.415	3.3	1	0
0	1.415	3.5	0.999517	1.8912e-05
0	1.415	3.7	0.995553	5.70485e-05
0	1.415	3.9	0.978896	0.000123897
0	1.415	4.1	0.939822	0.000204593
0	1.415	4.3	0.885443	0.000273836
0	1.415	4.5	0.822685	0.000328524
0	1.415	4.7	0.749982	0.000371625
0	1.415	4.9	0.688231	0.000398983
0	1.415	5.1	0.644847	0.000412257
0	1.415	5.3	0.606912	0.000420074
0	1.415	5.5	0.574162	0.00042622
0	1.415	5.7	0.546771	0.000428731
0	1.415	5.9	0.514331	0.000430911
0	1.415	6.1	0.47242	0.000429782
0	1.415	6.3	0.420764	0.000425185
0	1.415	6.5	0.379237	0.000416812
0	1.415	6.7	0.342147	0.000408017
0	1.415	6.9	0.315029	0.000400226
0	1.415	7.1	0.292269	0.000390995
0	1.415	7.3	0.270938	0.000382548
0	1.415	7.5	0.251738	0.000373898
0	1.415	7.7	0.236491	0.000366394
0	1.415	7.9	0.224089	0.000358541
0	1.415	8.1	0.21176	0.000351381
0	1.415	8.3	0.197192	0.000342339
0	1.415	8.5	0.187298	0.000336021
0	1.415	8.7	0.176748	0.000329159
0	1.415	8.9	0.168632	0.000322256
0	1.415	9.1	0.159793	0.000315477
0	1.415	9.3	0.152547	0.000308631
0	1.415	9.5	0.145002	0.000302615
0	1.415	9.7	0.137357	0.000296439
0	1.415	9.9	0.131854	0.000291308
0	1.415	10.1	0.122567	0.000282146
0	1.415	10.3	0.120667	0.000280809
0	1.415	10.5	0.115195	0.000274621
0	1.415	10.7	0.108357	0.000267205
0	1.415	10.9	0.105932	0.000263828
0	1.415	11.1	0.0999064	0.000258243
0	1.415	11.3	0.0965787	0.000254179
0	1.415	11.5	0.0933239	0.000250195
0	1.415	11.7	0.0893153	0.000245929
0	1.415	11.9	0.0861477	0.000241976
0	1.415	12.1	0.0823882	0.000236628
0	1.415	12.3	0.0813683	0.000234349
0	1.415	12.5	0.0788293	0.000231863
0	1.415	12.7	0.0751813	0.000227046
0	1.415	12.9	0.0726372	0.00022298
0	1.415	13.1	0.0687158	0.000217773
0	1.415	13.3	0.0658605	0.000213849
0	1.415	13.5	0.0630087	0.000208971
0	1.415	13.7	0.0617847	0.00020717
0	1.415	13.9	0.0577271	0.000200922
0	1.415	14.1	0.0560582	0.000198169
0	1.415	14.3	0.0539948	0.000195093
0	1.415	14.5	0.0539181	0.000194256
0	1.415	14.7	0.0518841	0.000190535
0	1.415	14.9	0.0490512	0.000185598
0	1.415	15.1	0.0482773	0.000184475
0	1.415	15.3	0.0476571	0.000182983
0	1.415	15.5	0.0464404	0.000180858
0	1.415	15.7	0.0432721	0.000174669
0	1.415	15.9	0.0407763	0.000169825
0	1.425	0.1	1	0
0	1.425	0.3	1	0
0	1.425	0.5	1	0
0	1.425	0.7	1	0
0	1.425	0.9	1	0
0	1.425	1.1	1	0
0	1.425	1.3	1	0
0	1.425	1.5	1	0
0	1.425	1.7	1	0
0	1.425	1.9	1	0
0	1.425	2.1	1	0
0	1.425	2.3	1	0
0	1.425	2.5	1	0
0	1.425	2.7	1	0
0	1.425	2.9	1	0
0	1.425	3.1	1	0
0	1.425	3.3	1	0
0	1.425	3.5	0.999893	8.90855e-06
0	1.425	3.7	0.996156	5.31914e-05
0	1.425	3.9	0.980503	0.000118982
0	1.425	4.1	0.943486	0.000198616
0	1.425	4.3	0.883505	0.000275706
0	1.425	4.5	0.810037	0.000338123
0	1.425	4.7	0.740237	0.000376401
0	1.425	4.9	0.679435	0.000401367
0	1.425	5.1	0.63455	0.000413735
0	1.425	5.3	0.600628	0.00042053
0	1.425	5.5	0.572925	0.000425228
0	1.425	5.7	0.544355	0.000427709
0	1.425	5.9	0.510829	0.000430456
0	1.425	6.1	0.472214	0.000429065
0	1.425	6.3	0.420145	0.000424273
0	1.425	6.5	0.376805	0.000418053
0	1.425	6.7	0.342319	0.00040861
0	1.425	6.9	0.313585	0.000398521
0	1.425	7.1	0.291361	0.000390541
0	1.425	7.3	0.273437	0.000383408
0	1.425	7.5	0.251241	0.000372233
0	1.425	7.7	0.235522	0.000364135
0	1.425	7.9	0.220066	0.000356202
0	1.425	8.1	0.208412	0.000349069
0	1.425	8.3	0.196562	0.000342644
0	1.425	8.5	0.185672	0.000334972
0	1.425	8.7	0.176085	0.000327507
0	1.425	8.9	0.168327	0.000321617
0	1.425	9.1	0.158422	0.000313623
0	1.425	9.3	0.153338	0.000309918
0	1.425	9.5	0.144671	0.000302757
0	1.425	9.7	0.136846	0.000295588
0	1.425	9.9	0.131832	0.000290742
0	1.425	10.1	0.125531	0.000284829
0	1.425	10.3	0.118551	0.00027824
0	1.425	10.5	0.114698	0.000274092
0	1.425	10.7	0.109284	0.000268386
0	1.425	10.9	0.102833	0.000260832
0	1.425	11.1	0.0999569	0.000259104
0	1.425	11.3	0.0949897	0.000252522
0	1.425	11.5	0.091625	0.000248023
0	1.425	11.7	0.0868815	0.000241798
0	1.425	11.9	0.0861486	0.000240697
0	1.425	12.1	0.0838336	0.000238344
0	1.425	12.3	0.0815735	0.000235864
0	1.425	12.5	0.076295	0.000228915
0	1.425	12.7	0.0742396	0.000225467
0	1.425	12.9	0.071184	0.000221169
0	1.425	13.1	0.0695739	0.000219115
0	1.425	13.3	0.0659351	0.000212501
0	1.425	13.5	0.0608893	0.000205999
0	1.425	13.7	0.0598292	0.00020385
0	1.425	13.9	0.0582966	0.000201898
0	1.425	14.1	0.0557804	0.000197301
0	1.425	14.3	0.0549027	0.000196265
0	1.425	14.5	0.0529992	0.000192231
0	1.425	14.7	0.0516162	0.000190403
0	1.425	14.9	0.0498938	0.000187214
0	1.425	15.1	0.0478344	0.000183838
0	1.425	15.3	0.0491519	0.000185766
0	1.425	15.5	0.0459917	0.000179569
0	1.425	15.7	0.0450074	0.000178226
0	1.425	15.9	0.0422611	0.000172963
0	1.435	0.1	1	0
0	1.435	0.3	1	0
0	1.435	0.5	1	0
0	1.435	0.7	1	0
0	1.435	0.9	1	0
0	1.435	1.1	1	0
0	1.435	1.3	1	0
0	1.435	1.5	1	0
0	1.435	1.7	1	0
0	1.435	1.9	1	0
0	1.435	2.1	1	0
0	1.435	2.3	1	0
0	1.435	2.5	1	0
0	1.435	2.7	1	0
0	1.435	2.9	1	0
0	1.435	3.1	1	0
0	1.435	3.3	1	0
0	1.435	3.5	0.999842	1.07911e-05
0	1.435	3.7	0.996644	4.98483e-05
0	1.435	3.9	0.981084	0.000117265
0	1.435	4.1	0.937084	0.000208708
0	1.435	4.3	0.866282	0.000292734
0	1.435	4.5	0.780902	0.000355114
0	1.435	4.7	0.714558	0.000388876
0	1.435	4.9	0.660487	0.000406896
0	1.435	5.1	0.619679	0.000416852
0	1.435	5.3	0.589721	0.000423066
0	1.435	5.5	0.557797	0.000426706
0	1.435	5.7	0.53318	0.000428897
0	1.435	5.9	0.506583	0.000429904
0	1.435	6.1	0.471005	0.00042936
0	1.435	6.3	0.42374	0.000425097
0	1.435	6.5	0.377853	0.0004156
0	1.435	6.7	0.340637	0.000407495
0	1.435	6.9	0.313817	0.000399332
0	1.435	7.1	0.2911	0.000392101
0	1.435	7.3	0.268362	0.000380906
0	1.435	7.5	0.250059	0.000371617
0	1.435	7.7	0.235464	0.000364714
0	1.435	7.9	0.22113	0.000355697
0	1.435	8.1	0.208284	0.000350233
0	1.435	8.3	0.197614	0.000342314
0	1.435	8.5	0.184312	0.000332041
0	1.435	8.7	0.176571	0.000328422
0	1.435	8.9	0.164414	0.000318478
0	1.435	9.1	0.158531	0.00031336
0	1.435	9.3	0.150778	0.000307933
0	1.435	9.5	0.145067	0.000302501
0	1.435	9.7	0.136901	0.000296234
0	1.435	9.9	0.130995	0.000291604
0	1.435	10.1	0.123078	0.000282149
0	1.435	10.3	0.119946	0.00027979
0	1.435	10.5	0.113355	0.000272734
0	1.435	10.7	0.107157	0.000266234
0	1.435	10.9	0.103911	0.000262313
0	1.435	11.1	0.098471	0.00025649
0	1.435	11.3	0.0933956	0.000250413
0	1.435	11.5	0.0912404	0.000247469
0	1.435	11.7	0.0889469	0.000245366
0	1.435	11.9	0.0870162	0.000241786
0	1.435	12.1	0.0833422	0.000238052
0	1.435	12.3	0.0792196	0.000232528
0	1.435	12.5	0.0779889	0.00023134
0	1.435	12.7	0.0746785	0.000226725
0	1.435	12.9	0.0707479	0.000220586
0	1.435	13.1	0.0683248	0.000217424
0	1.435	13.3	0.0630997	0.0002089
0	1.435	13.5	0.0623697	0.000207621
0	1.435	13.7	0.0593237	0.00020342
0	1.435	13.9	0.0586132	0.000202345
0	1.435	14.1	0.0549354	0.000196283
0	1.435	14.3	0.0538733	0.000193591
0	1.435	14.5	0.0516803	0.000190247
0	1.435	14.7	0.0517724	0.000190854
0	1.435	14.9	0.0504665	0.000188661
0	1.435	15.1	0.0486748	0.000185116
0	1.435	15.3	0.0489162	0.000185246
0	1.435	15.5	0.0477252	0.000184036
0	1.435	15.7	0.0464403	0.000181155
0	1.435	15.9	0.0444735	0.000177463
0	1.445	0.1	1	0
0	1.445	0.3	1	0
0	1.445	0.5	1	0
0	1.445	0.7	1	0
0	1.445	0.9	1	0
0	1.445	1.1	1	0
0	1.445	1.3	1	0
0	1.445	1.5	1	0
0	1.445	1.7	1	0
0	1.445	1.9	1	0
0	1.445	2.1	1	0
0	1.445	2.3	1	0
0	1.445	2.5	1	0
0	1.445	2.7	1	0
0	1.445	2.9	1	0
0	1.445	3.1	1	0
0	1.445	3.3	1	0
0	1.445	3.5	0.999732	1.41095e-05
0	1.445	3.7	0.995661	5.65119e-05
0	1.445	3.9	0.972285	0.000141557
0	1.445	4.1	0.910756	0.00024475
0	1.445	4.3	0.820693	0.00032973
0	1.445	4.5	0.741861	0.000376397
0	1.445	4.7	0.680811	0.000400612
0	1.445	4.9	0.633834	0.000414049
0	1.445	5.1	0.601273	0.000420855
0	1.445	5.3	0.567475	0.000426894
0	1.445	5.5	0.539907	0.000428914
0	1.445	5.7	0.519189	0.000428979
0	1.445	5.9	0.493387	0.000428804
0	1.445	6.1	0.462473	0.000427424
0	1.445	6.3	0.420211	0.000425284
0	1.445	6.5	0.37657	0.000416987
0	1.445	6.7	0.341133	0.000408405
0	1.445	6.9	0.311305	0.000398071
0	1.445	7.1	0.290522	0.00038987
0	1.445	7.3	0.270253	0.00038136
0	1.445	7.5	0.24996	0.000372377
0	1.445	7.7	0.237174	0.000365089
0	1.445	7.9	0.219523	0.000355475
0	1.445	8.1	0.207741	0.000349172
0	1.445	8.3	0.195319	0.000341058
0	1.445	8.5	0.18606	0.000334138
0	1.445	8.7	0.173464	0.000325927
0	1.445	8.9	0.165261	0.000319588
0	1.445	9.1	0.155877	0.000312781
0	1.445	9.3	0.149131	0.000306761
0	1.445	9.5	0.141283	0.000300496
0	1.445	9.7	0.137839	0.000296236
0	1.445	9.9	0.131909	0.000291252
0	1.445	10.1	0.125592	0.000285408
0	1.445	10.3	0.120882	0.000280182
0	1.445	10.5	0.113264	0.00027235
0	1.445	10.7	0.108518	0.00026709
0	1.445	10.9	0.10405	0.000262397
0	1.445	11.1	0.0978164	0.000255874
0	1.445	11.3	0.0947007	0.000252464
0	1.445	11.5	0.091503	0.000248147
0	1.445	11.7	0.0898873	0.000246044
0	1.445	11.9	0.0861084	0.00024137
0	1.445	12.1	0.082474	0.000236752
0	1.445	12.3	0.0790606	0.00023181
0	1.445	12.5	0.0787623	0.000230777
0	1.445	12.7	0.0752199	0.000226548
0	1.445	12.9	0.0711563	0.00022093
0	1.445	13.1	0.0650407	0.000212075
0	1.445	13.3	0.0641328	0.000210318
0	1.445	13.5	0.061832	0.000206727
0	1.445	13.7	0.0591863	0.000203654
0	1.445	13.9	0.0572087	0.000199933
0	1.445	14.1	0.0563225	0.000198617
0	1.445	14.3	0.0546929	0.000196014
0	1.445	14.5	0.0518394	0.000190457
0	1.445	14.7	0.0510761	0.000189436
0	1.445	14.9	0.0489368	0.000185659
0	1.445	15.1	0.0489974	0.000185256
0	1.445	15.3	0.0499895	0.000187363
0	1.445	15.5	0.0487215	0.000184709
0	1.445	15.7	0.0476331	0.000183122
0	1.445	15.9	0.0447559	0.000177728
0	1.455	0.1	1	0
0	1.455	0.3	1	0
0	1.455	0.5	1	0
0	1.455	0.7	1	0
0	1.455	0.9	1	0
0	1.455	1.1	1	0
0	1.455	1.3	1	0
0	1.455	1.5	1	0
0	1.455	1.7	1	0
0	1.455	1.9	1	0
0	1.455	2.1	1	0
0	1.455	2.3	1	0
0	1.455	2.5	1	0
0	1.455	2.7	1	0
0	1.455	2.9	1	0
0	1.455	3.1	1	0
0	1.455	3.3	0.999703	1.47706e-05
0	1.455	3.5	0.995458	5.78046e-05
0	1.455	3.7	0.975121	0.000134224
0	1.455	3.9	0.922945	0.000229379
0	1.455	4.1	0.845116	0.000311258
0	1.455	4.3	0.762057	0.000365422
0	1.455	4.5	0.697872	0.000394655
0	1.455	4.7	0.649864	0.000411472
0	1.455	4.9	0.609645	0.000419739
0	1.455	5.1	0.572577	0.000425682
0	1.455	5.3	0.543941	0.000427557
0	1.455	5.5	0.522127	0.000429635
0	1.455	5.7	0.503076	0.000429556
0	1.455	5.9	0.485755	0.000430393
0	1.455	6.1	0.458933	0.000428468
0	1.455	6.3	0.417585	0.000422986
0	1.455	6.5	0.3769	0.000416248
0	1.455	6.7	0.34269	0.000408053
0	1.455	6.9	0.312255	0.000397869
0	1.455	7.1	0.289923	0.000390265
0	1.455	7.3	0.266771	0.00038042
0	1.455	7.5	0.250643	0.000372906
0	1.455	7.7	0.234564	0.000364677
0	1.455	7.9	0.22117	0.000357543
0	1.455	8.1	0.209026	0.000350798
0	1.455	8.3	0.196586	0.000342694
0	1.455	8.5	0.186459	0.000334486
0	1.455	8.7	0.177321	0.000328768
0	1.455	8.9	0.165927	0.000320414
0	1.455	9.1	0.15812	0.00031346
0	1.455	9.3	0.15012	0.000307353
0	1.455	9.5	0.142524	0.000300894
0	1.455	9.7	0.136323	0.000295361
0	1.455	9.9	0.129582	0.000289111
0	1.455	10.1	0.125206	0.000285118
0	1.455	10.3	0.118381	0.000277345
0	1.455	10.5	0.112884	0.000271807
0	1.455	10.7	0.106726	0.000266109
0	1.455	10.9	0.101889	0.000260254
0	1.455	11.1	0.0998561	0.000257983
0	1.455	11.3	0.0940494	0.0002505
0	1.455	11.5	0.0921013	0.000248326
0	1.455	11.7	0.088489	0.000245054
0	1.455	11.9	0.0849698	0.000239705
0	1.455	12.1	0.0829156	0.000237665
0	1.455	12.3	0.0814605	0.000234813
0	1.455	12.5	0.0774504	0.000229581
0	1.455	12.7	0.0738512	0.000225681
0	1.455	12.9	0.0703563	0.000219546
0	1.455	13.1	0.0690414	0.000217956
0	1.455	13.3	0.064747	0.000211545
0	1.455	13.5	0.0618938	0.000207165
0	1.455	13.7	0.0592967	0.000203179
0	1.455	13.9	0.0562398	0.000198273
0	1.455	14.1	0.0548548	0.000195528
0	1.455	14.3	0.0537892	0.000194226
0	1.455	14.5	0.0517756	0.000190465
0	1.455	14.7	0.0516239	0.000190845
0	1.455	14.9	0.0493186	0.000186807
0	1.455	15.1	0.0479466	0.000183998
0	1.455	15.3	0.0482297	0.000183986
0	1.455	15.5	0.0488372	0.000185482
0	1.455	15.7	0.04901	0.000185092
0	1.455	15.9	0.0473971	0.000182801
0	1.465	0.1	1	0
0	1.465	0.3	1	0
0	1.465	0.5	1	0
0	1.465	0.7	1	0
0	1.465	0.9	1	0
0	1.465	1.1	1	0
0	1.465	1.3	1	0
0	1.465	1.5	1	0
0	1.465	1.7	1	0
0	1.465	1.9	1	0
0	1.465	2.1	1	0
0	1.465	2.3	1	0
0	1.465	2.5	1	0
0	1.465	2.7	1	0
0	1.465	2.9	1	0
0	1.465	3.1	0.998958	2.77101e-05
0	1.465	3.3	0.988831	9.0386e-05
0	1.465	3.5	0.957898	0.000172751
0	1.465	3.7	0.907013	0.000249862
0	1.465	3.9	0.852122	0.000304849
0	1.465	4.1	0.791269	0.000349858
0	1.465	4.3	0.725492	0.000383828
0	1.465	4.5	0.664927	0.000406222
0	1.465	4.7	0.616906	0.000418464
0	1.465	4.9	0.581519	0.00042519
0	1.465	5.1	0.546213	0.000428897
0	1.465	5.3	0.521687	0.00043045
0	1.465	5.5	0.50073	0.00042929
0	1.465	5.7	0.482976	0.000429949
0	1.465	5.9	0.468551	0.000429665
0	1.465	6.1	0.446745	0.000428
0	1.465	6.3	0.416289	0.000424552
0	1.465	6.5	0.374844	0.000417306
0	1.465	6.7	0.340651	0.000408677
0	1.465	6.9	0.311298	0.000398499
0	1.465	7.1	0.290236	0.000390613
0	1.465	7.3	0.266445	0.000380273
0	1.465	7.5	0.250667	0.00037328
0	1.465	7.7	0.235537	0.000364905
0	1.465	7.9	0.22097	0.000356827
0	1.465	8.1	0.208668	0.000350014
0	1.465	8.3	0.194213	0.000340495
0	1.465	8.5	0.18365	0.000333285
0	1.465	8.7	0.175527	0.000326809
0	1.465	8.9	0.163603	0.000317661
0	1.465	9.1	0.156404	0.000312408
0	1.465	9.3	0.149163	0.000306193
0	1.465	9.5	0.142733	0.000300703
0	1.465	9.7	0.135947	0.00029499
0	1.465	9.9	0.129787	0.00028888
0	1.465	10.1	0.123582	0.000282452
0	1.465	10.3	0.117914	0.000277826
0	1.465	10.5	0.111293	0.000270249
0	1.465	10.7	0.106955	0.000266184
0	1.465	10.9	0.101694	0.000259873
0	1.465	11.1	0.0976688	0.00025552
0	1.465	11.3	0.0922603	0.000248959
0	1.465	11.5	0.0910463	0.000247295
0	1.465	11.7	0.0874543	0.000242974
0	1.465	11.9	0.0871563	0.000242689
0	1.465	12.1	0.0827674	0.000237616
0	1.465	12.3	0.0785551	0.000231079
0	1.465	12.5	0.0767685	0.000229267
0	1.465	12.7	0.0740417	0.000225448
0	1.465	12.9	0.0696594	0.000218958
0	1.465	13.1	0.0653756	0.000213083
0	1.465	13.3	0.064103	0.00021085
0	1.465	13.5	0.0626113	0.000208316
0	1.465	13.7	0.0599941	0.000204541
0	1.465	13.9	0.0583403	0.000201641
0	1.465	14.1	0.0549139	0.000196157
0	1.465	14.3	0.0531447	0.000192577
0	1.465	14.5	0.0520368	0.000191044
0	1.465	14.7	0.0512525	0.000189889
0	1.465	14.9	0.0513069	0.000189863
0	1.465	15.1	0.048462	0.00018517
0	1.465	15.3	0.0492578	0.000185956
0	1.465	15.5	0.0487188	0.000185332
0	1.465	15.7	0.0505443	0.000188757
0	1.465	15.9	0.0460802	0.000180606
0	1.475	0.1	1	0
0	1.475	0.3	1	0
0	1.475	0.5	1	0
0	1.475	0.7	1	0
0	1.475	0.9	1	0
0	1.475	1.1	1	0
0	1.475	1.3	1	0
0	1.475	1.5	1	0
0	1.475	1.7	1	0
0	1.475	1.9	1	0
0	1.475	2.1	1	0
0	1.475	2.3	1	0
0	1.475	2.5	1	0
0	1.475	2.7	0.999966	4.99976e-06
0	1.475	2.9	0.995785	5.57618e-05
0	1.475	3.1	0.975261	0.000133421
0	1.475	3.3	0.931071	0.00021836
0	1.475	3.5	0.878088	0.000280812
0	1.475	3.7	0.839329	0.000316057
0	1.475	3.9	0.801481	0.000343113
0	1.475	4.1	0.750513	0.000372478
0	1.475	4.3	0.690561	0.000398516
0	1.475	4.5	0.633865	0.000414303
0	1.475	4.7	0.587281	0.000423333
0	1.475	4.9	0.553861	0.000427179
0	1.475	5.1	0.522056	0.00043038
0	1.475	5.3	0.499366	0.000430206
0	1.475	5.5	0.47701	0.000428679
0	1.475	5.7	0.4584	0.000428139
0	1.475	5.9	0.445021	0.000426667
0	1.475	6.1	0.425683	0.000424869
0	1.475	6.3	0.401245	0.000421849
0	1.475	6.5	0.369052	0.000415202
0	1.475	6.7	0.336795	0.00040622
0	1.475	6.9	0.311541	0.000398059
0	1.475	7.1	0.287929	0.000389535
0	1.475	7.3	0.267784	0.000379879
0	1.475	7.5	0.251476	0.00037416
0	1.475	7.7	0.233734	0.000363777
0	1.475	7.9	0.221125	0.00035782
0	1.475	8.1	0.205762	0.000348363
0	1.475	8.3	0.193624	0.000340302
0	1.475	8.5	0.185535	0.00033465
0	1.475	8.7	0.174653	0.000326699
0	1.475	8.9	0.165309	0.00031922
0	1.475	9.1	0.157543	0.000313238
0	1.475	9.3	0.15211	0.000309363
0	1.475	9.5	0.142047	0.000300875
0	1.475	9.7	0.134264	0.000293938
0	1.475	9.9	0.129785	0.000289587
0	1.475	10.1	0.124015	0.000284165
0	1.475	10.3	0.116584	0.000276329
0	1.475	10.5	0.112161	0.000272028
0	1.475	10.7	0.106123	0.000264928
0	1.475	10.9	0.102066	0.000260803
0	1.475	11.1	0.0970048	0.000254096
0	1.475	11.3	0.0937113	0.000250605
0	1.475	11.5	0.0885282	0.000244457
0	1.475	11.7	0.086227	0.000242073
0	1.475	11.9	0.0843963	0.000238974
0	1.475	12.1	0.0825548	0.000236936
0	1.475	12.3	0.0780392	0.000230769
0	1.475	12.5	0.074887	0.000226387
0	1.475	12.7	0.0713124	0.000221273
0	1.475	12.9	0.0697173	0.000219766
0	1.475	13.1	0.0664929	0.000214215
0	1.475	13.3	0.0630402	0.000208671
0	1.475	13.5	0.0617017	0.000207081
0	1.475	13.7	0.058864	0.000202177
0	1.475	13.9	0.0582317	0.000200653
0	1.475	14.1	0.0562427	0.000198109
0	1.475	14.3	0.0530159	0.000192405
0	1.475	14.5	0.0510159	0.000189193
0	1.475	14.7	0.0503576	0.000187907
0	1.475	14.9	0.0493432	0.000186025
0	1.475	15.1	0.0489385	0.00018554
0	1.475	15.3	0.049992	0.000187577
0	1.475	15.5	0.0485456	0.000185265
0	1.475	15.7	0.0483413	0.000184451
0	1.475	15.9	0.0478354	0.000183809
0	1.485	0.1	1	0
0	1.485	0.3	1	0
0	1.485	0.5	1	0
0	1.485	0.7	1	0
0	1.485	0.9	1	0
0	1.485	1.1	1	0
0	1.485	1.3	1	0
0	1.485	1.5	1	0
0	1.485	1.7	1	0
0	1.485	1.9	1	0
0	1.485	2.1	1	0
0	1.485	2.3	0.999986	3.22794e-06
0	1.485	2.5	0.99898	2.7472e-05
0	1.485	2.7	0.988192	9.26537e-05
0	1.485	2.9	0.954037	0.000180398
0	1.485	3.1	0.89764	0.000261099
0	1.485	3.3	0.849534	0.000307389
0	1.485	3.5	0.818739	0.000331588
0	1.485	3.7	0.788085	0.000351998
0	1.485	3.9	0.763834	0.000365212
0	1.485	4.1	0.720334	0.000386461
0	1.485	4.3	0.663014	0.000406737
0	1.485	4.5	0.607966	0.000419904
0	1.485	4.7	0.564946	0.000425603
0	1.485	4.9	0.529967	0.000430862
0	1.485	5.1	0.503122	0.0004295
0	1.485	5.3	0.473841	0.00042992
0	1.485	5.5	0.457152	0.000428437
0	1.485	5.7	0.439289	0.000426554
0	1.485	5.9	0.419525	0.000424364
0	1.485	6.1	0.401655	0.000420984
0	1.485	6.3	0.374427	0.000416979
0	1.485	6.5	0.352901	0.000411648
0	1.485	6.7	0.332576	0.000405203
0	1.485	6.9	0.309871	0.000397956
0	1.485	7.1	0.284897	0.000388789
0	1.485	7.3	0.268074	0.000380199
0	1.485	7.5	0.250361	0.000371501
0	1.485	7.7	0.231559	0.000361594
0	1.485	7.9	0.219539	0.000355145
0	1.485	8.1	0.206916	0.000348446
0	1.485	8.3	0.196238	0.000341836
0	1.485	8.5	0.182339	0.000332501
0	1.485	8.7	0.172247	0.000324898
0	1.485	8.9	0.166245	0.000320081
0	1.485	9.1	0.157517	0.000313401
0	1.485	9.3	0.1496	0.000307014
0	1.485	9.5	0.140105	0.000298417
0	1.485	9.7	0.135897	0.000294456
0	1.485	9.9	0.127869	0.000286948
0	1.485	10.1	0.122534	0.000282386
0	1.485	10.3	0.114771	0.000274996
0	1.485	10.5	0.111192	0.000270497
0	1.485	10.7	0.104375	0.000262823
0	1.485	10.9	0.0987223	0.00025711
0	1.485	11.1	0.0935439	0.000250458
0	1.485	11.3	0.0897314	0.000245785
0	1.485	11.5	0.0869664	0.00024205
0	1.485	11.7	0.083462	0.000238007
0	1.485	11.9	0.0789507	0.000232019
0	1.485	12.1	0.0779878	0.000230492
0	1.485	12.3	0.0747688	0.000226357
0	1.485	12.5	0.0733463	0.000224356
0	1.485	12.7	0.0684067	0.000216661
0	1.485	12.9	0.0687665	0.00021719
0	1.485	13.1	0.0650943	0.000212124
0	1.485	13.3	0.0627882	0.000208683
0	1.485	13.5	0.0601569	0.000204579
0	1.485	13.7	0.0583437	0.000201658
0	1.485	13.9	0.0558673	0.000197681
0	1.485	14.1	0.0547858	0.000195859
0	1.485	14.3	0.054201	0.000194797
0	1.485	14.5	0.0521162	0.000191212
0	1.485	14.7	0.052266	0.00019149
0	1.485	14.9	0.0486712	0.000184731
0	1.485	15.1	0.0496339	0.000186386
0	1.485	15.3	0.0476988	0.000183318
0	1.485	15.5	0.0499063	0.000186871
0	1.485	15.7	0.049271	0.000186377
0	1.485	15.9	0.0470617	0.000182224
0	1.495	0.1	1	0
0	1.495	0.3	1	0
0	1.495	0.5	1	0
0	1.495	0.7	1	0
0	1.495	0.9	1	0
0	1.495	1.1	1	0
0	1.495	1.3	1	0
0	1.495	1.5	1	0
0	1.495	1.7	1	0
0	1.495	1.9	1	0
0	1.495	2.1	0.999812	1.18225e-05
0	1.495	2.3	0.995735	5.60694e-05
0	1.495	2.5	0.973619	0.000137985
0	1.495	2.7	0.92419	0.00022732
0	1.495	2.9	0.866764	0.000292309
0	1.495	3.1	0.82361	0.000327966
0	1.495	3.3	0.793358	0.000348342
0	1.495	3.5	0.77007	0.000363996
0	1.495	3.7	0.751751	0.000371127
0	1.495	3.9	0.728657	0.00038262
0	1.495	4.1	0.691162	0.000396872
0	1.495	4.3	0.639273	0.000412788
0	1.495	4.5	0.583699	0.000424992
0	1.495	4.7	0.540014	0.000428824
0	1.495	4.9	0.508193	0.00043002
0	1.495	5.1	0.482821	0.000429172
0	1.495	5.3	0.457704	0.00042854
0	1.495	5.5	0.439656	0.000427927
0	1.495	5.7	0.419771	0.000423617
0	1.495	5.9	0.405221	0.000421947
0	1.495	6.1	0.382557	0.000418471
0	1.495	6.3	0.363351	0.000414069
0	1.495	6.5	0.337843	0.00040572
0	1.495	6.7	0.320732	0.000402427
0	1.495	6.9	0.30333	0.000394771
0	1.495	7.1	0.286451	0.000389043
0	1.495	7.3	0.264568	0.000379432
0	1.495	7.5	0.247805	0.000372348
0	1.495	7.7	0.234947	0.000365902
0	1.495	7.9	0.221499	0.000356323
0	1.495	8.1	0.205572	0.000348601
0	1.495	8.3	0.194501	0.000340503
0	1.495	8.5	0.18209	0.00033125
0	1.495	8.7	0.174108	0.000326393
0	1.495	8.9	0.164415	0.000319096
0	1.495	9.1	0.156071	0.000312564
0	1.495	9.3	0.146386	0.000304217
0	1.495	9.5	0.140768	0.000299613
0	1.495	9.7	0.130996	0.000290269
0	1.495	9.9	0.12695	0.00028643
0	1.495	10.1	0.120766	0.000280575
0	1.495	10.3	0.112968	0.000272913
0	1.495	10.5	0.107251	0.000266411
0	1.495	10.7	0.0975658	0.000255892
0	1.495	10.9	0.0936927	0.000250419
0	1.495	11.1	0.0858051	0.000240351
0	1.495	11.3	0.0824516	0.000236982
0	1.495	11.5	0.0789964	0.000232148
0	1.495	11.7	0.0757787	0.000227775
0	1.495	11.9	0.0745325	0.000225635
0	1.495	12.1	0.0713647	0.000222048
0	1.495	12.3	0.069448	0.00021942
0	1.495	12.5	0.0661777	0.000213126
0	1.495	12.7	0.064567	0.000210963
0	1.495	12.9	0.0633615	0.000209805
0	1.495	13.1	0.061188	0.000206079
0	1.495	13.3	0.0600203	0.000204293
0	1.495	13.5	0.0577773	0.000200725
0	1.495	13.7	0.0561928	0.000197981
0	1.495	13.9	0.0549473	0.000195351
0	1.495	14.1	0.0540117	0.000194635
0	1.495	14.3	0.0532108	0.00019291
0	1.495	14.5	0.0520569	0.000191481
0	1.495	14.7	0.048998	0.000185554
0	1.495	14.9	0.0493559	0.000186471
0	1.495	15.1	0.0483939	0.000184706
0	1.495	15.3	0.0491689	0.000186029
0	1.495	15.5	0.0476667	0.000183792
0	1.495	15.7	0.0471588	0.000182291
0	1.495	15.9	0.0454819	0.000179238
0	1.505	0.1	1	0
0	1.505	0.3	1	0
0	1.505	0.5	1	0
0	1.505	0.7	1	0
0	1.505	0.9	1	0
0	1.505	1.1	1	0
0	1.505	1.3	1	0
0	1.505	1.5	1	0
0	1.505	1.7	1	0
0	1.505	1.9	0.999016	2.69306e-05
0	1.505	2.1	0.989032	8.95435e-05
0	1.505	2.3	0.952027	0.000183127
0	1.505	2.5	0.891579	0.000267004
0	1.505	2.7	0.837307	0.000317181
0	1.505	2.9	0.799378	0.000343728
0	1.505	3.1	0.772585	0.000359411
0	1.505	3.3	0.751632	0.000372064
0	1.505	3.5	0.733716	0.000379199
0	1.505	3.7	0.716701	0.000387736
0	1.505	3.9	0.697357	0.000394753
0	1.505	4.1	0.663191	0.000407001
0	1.505	4.3	0.612789	0.000419102
0	1.505	4.5	0.561621	0.000426807
0	1.505	4.7	0.521707	0.00042973
0	1.505	4.9	0.487508	0.00042959
0	1.505	5.1	0.458398	0.000428294
0	1.505	5.3	0.437846	0.000427529
0	1.505	5.5	0.41982	0.00042405
0	1.505	5.7	0.402542	0.000422121
0	1.505	5.9	0.38616	0.000418671
0	1.505	6.1	0.367654	0.000414304
0	1.505	6.3	0.342466	0.000407968
0	1.505	6.5	0.316617	0.000400761
0	1.505	6.7	0.292863	0.000392255
0	1.505	6.9	0.282075	0.000386637
0	1.505	7.1	0.269242	0.000380795
0	1.505	7.3	0.256297	0.000375946
0	1.505	7.5	0.241209	0.000368047
0	1.505	7.7	0.227988	0.00036105
0	1.505	7.9	0.219275	0.000355653
0	1.505	8.1	0.204709	0.000347163
0	1.505	8.3	0.19256	0.000339845
0	1.505	8.5	0.18211	0.000332756
0	1.505	8.7	0.172371	0.000325219
0	1.505	8.9	0.161485	0.00031627
0	1.505	9.1	0.151737	0.000309068
0	1.505	9.3	0.145624	0.000303855
0	1.505	9.5	0.13637	0.000295931
0	1.505	9.7	0.127939	0.000287564
0	1.505	9.9	0.118584	0.000278462
0	1.505	10.1	0.113292	0.000272919
0	1.505	10.3	0.101597	0.000260008
0	1.505	10.5	0.0952376	0.000252863
0	1.505	10.7	0.0866243	0.000241667
0	1.505	10.9	0.0808952	0.000234681
0	1.505	11.1	0.0740186	0.000225162
0	1.505	11.3	0.0679103	0.000216353
0	1.505	11.5	0.0677025	0.000215834
0	1.505	11.7	0.0643271	0.00021046
0	1.505	11.9	0.0636587	0.000209857
0	1.505	12.1	0.0586762	0.00020224
0	1.505	12.3	0.0580014	0.000200836
0	1.505	12.5	0.0553842	0.000197045
0	1.505	12.7	0.0546032	0.000195344
0	1.505	12.9	0.0526809	0.000192412
0	1.505	13.1	0.0541512	0.000194387
0	1.505	13.3	0.0512971	0.000189777
0	1.505	13.5	0.0516452	0.000190164
0	1.505	13.7	0.0513923	0.000189678
0	1.505	13.9	0.0508088	0.000188986
0	1.505	14.1	0.0497088	0.000187408
0	1.505	14.3	0.0490777	0.000185754
0	1.505	14.5	0.0488694	0.000185955
0	1.505	14.7	0.048496	0.000184546
0	1.505	14.9	0.0479771	0.000183963
0	1.505	15.1	0.0473054	0.000182766
0	1.505	15.3	0.0468657	0.000181813
0	1.505	15.5	0.0450168	0.000178204
0	1.505	15.7	0.0420531	0.000172378
0	1.505	15.9	0.0387259	0.000166313
0	1.515	0.1	1	0
0	1.515	0.3	1	0
0	1.515	0.5	1	0
0	1.515	0.7	1	0
0	1.515	0.9	1	0
0	1.515	1.1	1	0
0	1.515	1.3	1	0
0	1.515	1.5	0.999964	5.16336e-06
0	1.515	1.7	0.99713	4.6014e-05
0	1.515	1.9	0.976986	0.000128793
0	1.515	2.1	0.923853	0.000228038
0	1.515	2.3	0.859044	0.000299218
0	1.515	2.5	0.808714	0.000338852
0	1.515	2.7	0.777827	0.000358205
0	1.515	2.9	0.751227	0.000371535
0	1.515	3.1	0.731351	0.00038158
0	1.515	3.3	0.716186	0.000388257
0	1.515	3.5	0.700866	0.000393948
0	1.515	3.7	0.686858	0.000398572
0	1.515	3.9	0.671765	0.00040463
0	1.515	4.1	0.638833	0.000414173
0	1.515	4.3	0.593269	0.000423112
0	1.515	4.5	0.543704	0.000429165
0	1.515	4.7	0.501191	0.00043065
0	1.515	4.9	0.466915	0.000429442
0	1.515	5.1	0.44596	0.000427922
0	1.515	5.3	0.422672	0.00042457
0	1.515	5.5	0.402254	0.000421849
0	1.515	5.7	0.386261	0.000419204
0	1.515	5.9	0.373485	0.00041615
0	1.515	6.1	0.349254	0.000410851
0	1.515	6.3	0.324024	0.00040223
0	1.515	6.5	0.297051	0.000392345
0	1.515	6.7	0.275291	0.000385025
0	1.515	6.9	0.25918	0.000376824
0	1.515	7.1	0.244916	0.000369608
0	1.515	7.3	0.2323	0.000363264
0	1.515	7.5	0.225099	0.000359433
0	1.515	7.7	0.214196	0.000353971
0	1.515	7.9	0.208751	0.000349191
0	1.515	8.1	0.201005	0.000344131
0	1.515	8.3	0.189898	0.000338518
0	1.515	8.5	0.178543	0.000329349
0	1.515	8.7	0.168391	0.000322304
0	1.515	8.9	0.155807	0.000311356
0	1.515	9.1	0.146381	0.000304094
0	1.515	9.3	0.138716	0.000298233
0	1.515	9.5	0.127966	0.000287112
0	1.515	9.7	0.11771	0.000276653
0	1.515	9.9	0.107761	0.000266366
0	1.515	10.1	0.09632	0.000254116
0	1.515	10.3	0.0861936	0.000241347
0	1.515	10.5	0.0783964	0.000230839
0	1.515	10.7	0.0703753	0.000219883
0	1.515	10.9	0.0635929	0.000210774
0	1.515	11.1	0.054829	0.000195968
0	1.515	11.3	0.0520361	0.000190883
0	1.515	11.5	0.0497693	0.000187478
0	1.515	11.7	0.0480237	0.000183796
0	1.515	11.9	0.0459401	0.000180022
0	1.515	12.1	0.04484	0.000177632
0	1.515	12.3	0.0425659	0.000173864
0	1.515	12.5	0.0414471	0.000171397
0	1.515	12.7	0.0415494	0.000171581
0	1.515	12.9	0.040207	0.000168434
0	1.515	13.1	0.0403473	0.000169569
0	1.515	13.3	0.0394402	0.000167709
0	1.515	13.5	0.0404131	0.000169396
0	1.515	13.7	0.0406669	0.000169523
0	1.515	13.9	0.041086	0.000170356
0	1.515	14.1	0.0416308	0.000171572
0	1.515	14.3	0.0445458	0.000177224
0	1.515	14.5	0.0441482	0.000176252
0	1.515	14.7	0.0443392	0.0001771
0	1.515	14.9	0.0436766	0.000175988
0	1.515	15.1	0.0427023	0.000173717
0	1.515	15.3	0.0414869	0.000171547
0	1.515	15.5	0.0379999	0.000164626
0	1.515	15.7	0.0349892	0.000158093
0	1.515	15.9	0.0325563	0.000152968
0	1.525	0.1	1	0
0	1.525	0.3	1	0
0	1.525	0.5	1	0
0	1.525	0.7	1	0
0	1.525	0.9	1	0
0	1.525	1.1	1	0
0	1.525	1.3	0.999608	1.69925e-05
0	1.525	1.5	0.993327	6.98054e-05
0	1.525	1.7	0.962546	0.000163365
0	1.525	1.9	0.895976	0.000262737
0	1.525	2.1	0.830588	0.000322609
0	1.525	2.3	0.784942	0.000353664
0	1.525	2.5	0.756304	0.000369299
0	1.525	2.7	0.731423	0.000381732
0	1.525	2.9	0.711592	0.000390147
0	1.525	3.1	0.694926	0.000395162
0	1.525	3.3	0.682631	0.000400338
0	1.525	3.5	0.670953	0.000404133
0	1.525	3.7	0.660676	0.000407518
0	1.525	3.9	0.64713	0.00041037
0	1.525	4.1	0.617964	0.000417657
0	1.525	4.3	0.572665	0.000424774
0	1.525	4.5	0.523132	0.000429792
0	1.525	4.7	0.482286	0.000428796
0	1.525	4.9	0.452823	0.000428174
0	1.525	5.1	0.427944	0.00042512
0	1.525	5.3	0.403393	0.000421036
0	1.525	5.5	0.386528	0.000418156
0	1.525	5.7	0.368304	0.000414558
0	1.525	5.9	0.356064	0.000411476
0	1.525	6.1	0.332606	0.000405939
0	1.525	6.3	0.310203	0.00039776
0	1.525	6.5	0.283797	0.000388603
0	1.525	6.7	0.262417	0.000379616
0	1.525	6.9	0.245956	0.000370551
0	1.525	7.1	0.230387	0.000362155
0	1.525	7.3	0.216596	0.000355104
0	1.525	7.5	0.20437	0.000347457
0	1.525	7.7	0.196759	0.000341329
0	1.525	7.9	0.184158	0.000333263
0	1.525	8.1	0.180818	0.000330718
0	1.525	8.3	0.16999	0.000323989
0	1.525	8.5	0.162572	0.000317842
0	1.525	8.7	0.155026	0.000311321
0	1.525	8.9	0.145515	0.000302873
0	1.525	9.1	0.133027	0.000292151
0	1.525	9.3	0.123548	0.000282325
0	1.525	9.5	0.112107	0.00027153
0	1.525	9.7	0.100947	0.000259251
0	1.525	9.9	0.0887108	0.000244598
0	1.525	10.1	0.0790855	0.000231561
0	1.525	10.3	0.0677153	0.00021672
0	1.525	10.5	0.0568255	0.000199249
0	1.525	10.7	0.0488739	0.000185321
0	1.525	10.9	0.0424313	0.00017295
0	1.525	11.1	0.0374723	0.000163167
0	1.525	11.3	0.0328756	0.000153205
0	1.525	11.5	0.0325885	0.000152941
0	1.525	11.7	0.0295893	0.000145781
0	1.525	11.9	0.0285689	0.000143271
0	1.525	12.1	0.0264347	0.000138021
0	1.525	12.3	0.0263005	0.000137774
0	1.525	12.5	0.0255975	0.000135787
0	1.525	12.7	0.0251499	0.000134887
0	1.525	12.9	0.0261245	0.000137333
0	1.525	13.1	0.0261297	0.000137069
0	1.525	13.3	0.0264475	0.000138156
0	1.525	13.5	0.025513	0.000135694
0	1.525	13.7	0.0264861	0.000137892
0	1.525	13.9	0.0289646	0.000144157
0	1.525	14.1	0.0315351	0.000150198
0	1.525	14.3	0.0334808	0.000155048
0	1.525	14.5	0.0346639	0.000157562
0	1.525	14.7	0.0355759	0.000159274
0	1.525	14.9	0.0360719	0.000160931
0	1.525	15.1	0.0342828	0.000156735
0	1.525	15.3	0.0334415	0.00015479
0	1.525	15.5	0.0307316	0.000148377
0	1.525	15.7	0.0288754	0.000144097
0	1.525	15.9	0.0274384	0.000140565
0	1.535	0.1	1	0
0	1.535	0.3	1	0
0	1.535	0.5	1	0
0	1.535	0.7	1	0
0	1.535	0.9	1	0
0	1.535	1.1	0.998945	2.78848e-05
0	1.535	1.3	0.988004	9.37296e-05
0	1.535	1.5	0.943083	0.000199366
0	1.535	1.7	0.867857	0.000291265
0	1.535	1.9	0.805403	0.00034044
0	1.535	2.1	0.761161	0.000366332
0	1.535	2.3	0.735081	0.000379708
0	1.535	2.5	0.712502	0.00038919
0	1.535	2.7	0.692331	0.000397219
0	1.535	2.9	0.675767	0.000402891
0	1.535	3.1	0.66651	0.000406113
0	1.535	3.3	0.655521	0.000409211
0	1.535	3.5	0.646333	0.00041127
0	1.535	3.7	0.637771	0.000412535
0	1.535	3.9	0.624801	0.000416413
0	1.535	4.1	0.599822	0.00042224
0	1.535	4.3	0.553574	0.000427225
0	1.535	4.5	0.504444	0.000429831
0	1.535	4.7	0.465252	0.000429362
0	1.535	4.9	0.43427	0.000425358
0	1.535	5.1	0.407996	0.000423762
0	1.535	5.3	0.388575	0.000418873
0	1.535	5.5	0.372842	0.000416
0	1.535	5.7	0.355173	0.000411489
0	1.535	5.9	0.34001	0.000407946
0	1.535	6.1	0.319792	0.000401631
0	1.535	6.3	0.291332	0.00039054
0	1.535	6.5	0.26713	0.000380998
0	1.535	6.7	0.247355	0.00037216
0	1.535	6.9	0.228437	0.00036174
0	1.535	7.1	0.215144	0.000353215
0	1.535	7.3	0.200907	0.000344408
0	1.535	7.5	0.189961	0.000337681
0	1.535	7.7	0.178237	0.000329581
0	1.535	7.9	0.164731	0.000318727
0	1.535	8.1	0.155539	0.000311071
0	1.535	8.3	0.144578	0.000302961
0	1.535	8.5	0.132137	0.000291317
0	1.535	8.7	0.123575	0.000283151
0	1.535	8.9	0.115114	0.000274194
0	1.535	9.1	0.109803	0.000268889
0	1.535	9.3	0.10333	0.000261347
0	1.535	9.5	0.0915451	0.00024796
0	1.535	9.7	0.0778668	0.000230047
0	1.535	9.9	0.0671781	0.000215644
0	1.535	10.1	0.0554182	0.000197143
0	1.535	10.3	0.0446802	0.000177617
0	1.535	10.5	0.0362138	0.000160527
0	1.535	10.7	0.0297932	0.000145728
0	1.535	10.9	0.0249445	0.000134162
0	1.535	11.1	0.0205689	0.000122135
0	1.535	11.3	0.0191808	0.000118245
0	1.535	11.5	0.0176041	0.000112983
0	1.535	11.7	0.0161883	0.000108383
0	1.535	11.9	0.0156517	0.000106644
0	1.535	12.1	0.0144381	0.000102492
0	1.535	12.3	0.0131313	9.78462e-05
0	1.535	12.5	0.0128739	9.7165e-05
0	1.535	12.7	0.0137044	0.000100124
0	1.535	12.9	0.012799	9.66593e-05
0	1.535	13.1	0.0130219	9.74402e-05
0	1.535	13.3	0.0131614	9.81552e-05
0	1.535	13.5	0.01369	0.000100288
0	1.535	13.7	0.0148781	0.000104444
0	1.535	13.9	0.0172489	0.000112303
0	1.535	14.1	0.0191489	0.000117836
0	1.535	14.3	0.021252	0.000124316
0	1.535	14.5	0.0238474	0.00013128
0	1.535	14.7	0.0255056	0.000135714
0	1.535	14.9	0.0256445	0.000136266
0	1.535	15.1	0.0253658	0.000134968
0	1.535	15.3	0.0258155	0.000136482
0	1.535	15.5	0.0247234	0.000133648
0	1.535	15.7	0.024717	0.000133472
0	1.535	15.9	0.0241539	0.000132394
0	1.545	0.1	1	0
0	1.545	0.3	1	0
0	1.545	0.5	1	0
0	1.545	0.7	1	0
0	1.545	0.9	0.998134	3.7161e-05
0	1.545	1.1	0.980967	0.000117545
0	1.545	1.3	0.924529	0.000226546
0	1.545	1.5	0.842536	0.000313799
0	1.545	1.7	0.782235	0.000355297
0	1.545	1.9	0.741248	0.000376476
0	1.545	2.1	0.714205	0.00038798
0	1.545	2.3	0.690929	0.00039776
0	1.545	2.5	0.672339	0.000403472
0	1.545	2.7	0.659735	0.00040797
0	1.545	2.9	0.646507	0.000410565
0	1.545	3.1	0.638358	0.000413114
0	1.545	3.3	0.628348	0.000415217
0	1.545	3.5	0.621661	0.000417014
0	1.545	3.7	0.614522	0.00041907
0	1.545	3.9	0.606903	0.000420069
0	1.545	4.1	0.58254	0.000424318
0	1.545	4.3	0.539744	0.000427949
0	1.545	4.5	0.489784	0.000430702
0	1.545	4.7	0.450332	0.000427208
0	1.545	4.9	0.41721	0.000424455
0	1.545	5.1	0.398593	0.000420789
0	1.545	5.3	0.376219	0.000416468
0	1.545	5.5	0.361534	0.000413598
0	1.545	5.7	0.344067	0.000408775
0	1.545	5.9	0.325236	0.000402354
0	1.545	6.1	0.305709	0.000397073
0	1.545	6.3	0.275191	0.000384281
0	1.545	6.5	0.249806	0.000372688
0	1.545	6.7	0.231207	0.000362797
0	1.545	6.9	0.216039	0.00035421
0	1.545	7.1	0.198708	0.000343699
0	1.545	7.3	0.185186	0.00033398
0	1.545	7.5	0.171151	0.000323118
0	1.545	7.7	0.158745	0.000314278
0	1.545	7.9	0.145404	0.000303698
0	1.545	8.1	0.131713	0.0002904
0	1.545	8.3	0.120783	0.000279821
0	1.545	8.5	0.109781	0.00026914
0	1.545	8.7	0.0959702	0.000253952
0	1.545	8.9	0.0842106	0.000238851
0	1.545	9.1	0.0767928	0.000229133
0	1.545	9.3	0.0701184	0.000219284
0	1.545	9.5	0.0622398	0.000207471
0	1.545	9.7	0.0501491	0.000187984
0	1.545	9.9	0.0408324	0.000170644
0	1.545	10.1	0.0320706	0.000151609
0	1.545	10.3	0.0244684	0.000133026
0	1.545	10.5	0.0196522	0.000119362
0	1.545	10.7	0.0158372	0.000107468
0	1.545	10.9	0.012834	9.67484e-05
0	1.545	11.1	0.0113156	9.08373e-05
0	1.545	11.3	0.00976972	8.47498e-05
0	1.545	11.5	0.00861575	7.93359e-05
0	1.545	11.7	0.00726416	7.29485e-05
0	1.545	11.9	0.00636426	6.86608e-05
0	1.545	12.1	0.00583949	6.56613e-05
0	1.545	12.3	0.00589755	6.59358e-05
0	1.545	12.5	0.00559055	6.41854e-05
0	1.545	12.7	0.0055518	6.39114e-05
0	1.545	12.9	0.00538299	6.29541e-05
0	1.545	13.1	0.00476189	5.9142e-05
0	1.545	13.3	0.00493097	6.02277e-05
0	1.545	13.5	0.00578964	6.5256e-05
0	1.545	13.7	0.0063684	6.82827e-05
0	1.545	13.9	0.00740242	7.37867e-05
0	1.545	14.1	0.00911939	8.17116e-05
0	1.545	14.3	0.011335	9.13292e-05
0	1.545	14.5	0.0132501	9.84186e-05
0	1.545	14.7	0.0138422	0.000100823
0	1.545	14.9	0.0167674	0.000110665
0	1.545	15.1	0.0178812	0.000114283
0	1.545	15.3	0.0190372	0.000117615
0	1.545	15.5	0.0206028	0.00012208
0	1.545	15.7	0.0216623	0.000125194
0	1.545	15.9	0.0220308	0.000126226
0	1.555	0.1	1	0
0	1.555	0.3	1	0
0	1.555	0.5	1	0
0	1.555	0.7	0.997098	4.63473e-05
0	1.555	0.9	0.972645	0.000140172
0	1.555	1.1	0.906245	0.000250714
0	1.555	1.3	0.820193	0.000330873
0	1.555	1.5	0.755941	0.000369445
0	1.555	1.7	0.720308	0.000385946
0	1.555	1.9	0.692241	0.000396313
0	1.555	2.1	0.668362	0.000405379
0	1.555	2.3	0.653506	0.00040872
0	1.555	2.5	0.644041	0.000411868
0	1.555	2.7	0.62864	0.000415718
0	1.555	2.9	0.61885	0.000419028
0	1.555	3.1	0.611026	0.000419131
0	1.555	3.3	0.606255	0.000420548
0	1.555	3.5	0.598037	0.000422083
0	1.555	3.7	0.591713	0.000423695
0	1.555	3.9	0.58735	0.000423805
0	1.555	4.1	0.563636	0.000426989
0	1.555	4.3	0.524505	0.000430155
0	1.555	4.5	0.47518	0.000429244
0	1.555	4.7	0.436756	0.000427822
0	1.555	4.9	0.408233	0.000422653
0	1.555	5.1	0.383697	0.000418421
0	1.555	5.3	0.36156	0.000412837
0	1.555	5.5	0.344851	0.000409763
0	1.555	5.7	0.33117	0.000404495
0	1.555	5.9	0.315904	0.000399303
0	1.555	6.1	0.292788	0.000390315
0	1.555	6.3	0.264045	0.000378229
0	1.555	6.5	0.238356	0.000366451
0	1.555	6.7	0.220306	0.000356661
0	1.555	6.9	0.199741	0.000345387
0	1.555	7.1	0.180488	0.000331554
0	1.555	7.3	0.166863	0.00032065
0	1.555	7.5	0.150542	0.000308102
0	1.555	7.7	0.136703	0.000294779
0	1.555	7.9	0.121503	0.000281487
0	1.555	8.1	0.108526	0.000267258
0	1.555	8.3	0.0950915	0.000252548
0	1.555	8.5	0.0821821	0.000236262
0	1.555	8.7	0.0688088	0.000217087
0	1.555	8.9	0.0587983	0.000201617
0	1.555	9.1	0.0494583	0.000186116
0	1.555	9.3	0.0417667	0.000172211
0	1.555	9.5	0.0355832	0.000159374
0	1.555	9.7	0.0275752	0.000140441
0	1.555	9.9	0.0210172	0.000123137
0	1.555	10.1	0.0154405	0.000106302
0	1.555	10.3	0.0113368	9.08822e-05
0	1.555	10.5	0.00883161	8.04018e-05
0	1.555	10.7	0.00756194	7.43252e-05
0	1.555	10.9	0.00628796	6.79637e-05
0	1.555	11.1	0.00507298	6.10004e-05
0	1.555	11.3	0.00431798	5.64151e-05
0	1.555	11.5	0.00343714	5.03397e-05
0	1.555	11.7	0.003052	4.75046e-05
0	1.555	11.9	0.00210092	3.9514e-05
0	1.555	12.1	0.00181286	3.65473e-05
0	1.555	12.3	0.00158576	3.41962e-05
0	1.555	12.5	0.00150988	3.34041e-05
0	1.555	12.7	0.00161833	3.46565e-05
0	1.555	12.9	0.0013184	3.12023e-05
0	1.555	13.1	0.00150642	3.33603e-05
0	1.555	13.3	0.00154529	3.37593e-05
0	1.555	13.5	0.00151637	3.34738e-05
0	1.555	13.7	0.00221091	4.03815e-05
0	1.555	13.9	0.00256926	4.34161e-05
0	1.555	14.1	0.00344061	5.03742e-05
0	1.555	14.3	0.00421012	5.56176e-05
0	1.555	14.5	0.00561185	6.41999e-05
0	1.555	14.7	0.00645367	6.88208e-05
0	1.555	14.9	0.00938802	8.29786e-05
0	1.555	15.1	0.0124413	9.54189e-05
0	1.555	15.3	0.0157627	0.000106977
0	1.555	15.5	0.0185211	0.000116262
0	1.555	15.7	0.0194189	0.000118743
0	1.555	15.9	0.0212097	0.000124126
0	1.565	0.1	1	0
0	1.565	0.3	0.999783	1.26827e-05
0	1.565	0.5	0.995399	5.83073e-05
0	1.565	0.7	0.966838	0.000153706
0	1.565	0.9	0.888832	0.0002706
0	1.565	1.1	0.796387	0.000345288
0	1.565	1.3	0.733729	0.000380982
0	1.565	1.5	0.696276	0.000395056
0	1.565	1.7	0.670112	0.000404248
0	1.565	1.9	0.650546	0.000409492
0	1.565	2.1	0.633661	0.000414746
0	1.565	2.3	0.62078	0.000417043
0	1.565	2.5	0.612388	0.000418915
0	1.565	2.7	0.602191	0.000423081
0	1.565	2.9	0.595394	0.000422219
0	1.565	3.1	0.58834	0.000423971
0	1.565	3.3	0.584016	0.000422887
0	1.565	3.5	0.579456	0.000424172
0	1.565	3.7	0.574597	0.000424818
0	1.565	3.9	0.56514	0.000425354
0	1.565	4.1	0.549596	0.00042914
0	1.565	4.3	0.508274	0.000430515
0	1.565	4.5	0.466246	0.000428189
0	1.565	4.7	0.423506	0.000424843
0	1.565	4.9	0.395873	0.000420349
0	1.565	5.1	0.370876	0.000415179
0	1.565	5.3	0.351071	0.000409682
0	1.565	5.5	0.335935	0.000405626
0	1.565	5.7	0.321935	0.000401519
0	1.565	5.9	0.303702	0.000395352
0	1.565	6.1	0.280367	0.000386245
0	1.565	6.3	0.248787	0.000371638
0	1.565	6.5	0.224288	0.000358746
0	1.565	6.7	0.200664	0.000345467
0	1.565	6.9	0.179162	0.000329526
0	1.565	7.1	0.161412	0.00031653
0	1.565	7.3	0.146329	0.000303561
0	1.565	7.5	0.130776	0.000289573
0	1.565	7.7	0.113437	0.00027275
0	1.565	7.9	0.100975	0.00025895
0	1.565	8.1	0.0833405	0.000237775
0	1.565	8.3	0.0700211	0.000219234
0	1.565	8.5	0.0584491	0.000201348
0	1.565	8.7	0.0465481	0.000181333
0	1.565	8.9	0.0370354	0.000162523
0	1.565	9.1	0.0284485	0.00014276
0	1.565	9.3	0.0217229	0.000125369
0	1.565	9.5	0.0160075	0.000107989
0	1.565	9.7	0.0123486	9.51868e-05
0	1.565	9.9	0.00923863	8.22634e-05
0	1.565	10.1	0.00601978	6.64596e-05
0	1.565	10.3	0.00437463	5.67944e-05
0	1.565	10.5	0.00335693	4.97649e-05
0	1.565	10.7	0.00342232	5.03019e-05
0	1.565	10.9	0.00311514	4.78732e-05
0	1.565	11.1	0.00231411	4.13415e-05
0	1.565	11.3	0.00168909	3.529e-05
0	1.565	11.5	0.00114015	2.90561e-05
0	1.565	11.7	0.000539185	2.00194e-05
0	1.565	11.9	0.000358134	1.62424e-05
0	1.565	12.1	0.000289604	1.46065e-05
0	1.565	12.3	0.000319661	1.53772e-05
0	1.565	12.5	0.000326295	1.5553e-05
0	1.565	12.7	0.000258718	1.3847e-05
0	1.565	12.9	0.000131647	9.89456e-06
0	1.565	13.1	0.000202168	1.22122e-05
0	1.565	13.3	0.000216365	1.26822e-05
0	1.565	13.5	0.000351603	1.6096e-05
0	1.565	13.7	0.000467908	1.85933e-05
0	1.565	13.9	0.000676727	2.23888e-05
0	1.565	14.1	0.000992953	2.71018e-05
0	1.565	14.3	0.00123339	3.01178e-05
0	1.565	14.5	0.00161326	3.45164e-05
0	1.565	14.7	0.00273392	4.48536e-05
0	1.565	14.9	0.00465586	5.85635e-05
0	1.565	15.1	0.00820105	7.77174e-05
0	1.565	15.3	0.0125268	9.54666e-05
0	1.565	15.5	0.0153595	0.000105752
0	1.565	15.7	0.0173725	0.000112486
0	1.565	15.9	0.0195267	0.000119124
0	1.575	0.1	0.999645	1.61825e-05
0	1.575	0.3	0.993745	6.7785e-05
0	1.575	0.5	0.957507	0.00017361
0	1.575	0.7	0.870727	0.000288943
0	1.575	0.9	0.770439	0.000361419
0	1.575	1.1	0.702465	0.000393527
0	1.575	1.3	0.666074	0.000406266
0	1.575	1.5	0.642228	0.000413532
0	1.575	1.7	0.627184	0.00041651
0	1.575	1.9	0.613184	0.000419364
0	1.575	2.1	0.604966	0.000420922
0	1.575	2.3	0.591147	0.000422703
0	1.575	2.5	0.583212	0.000424489
0	1.575	2.7	0.577314	0.000424506
0	1.575	2.9	0.572604	0.00042593
0	1.575	3.1	0.569061	0.000425712
0	1.575	3.3	0.560207	0.000426593
0	1.575	3.5	0.558065	0.000426903
0	1.575	3.7	0.556463	0.000427173
0	1.575	3.9	0.552739	0.000427682
0	1.575	4.1	0.534571	0.000428393
0	1.575	4.3	0.501426	0.00042945
0	1.575	4.5	0.451109	0.000428012
0	1.575	4.7	0.409431	0.000422499
0	1.575	4.9	0.38095	0.000417312
0	1.575	5.1	0.357381	0.000410957
0	1.575	5.3	0.339144	0.000408219
0	1.575	5.5	0.32297	0.000402041
0	1.575	5.7	0.305285	0.000397168
0	1.575	5.9	0.287281	0.000388661
0	1.575	6.1	0.26195	0.000377497
0	1.575	6.3	0.234131	0.000363451
0	1.575	6.5	0.206347	0.000348415
0	1.575	6.7	0.184905	0.0003346
0	1.575	6.9	0.162448	0.000317361
0	1.575	7.1	0.142232	0.000300875
0	1.575	7.3	0.123249	0.000283422
0	1.575	7.5	0.106581	0.000265344
0	1.575	7.7	0.0911776	0.000247629
0	1.575	7.9	0.0754531	0.000227147
0	1.575	8.1	0.0610764	0.000205567
0	1.575	8.3	0.0492684	0.000185789
0	1.575	8.5	0.0382404	0.000164964
0	1.575	8.7	0.0295195	0.000145546
0	1.575	8.9	0.0221545	0.000126768
0	1.575	9.1	0.0160829	0.00010807
0	1.575	9.3	0.010137	8.60559e-05
0	1.575	9.5	0.00654157	6.94852e-05
0	1.575	9.7	0.0038276	5.31105e-05
0	1.575	9.9	0.00240733	4.21183e-05
0	1.575	10.1	0.00152932	3.36202e-05
0	1.575	10.3	0.000839221	2.48889e-05
0	1.575	10.5	0.000818143	2.46466e-05
0	1.575	10.7	0.000844525	2.49475e-05
0	1.575	10.9	0.00126024	3.04833e-05
0	1.575	11.1	0.000961696	2.67112e-05
0	1.575	11.3	0.000427238	1.77824e-05
0	1.575	11.5	0.000139984	1.01548e-05
0	1.575	11.7	2.73923e-05	4.50321e-06
0	1.575	11.9	6.72275e-05	7.04712e-06
0	1.575	12.1	3.24368e-05	4.88995e-06
0	1.575	12.3	5.96318e-05	6.62556e-06
0	1.575	12.5	4.81137e-05	5.96762e-06
0	1.575	12.7	2.96349e-05	4.68563e-06
0	1.575	12.9	2.87343e-05	4.60111e-06
0	1.575	13.1	2.21544e-06	1.27908e-06
0	1.575	13.3	4.56962e-05	5.80329e-06
0	1.575	13.5	5.41595e-05	6.33872e-06
0	1.575	13.7	9.18692e-05	8.24972e-06
0	1.575	13.9	0.000125889	9.62634e-06
0	1.575	14.1	0.000186368	1.1739e-05
0	1.575	14.3	0.000445338	1.82072e-05
0	1.575	14.5	0.000646004	2.18443e-05
0	1.575	14.7	0.00105056	2.78251e-05
0	1.575	14.9	0.00288942	4.61477e-05
0	1.575	15.1	0.00488877	5.9925e-05
0	1.575	15.3	0.00805597	7.69461e-05
0	1.575	15.5	0.0129542	9.71302e-05
0	1.575	15.7	0.0163468	0.000109092
0	1.575	15.9	0.0174117	0.000112352
0	1.585	0.1	0.990151	8.48547e-05
0	1.585	0.3	0.949166	0.000188589
0	1.585	0.5	0.848136	0.000308709
0	1.585	0.7	0.739941	0.000377662
0	1.585	0.9	0.673201	0.00040298
0	1.585	1.1	0.635269	0.000413446
0	1.585	1.3	0.612321	0.000419175
0	1.585	1.5	0.597746	0.000421133
0	1.585	1.7	0.585112	0.000424003
0	1.585	1.9	0.578248	0.000425506
0	1.585	2.1	0.571106	0.00042664
0	1.585	2.3	0.562421	0.000427769
0	1.585	2.5	0.557552	0.000427911
0	1.585	2.7	0.552643	0.000426673
0	1.585	2.9	0.546262	0.000429246
0	1.585	3.1	0.54644	0.000427846
0	1.585	3.3	0.54554	0.000429242
0	1.585	3.5	0.543482	0.00042857
0	1.585	3.7	0.540512	0.000429276
0	1.585	3.9	0.536868	0.000427869
0	1.585	4.1	0.519156	0.000429498
0	1.585	4.3	0.486922	0.00043095
0	1.585	4.5	0.440071	0.000426851
0	1.585	4.7	0.399706	0.000421194
0	1.585	4.9	0.370958	0.000414853
0	1.585	5.1	0.347801	0.000408391
0	1.585	5.3	0.324739	0.000402035
0	1.585	5.5	0.314207	0.000398552
0	1.585	5.7	0.297636	0.000393171
0	1.585	5.9	0.277879	0.00038498
0	1.585	6.1	0.249371	0.000371765
0	1.585	6.3	0.216494	0.000353581
0	1.585	6.5	0.188802	0.000335822
0	1.585	6.7	0.161511	0.000316461
0	1.585	6.9	0.139174	0.000297447
0	1.585	7.1	0.117795	0.000277453
0	1.585	7.3	0.101277	0.000259162
0	1.585	7.5	0.0850403	0.000240434
0	1.585	7.7	0.068798	0.000217646
0	1.585	7.9	0.0554519	0.000196852
0	1.585	8.1	0.0420809	0.000172494
0	1.585	8.3	0.0343618	0.000156478
0	1.585	8.5	0.0239732	0.000131737
0	1.585	8.7	0.016935	0.000110719
0	1.585	8.9	0.011245	9.07362e-05
0	1.585	9.1	0.00766891	7.50989e-05
0	1.585	9.3	0.00399631	5.44052e-05
0	1.585	9.5	0.00223056	4.06382e-05
0	1.585	9.7	0.000846665	2.4978e-05
0	1.585	9.9	0.000445863	1.81379e-05
0	1.585	10.1	0.000257798	1.38376e-05
0	1.585	10.3	0.000107853	8.92547e-06
0	1.585	10.5	5.93365e-05	6.63382e-06
0	1.585	10.7	9.03495e-05	8.17949e-06
0	1.585	10.9	0.000128209	9.7189e-06
0	1.585	11.1	0.000126635	9.68338e-06
0	1.585	11.3	4.21241e-05	5.57935e-06
0	1.585	11.5	5.19993e-06	1.96538e-06
0	1.585	11.7	0	0
0	1.585	11.9	1.91638e-05	3.75829e-06
0	1.585	12.1	7.4152e-06	2.34488e-06
0	1.585	12.3	0	0
0	1.585	12.5	0	0
0	1.585	12.7	7.39491e-06	2.33847e-06
0	1.585	12.9	0	0
0	1.585	13.1	0	0
0	1.585	13.3	0	0
0	1.585	13.5	1.48412e-06	1.04943e-06
0	1.585	13.7	1.4743e-06	1.04249e-06
0	1.585	13.9	1.11169e-05	2.87036e-06
0	1.585	14.1	1.77209e-05	3.61723e-06
0	1.585	14.3	7.16818e-05	7.27793e-06
0	1.585	14.5	0.000163923	1.10258e-05
0	1.585	14.7	0.000632644	2.15787e-05
0	1.585	14.9	0.00175204	3.59498e-05
0	1.585	15.1	0.0036348	5.17311e-05
0	1.585	15.3	0.00584948	6.56273e-05
0	1.585	15.5	0.009248	8.2156e-05
0	1.585	15.7	0.0141359	0.000101474
0	1.585	15.9	0.0159862	0.000107892
0	1.595	0.1	0.908501	0.0002475
0	1.595	0.3	0.807725	0.000339029
0	1.595	0.5	0.696284	0.000396655
0	1.595	0.7	0.629537	0.000414621
0	1.595	0.9	0.596337	0.000421371
0	1.595	1.1	0.5781	0.000424394
0	1.595	1.3	0.566158	0.000425522
0	1.595	1.5	0.553914	0.000427666
0	1.595	1.7	0.551373	0.000427437
0	1.595	1.9	0.545022	0.000428618
0	1.595	2.1	0.54117	0.000429131
0	1.595	2.3	0.536183	0.000428138
0	1.595	2.5	0.533409	0.000429359
0	1.595	2.7	0.532585	0.000429552
0	1.595	2.9	0.529718	0.000429912
0	1.595	3.1	0.529739	0.000429293
0	1.595	3.3	0.524822	0.000429921
0	1.595	3.5	0.522708	0.000430028
0	1.595	3.7	0.524702	0.000429844
0	1.595	3.9	0.521505	0.000430035
0	1.595	4.1	0.508041	0.00043067
0	1.595	4.3	0.47377	0.000430051
0	1.595	4.5	0.430784	0.000425974
0	1.595	4.7	0.38994	0.00041804
0	1.595	4.9	0.361252	0.00041189
0	1.595	5.1	0.335276	0.000405913
0	1.595	5.3	0.318019	0.000399759
0	1.595	5.5	0.302139	0.000395603
0	1.595	5.7	0.284978	0.000388687
0	1.595	5.9	0.265687	0.000379585
0	1.595	6.1	0.229067	0.0003616
0	1.595	6.3	0.198195	0.000342685
0	1.595	6.5	0.168833	0.000322374
0	1.595	6.7	0.141671	0.00029977
0	1.595	6.9	0.119313	0.000279741
0	1.595	7.1	0.0990398	0.000256721
0	1.595	7.3	0.0806874	0.000233563
0	1.595	7.5	0.0649816	0.000211673
0	1.595	7.7	0.0500148	0.000187248
0	1.595	7.9	0.0388709	0.000166834
0	1.595	8.1	0.0288157	0.000143724
0	1.595	8.3	0.0199887	0.000120269
0	1.595	8.5	0.0131959	9.82718e-05
0	1.595	8.7	0.00896553	8.08983e-05
0	1.595	8.9	0.00509142	6.11684e-05
0	1.595	9.1	0.00317958	4.8366e-05
0	1.595	9.3	0.00152858	3.36283e-05
0	1.595	9.5	0.000623665	2.14607e-05
0	1.595	9.7	0.000250017	1.35975e-05
0	1.595	9.9	7.36995e-05	7.36967e-06
0	1.595	10.1	2.21544e-05	4.04477e-06
0	1.595	10.3	1.92686e-05	3.77884e-06
0	1.595	10.5	2.95233e-06	1.47617e-06
0	1.595	10.7	0	0
0	1.595	10.9	0	0
0	1.595	11.1	0	0
0	1.595	11.3	0	0
0	1.595	11.5	0	0
0	1.595	11.7	0	0
0	1.595	11.9	0	0
0	1.595	12.1	0	0
0	1.595	12.3	1.48007e-06	1.04657e-06
0	1.595	12.5	0	0
0	1.595	12.7	0	0
0	1.595	12.9	0	0
0	1.595	13.1	0	0
0	1.595	13.3	0	0
0	1.595	13.5	0	0
0	1.595	13.7	0	0
0	1.595	13.9	1.25293e-05	3.03877e-06
0	1.595	14.1	0	0
0	1.595	14.3	0	0
0	1.595	14.5	7.87509e-05	7.64866e-06
0	1.595	14.7	0.000289003	1.46321e-05
0	1.595	14.9	0.00110771	2.86713e-05
0	1.595	15.1	0.00280384	4.55706e-05
0	1.595	15.3	0.00482256	5.96491e-05
0	1.595	15.5	0.0071973	7.26346e-05
0	1.595	15.7	0.0098599	8.51377e-05
0	1.595	15.9	0.012854	9.69906e-05
0	1.605	0.1	0.642413	0.000411847
0	1.605	0.3	0.587638	0.000422552
0	1.605	0.5	0.551602	0.000426675
0	1.605	0.7	0.534444	0.000428105
0	1.605	0.9	0.52318	0.000428624
0	1.605	1.1	0.518211	0.0004297
0	1.605	1.3	0.517918	0.000430874
0	1.605	1.5	0.516151	0.000429267
0	1.605	1.7	0.516976	0.000430626
0	1.605	1.9	0.511711	0.00043025
0	1.605	2.1	0.513801	0.000429986
0	1.605	2.3	0.511721	0.000429329
0	1.605	2.5	0.513627	0.00042841
0	1.605	2.7	0.510121	0.000429212
0	1.605	2.9	0.509618	0.000430025
0	1.605	3.1	0.51171	0.000429326
0	1.605	3.3	0.509652	0.00042878
0	1.605	3.5	0.508399	0.00043029
0	1.605	3.7	0.506903	0.000429861
0	1.605	3.9	0.504914	0.000429994
0	1.605	4.1	0.493781	0.000429992
0	1.605	4.3	0.465745	0.000429357
0	1.605	4.5	0.421562	0.0004246
0	1.605	4.7	0.384506	0.000418205
0	1.605	4.9	0.349859	0.00040974
0	1.605	5.1	0.329357	0.000404493
0	1.605	5.3	0.307619	0.000397131
0	1.605	5.5	0.293535	0.000391505
0	1.605	5.7	0.272736	0.000383161
0	1.605	5.9	0.249139	0.000371867
0	1.605	6.1	0.211202	0.000351744
0	1.605	6.3	0.177299	0.000328382
0	1.605	6.5	0.146218	0.000304102
0	1.605	6.7	0.119493	0.000279352
0	1.605	6.9	0.097078	0.000254748
0	1.605	7.1	0.0792614	0.000231861
0	1.605	7.3	0.0613796	0.00020659
0	1.605	7.5	0.0476966	0.000183532
0	1.605	7.7	0.0355707	0.000159273
0	1.605	7.9	0.025277	0.000135015
0	1.605	8.1	0.0177736	0.000113782
0	1.605	8.3	0.0122567	9.46594e-05
0	1.605	8.5	0.00697393	7.15994e-05
0	1.605	8.7	0.00382601	5.30117e-05
0	1.605	8.9	0.00205101	3.88388e-05
0	1.605	9.1	0.00105542	2.79538e-05
0	1.605	9.3	0.000572477	2.06247e-05
0	1.605	9.5	0.000145474	1.03638e-05
0	1.605	9.7	1.03571e-05	2.76802e-06
0	1.605	9.9	2.96592e-06	1.48296e-06
0	1.605	10.1	0	0
0	1.605	10.3	0	0
0	1.605	10.5	0	0
0	1.605	10.7	0	0
0	1.605	10.9	0	0
0	1.605	11.1	0	0
0	1.605	11.3	0	0
0	1.605	11.5	0	0
0	1.605	11.7	0	0
0	1.605	11.9	0	0
0	1.605	12.1	0	0
0	1.605	12.3	0	0
0	1.605	12.5	0	0
0	1.605	12.7	0	0
0	1.605	12.9	0	0
0	1.605	13.1	0	0
0	1.605	13.3	0	0
0	1.605	13.5	0	0
0	1.605	13.7	0	0
0	1.605	13.9	0	0
0	1.605	14.1	0	0
0	1.605	14.3	1.18689e-05	2.96721e-06
0	1.605	14.5	2.29378e-05	4.11971e-06
0	1.605	14.7	0.000203708	1.23052e-05
0	1.605	14.9	0.000656444	2.20464e-05
0	1.605	15.1	0.00210292	3.94468e-05
0	1.605	15.3	0.00405933	5.47294e-05
0	1.605	15.5	0.00554716	6.39264e-05
0	1.605	15.7	0.00642569	6.86374e-05
0	1.605	15.9	0.00654051	6.92228e-05
0	1.615	0.1	0.0819556	0.000236166
0	1.615	0.3	0.180494	0.000330638
0	1.615	0.5	0.294332	0.000392385
0	1.615	0.7	0.364233	0.000413849
0	1.615	0.9	0.402165	0.000421978
0	1.615	1.1	0.424301	0.000424988
0	1.615	1.3	0.435773	0.000426367
0	1.615	1.5	0.441257	0.000427875
0	1.615	1.7	0.448268	0.000426803
0	1.615	1.9	0.455694	0.000428408
0	1.615	2.1	0.460312	0.000429109
0	1.615	2.3	0.466044	0.000427958
0	1.615	2.5	0.467455	0.000428857
0	1.615	2.7	0.472442	0.000429203
0	1.615	2.9	0.474023	0.000428724
0	1.615	3.1	0.477127	0.000428683
0	1.615	3.3	0.473731	0.000428855
0	1.615	3.5	0.47871	0.000430208
0	1.615	3.7	0.482764	0.000429538
0	1.615	3.9	0.479259	0.000429161
0	1.615	4.1	0.471397	0.000429867
0	1.615	4.3	0.445956	0.000428426
0	1.615	4.5	0.402233	0.00042118
0	1.615	4.7	0.363286	0.000413386
0	1.615	4.9	0.334483	0.000405509
0	1.615	5.1	0.311698	0.000397644
0	1.615	5.3	0.293624	0.000391414
0	1.615	5.5	0.277269	0.00038454
0	1.615	5.7	0.256006	0.000376138
0	1.615	5.9	0.227858	0.000361272
0	1.615	6.1	0.189314	0.00033755
0	1.615	6.3	0.154424	0.000311055
0	1.615	6.5	0.123278	0.000283982
0	1.615	6.7	0.0975232	0.00025537
0	1.615	6.9	0.0778475	0.000230296
0	1.615	7.1	0.0615953	0.000206655
0	1.615	7.3	0.0461833	0.000181031
0	1.615	7.5	0.0329959	0.000153749
0	1.615	7.7	0.0234071	0.000130142
0	1.615	7.9	0.0163774	0.000109201
0	1.615	8.1	0.0105363	8.77722e-05
0	1.615	8.3	0.00650096	6.91024e-05
0	1.615	8.5	0.00343017	5.03027e-05
0	1.615	8.7	0.00135217	3.1622e-05
0	1.615	8.9	0.000816713	2.4559e-05
0	1.615	9.1	0.000205178	1.23267e-05
0	1.615	9.3	0.000127179	9.69671e-06
0	1.615	9.5	3.17857e-05	4.8472e-06
0	1.615	9.7	2.49879e-05	4.28533e-06
0	1.615	9.9	0	0
0	1.615	10.1	0	0
0	1.615	10.3	0	0
0	1.615	10.5	0	0
0	1.615	10.7	0	0
0	1.615	10.9	0	0
0	1.615	11.1	0	0
0	1.615	11.3	0	0
0	1.615	11.5	0	0
0	1.615	11.7	0	0
0	1.615	11.9	0	0
0	1.615	12.1	0	0
0	1.615	12.3	0	0
0	1.615	12.5	0	0
0	1.615	12.7	0	0
0	1.615	12.9	0	0
0	1.615	13.1	0	0
0	1.615	13.3	0	0
0	1.615	13.5	0	0
0	1.615	13.7	0	0
0	1.615	13.9	0	0
0	1.615	14.1	0	0
0	1.615	14.3	0	0
0	1.615	14.5	0	0
0	1.615	14.7	0.000112745	9.11442e-06
0	1.615	14.9	0.000497382	1.91964e-05
0	1.615	15.1	0.00149144	3.32087e-05
0	1.615	15.3	0.00292899	4.64414e-05
0	1.615	15.5	0.00301317	4.7276e-05
0	1.615	15.7	0.00169713	3.53729e-05
0	1.615	15.9	0.000662138	2.21255e-05
0	1.625	0.1	0.000232309	1.31294e-05
0	1.625	0.3	0.00540785	6.30149e-05
0	1.625	0.5	0.0429648	0.000174013
0	1.625	0.7	0.132076	0.000291581
0	1.625	0.9	0.231254	0.000362989
0	1.625	1.1	0.297951	0.000393259
0	1.625	1.3	0.331265	0.000405941
0	1.625	1.5	0.360871	0.000412497
0	1.625	1.7	0.376967	0.000416931
0	1.625	1.9	0.390437	0.000419225
0	1.625	2.1	0.403214	0.000422103
0	1.625	2.3	0.411765	0.00042405
0	1.625	2.5	0.418134	0.000423963
0	1.625	2.7	0.425068	0.000424547
0	1.625	2.9	0.433202	0.000425486
0	1.625	3.1	0.438046	0.000426416
0	1.625	3.3	0.441365	0.00042734
0	1.625	3.5	0.445494	0.000427723
0	1.625	3.7	0.444956	0.000428251
0	1.625	3.9	0.450949	0.000426869
0	1.625	4.1	0.44734	0.000428804
0	1.625	4.3	0.420836	0.000423792
0	1.625	4.5	0.380062	0.000416324
0	1.625	4.7	0.339938	0.000407831
0	1.625	4.9	0.312315	0.000398391
0	1.625	5.1	0.29032	0.000391206
0	1.625	5.3	0.270924	0.000381493
0	1.625	5.5	0.2534	0.000374266
0	1.625	5.7	0.232517	0.000364347
0	1.625	5.9	0.201482	0.000345461
0	1.625	6.1	0.161844	0.000316381
0	1.625	6.3	0.127374	0.000286556
0	1.625	6.5	0.100706	0.000258826
0	1.625	6.7	0.0775719	0.000229776
0	1.625	6.9	0.0592052	0.000203572
0	1.625	7.1	0.0455999	0.000179316
0	1.625	7.3	0.0314707	0.000150592
0	1.625	7.5	0.0223829	0.000127597
0	1.625	7.7	0.0154449	0.000105809
0	1.625	7.9	0.00953434	8.36869e-05
0	1.625	8.1	0.00597269	6.61484e-05
0	1.625	8.3	0.00329577	4.92193e-05
0	1.625	8.5	0.00125931	3.04341e-05
0	1.625	8.7	0.000456387	1.83247e-05
0	1.625	8.9	0.000229659	1.30213e-05
0	1.625	9.1	3.77806e-05	5.29024e-06
0	1.625	9.3	8.12336e-06	2.44927e-06
0	1.625	9.5	0	0
0	1.625	9.7	0	0
0	1.625	9.9	0	0
0	1.625	10.1	0	0
0	1.625	10.3	0	0
0	1.625	10.5	0	0
0	1.625	10.7	0	0
0	1.625	10.9	0	0
0	1.625	11.1	0	0
0	1.625	11.3	0	0
0	1.625	11.5	0	0
0	1.625	11.7	0	0
0	1.625	11.9	0	0
0	1.625	12.1	0	0
0	1.625	12.3	0	0
0	1.625	12.5	0	0
0	1.625	12.7	0	0
0	1.625	12.9	0	0
0	1.625	13.1	0	0
0	1.625	13.3	0	0
0	1.625	13.5	0	0
0	1.625	13.7	0	0
0	1.625	13.9	0	0
0	1.625	14.1	0	0
0	1.625	14.3	0	0
0	1.625	14.5	0	0
0	1.625	14.7	3.10998e-05	4.79874e-06
0	1.625	14.9	0.000248974	1.35809e-05
0	1.625	15.1	0.000854696	2.51382e-05
0	1.625	15.3	0.000878633	2.55343e-05
0	1.625	15.5	0.000427212	1.77199e-05
0	1.625	15.7	1.77597e-05	3.62515e-06
0	1.625	15.9	3.18958e-05	4.86399e-06
0	1.635	0.1	0	0
0	1.635	0.3	0	0
0	1.635	0.5	0.000390391	1.70024e-05
0	1.635	0.7	0.00719694	7.28743e-05
0	1.635	0.9	0.0490238	0.000186051
0	1.635	1.1	0.133574	0.000292874
0	1.635	1.3	0.219214	0.000355496
0	1.635	1.5	0.269133	0.000383358
0	1.635	1.7	0.300306	0.000393525
0	1.635	1.9	0.325227	0.00040385
0	1.635	2.1	0.34284	0.000407809
0	1.635	2.3	0.359193	0.000411512
0	1.635	2.5	0.370738	0.000416093
0	1.635	2.7	0.382141	0.000417336
0	1.635	2.9	0.391325	0.00041968
0	1.635	3.1	0.400764	0.000421773
0	1.635	3.3	0.407893	0.000422592
0	1.635	3.5	0.410417	0.000424335
0	1.635	3.7	0.418201	0.000423595
0	1.635	3.9	0.421089	0.000425955
0	1.635	4.1	0.418616	0.000423637
0	1.635	4.3	0.393828	0.000420493
0	1.635	4.5	0.355362	0.00041116
0	1.635	4.7	0.318146	0.000400254
0	1.635	4.9	0.288869	0.000389834
0	1.635	5.1	0.264503	0.000378946
0	1.635	5.3	0.249422	0.000372318
0	1.635	5.5	0.232959	0.000364202
0	1.635	5.7	0.208893	0.000350132
0	1.635	5.9	0.174849	0.000326607
0	1.635	6.1	0.13707	0.000295884
0	1.635	6.3	0.103126	0.000261662
0	1.635	6.5	0.0792889	0.000232309
0	1.635	6.7	0.0592207	0.000202968
0	1.635	6.9	0.0446336	0.000177164
0	1.635	7.1	0.0330262	0.0001538
0	1.635	7.3	0.0219064	0.000125777
0	1.635	7.5	0.0146384	0.000103397
0	1.635	7.7	0.00909216	8.18008e-05
0	1.635	7.9	0.00567862	6.4488e-05
0	1.635	8.1	0.00292299	4.64284e-05
0	1.635	8.3	0.00119696	2.98594e-05
0	1.635	8.5	0.000494144	1.9143e-05
0	1.635	8.7	0.000223924	1.28626e-05
0	1.635	8.9	0.000137052	1.00484e-05
0	1.635	9.1	2.0009e-05	3.8507e-06
0	1.635	9.3	0	0
0	1.635	9.5	0	0
0	1.635	9.7	0	0
0	1.635	9.9	0	0
0	1.635	10.1	0	0
0	1.635	10.3	0	0
0	1.635	10.5	0	0
0	1.635	10.7	0	0
0	1.635	10.9	0	0
0	1.635	11.1	0	0
0	1.635	11.3	0	0
0	1.635	11.5	0	0
0	1.635	11.7	0	0
0	1.635	11.9	0	0
0	1.635	12.1	0	0
0	1.635	12.3	0	0
0	1.635	12.5	0	0
0	1.635	12.7	0	0
0	1.635	12.9	0	0
0	1.635	13.1	0	0
0	1.635	13.3	0	0
0	1.635	13.5	0	0
0	1.635	13.7	0	0
0	1.635	13.9	0	0
0	1.635	14.1	0	0
0	1.635	14.3	0	0
0	1.635	14.5	0	0
0	1.635	14.7	5.15709e-06	1.94919e-06
0	1.635	14.9	5.41059e-05	6.33244e-06
0	1.635	15.1	1.41236e-05	3.24016e-06
0	1.635	15.3	1.47718e-05	3.30306e-06
0	1.635	15.5	7.38935e-07	7.38935e-07
0	1.635	15.7	0	0
0	1.635	15.9	0	0
0	1.645	0.1	0	0
0	1.645	0.3	0	0
0	1.645	0.5	0	0
0	1.645	0.7	1.54399e-05	3.36923e-06
0	1.645	0.9	0.000818107	2.46232e-05
0	1.645	1.1	0.013221	9.80723e-05
0	1.645	1.3	0.0638964	0.00021026
0	1.645	1.5	0.146505	0.000303455
0	1.645	1.7	0.211114	0.000351088
0	1.645	1.9	0.253462	0.000373879
0	1.645	2.1	0.284424	0.000388274
0	1.645	2.3	0.307873	0.00039763
0	1.645	2.5	0.326172	0.000402891
0	1.645	2.7	0.339659	0.000407095
0	1.645	2.9	0.351621	0.00040975
0	1.645	3.1	0.361375	0.00041298
0	1.645	3.3	0.3695	0.000415195
0	1.645	3.5	0.380415	0.000418079
0	1.645	3.7	0.385192	0.000419149
0	1.645	3.9	0.395074	0.000419712
0	1.645	4.1	0.390174	0.000419472
0	1.645	4.3	0.37002	0.000415443
0	1.645	4.5	0.332936	0.000404808
0	1.645	4.7	0.295146	0.000391424
0	1.645	4.9	0.267359	0.000380785
0	1.645	5.1	0.245617	0.000370047
0	1.645	5.3	0.226331	0.000359864
0	1.645	5.5	0.209706	0.000349959
0	1.645	5.7	0.184844	0.000333807
0	1.645	5.9	0.150047	0.000306581
0	1.645	6.1	0.113196	0.000272119
0	1.645	6.3	0.0836977	0.000238
0	1.645	6.5	0.0614096	0.000206577
0	1.645	6.7	0.0460681	0.000179906
0	1.645	6.9	0.032081	0.000151072
0	1.645	7.1	0.0229298	0.00012886
0	1.645	7.3	0.014243	0.000102095
0	1.645	7.5	0.00839202	7.85336e-05
0	1.645	7.7	0.00553655	6.37703e-05
0	1.645	7.9	0.00279611	4.54151e-05
0	1.645	8.1	0.00122263	3.00716e-05
0	1.645	8.3	0.000523075	1.96811e-05
0	1.645	8.5	0.000123924	9.58891e-06
0	1.645	8.7	2.13762e-05	3.96941e-06
0	1.645	8.9	1.91836e-05	3.76218e-06
0	1.645	9.1	0	0
0	1.645	9.3	0	0
0	1.645	9.5	0	0
0	1.645	9.7	0	0
0	1.645	9.9	0	0
0	1.645	10.1	0	0
0	1.645	10.3	0	0
0	1.645	10.5	0	0
0	1.645	10.7	0	0
0	1.645	10.9	0	0
0	1.645	11.1	0	0
0	1.645	11.3	0	0
0	1.645	11.5	0	0
0	1.645	11.7	0	0
0	1.645	11.9	0	0
0	1.645	12.1	0	0
0	1.645	12.3	0	0
0	1.645	12.5	0	0
0	1.645	12.7	0	0
0	1.645	12.9	0	0
0	1.645	13.1	0	0
0	1.645	13.3	0	0
0	1.645	13.5	0	0
0	1.645	13.7	0	0
0	1.645	13.9	0	0
0	1.645	14.1	0	0
0	1.645	14.3	0	0
0	1.645	14.5	0	0
0	1.645	14.7	0	0
0	1.645	14.9	0	0
0	1.645	15.1	0	0
0	1.645	15.3	0	0
0	1.645	15.5	0	0
0	1.645	15.7	0	0
0	1.645	15.9	0	0
0	1.655	0.1	0	0
0	1.655	0.3	0	0
0	1.655	0.5	0	0
0	1.655	0.7	0	0
0	1.655	0.9	0	0
0	1.655	1.1	9.73067e-05	8.46905e-06
0	1.655	1.3	0.00302059	4.7091e-05
0	1.655	1.5	0.0254228	0.000135425
0	1.655	1.7	0.0876859	0.000243792
0	1.655	1.9	0.16202	0.000316828
0	1.655	2.1	0.214057	0.000352952
0	1.655	2.3	0.2467	0.000370545
0	1.655	2.5	0.272577	0.000381754
0	1.655	2.7	0.294177	0.000391457
0	1.655	2.9	0.309107	0.000397377
0	1.655	3.1	0.324268	0.000403094
0	1.655	3.3	0.335094	0.000407019
0	1.655	3.5	0.347939	0.00040858
0	1.655	3.7	0.35396	0.000412219
0	1.655	3.9	0.361046	0.000412096
0	1.655	4.1	0.363092	0.000412591
0	1.655	4.3	0.347626	0.000410294
0	1.655	4.5	0.31009	0.000397327
0	1.655	4.7	0.271111	0.000382664
0	1.655	4.9	0.245418	0.000370513
0	1.655	5.1	0.22606	0.000360079
0	1.655	5.3	0.208442	0.000348899
0	1.655	5.5	0.187736	0.000335165
0	1.655	5.7	0.160371	0.000316065
0	1.655	5.9	0.126586	0.000285629
0	1.655	6.1	0.0912233	0.000247304
0	1.655	6.3	0.063908	0.000210474
0	1.655	6.5	0.0460016	0.000180751
0	1.655	6.7	0.0342072	0.000156438
0	1.655	6.9	0.0223351	0.000126655
0	1.655	7.1	0.0144194	0.000102337
0	1.655	7.3	0.00871029	7.98347e-05
0	1.655	7.5	0.00493246	6.00794e-05
0	1.655	7.7	0.0026334	4.40963e-05
0	1.655	7.9	0.00126059	3.05635e-05
0	1.655	8.1	0.000667523	2.22064e-05
0	1.655	8.3	0.000127489	9.69221e-06
0	1.655	8.5	9.61891e-06	2.66779e-06
0	1.655	8.7	0	0
0	1.655	8.9	2.21804e-06	1.28058e-06
0	1.655	9.1	0	0
0	1.655	9.3	0	0
0	1.655	9.5	0	0
0	1.655	9.7	0	0
0	1.655	9.9	0	0
0	1.655	10.1	0	0
0	1.655	10.3	0	0
0	1.655	10.5	0	0
0	1.655	10.7	0	0
0	1.655	10.9	0	0
0	1.655	11.1	0	0
0	1.655	11.3	0	0
0	1.655	11.5	0	0
0	1.655	11.7	0	0
0	1.655	11.9	0	0
0	1.655	12.1	0	0
0	1.655	12.3	0	0
0	1.655	12.5	0	0
0	1.655	12.7	0	0
0	1.655	12.9	0	0
0	1.655	13.1	0	0
0	1.655	13.3	0	0
0	1.655	13.5	0	0
0	1.655	13.7	0	0
0	1.655	13.9	0	0
0	1.655	14.1	0	0
0	1.655	14.3	0	0
0	1.655	14.5	0	0
0	1.655	14.7	0	0
0	1.655	14.9	0	0
0	1.655	15.1	0	0
0	1.655	15.3	0	0
0	1.655	15.5	0	0
0	1.655	15.7	0	0
0	1.655	15.9	0	0
0	1.665	0.1	0	0
0	1.665	0.3	0	0
0	1.665	0.5	0	0
0	1.665	0.7	0	0
0	1.665	0.9	0	0
0	1.665	1.1	0	0
0	1.665	1.3	4.44453e-06	1.81447e-06
0	1.665	1.5	0.000730443	2.32182e-05
0	1.665	1.7	0.00937911	8.28545e-05
0	1.665	1.9	0.050391	0.000187759
0	1.665	2.1	0.120677	0.000279801
0	1.665	2.3	0.177159	0.000328522
0	1.665	2.5	0.218087	0.000355051
0	1.665	2.7	0.246423	0.000370162
0	1.665	2.9	0.266512	0.000380789
0	1.665	3.1	0.285228	0.000388905
0	1.665	3.3	0.300696	0.000393576
0	1.665	3.5	0.315419	0.000398826
0	1.665	3.7	0.324579	0.000403264
0	1.665	3.9	0.33337	0.000405968
0	1.665	4.1	0.337362	0.00040635
0	1.665	4.3	0.321313	0.000401807
0	1.665	4.5	0.290257	0.000390547
0	1.665	4.7	0.252738	0.00037309
0	1.665	4.9	0.225388	0.000359628
0	1.665	5.1	0.203647	0.000346489
0	1.665	5.3	0.187322	0.000335459
0	1.665	5.5	0.166466	0.000320458
0	1.665	5.7	0.138364	0.00029752
0	1.665	5.9	0.100824	0.000258997
0	1.665	6.1	0.067965	0.000216817
0	1.665	6.3	0.0455216	0.00017917
0	1.665	6.5	0.0323214	0.000152088
0	1.665	6.7	0.0228629	0.000128465
0	1.665	6.9	0.0139288	0.000100638
0	1.665	7.1	0.00826527	7.77656e-05
0	1.665	7.3	0.00404609	5.45015e-05
0	1.665	7.5	0.00205473	3.90285e-05
0	1.665	7.7	0.000945879	2.64774e-05
0	1.665	7.9	0.000486705	1.89835e-05
0	1.665	8.1	0.000104445	8.79537e-06
0	1.665	8.3	5.16593e-06	1.95253e-06
0	1.665	8.5	5.15482e-06	1.94833e-06
0	1.665	8.7	0	0
0	1.665	8.9	0	0
0	1.665	9.1	0	0
0	1.665	9.3	0	0
0	1.665	9.5	0	0
0	1.665	9.7	0	0
0	1.665	9.9	0	0
0	1.665	10.1	0	0
0	1.665	10.3	0	0
0	1.665	10.5	0	0
0	1.665	10.7	0	0
0	1.665	10.9	0	0
0	1.665	11.1	0	0
0	1.665	11.3	0	0
0	1.665	11.5	0	0
0	1.665	11.7	0	0
0	1.665	11.9	0	0
0	1.665	12.1	0	0
0	1.665	12.3	0	0
0	1.665	12.5	0	0
0	1.665	12.7	0	0
0	1.665	12.9	0	0
0	1.665	13.1	0	0
0	1.665	13.3	0	0
0	1.665	13.5	0	0
0	1.665	13.7	0	0
0	1.665	13.9	0	0
0	1.665	14.1	0	0
0	1.665	14.3	0	0
0	1.665	14.5	0	0
0	1.665	14.7	0	0
0	1.665	14.9	0	0
0	1.665	15.1	0	0
0	1.665	15.3	0	0
0	1.665	15.5	0	0
0	1.665	15.7	0	0
0	1.665	15.9	0	0
0	1.675	0.1	0	0
0	1.675	0.3	0	0
0	1.675	0.5	0	0
0	1.675	0.7	0	0
0	1.675	0.9	0	0
0	1.675	1.1	0	0
0	1.675	1.3	0	0
0	1.675	1.5	0	0
0	1.675	1.7	0.000166097	1.10969e-05
0	1.675	1.9	0.00342203	5.03633e-05
0	1.675	2.1	0.0274263	0.000140665
0	1.675	2.3	0.0866766	0.000242022
0	1.675	2.5	0.147847	0.000305549
0	1.675	2.7	0.193583	0.00033987
0	1.675	2.9	0.224987	0.000359255
0	1.675	3.1	0.245916	0.000370711
0	1.675	3.3	0.266809	0.000380577
0	1.675	3.5	0.283479	0.000388444
0	1.675	3.7	0.295332	0.000392641
0	1.675	3.9	0.305726	0.000395838
0	1.675	4.1	0.312569	0.000398897
0	1.675	4.3	0.299304	0.000392911
0	1.675	4.5	0.266818	0.000379887
0	1.675	4.7	0.232887	0.0003626
0	1.675	4.9	0.207585	0.00034833
0	1.675	5.1	0.185268	0.000334579
0	1.675	5.3	0.16989	0.00032302
0	1.675	5.5	0.147014	0.000304601
0	1.675	5.7	0.116322	0.000275405
0	1.675	5.9	0.0785827	0.000231168
0	1.675	6.1	0.0466713	0.000181021
0	1.675	6.3	0.0287174	0.000143854
0	1.675	6.5	0.018523	0.000115994
0	1.675	6.7	0.011109	9.03534e-05
0	1.675	6.9	0.00614909	6.71055e-05
0	1.675	7.1	0.00272942	4.49011e-05
0	1.675	7.3	0.000887487	2.5555e-05
0	1.675	7.5	0.000317362	1.532e-05
0	1.675	7.7	0.000110869	9.05191e-06
0	1.675	7.9	1.47575e-05	3.29985e-06
0	1.675	8.1	4.45463e-06	1.81859e-06
0	1.675	8.3	0	0
0	1.675	8.5	0	0
0	1.675	8.7	0	0
0	1.675	8.9	0	0
0	1.675	9.1	0	0
0	1.675	9.3	0	0
0	1.675	9.5	0	0
0	1.675	9.7	0	0
0	1.675	9.9	0	0
0	1.675	10.1	0	0
0	1.675	10.3	0	0
0	1.675	10.5	0	0
0	1.675	10.7	0	0
0	1.675	10.9	0	0
0	1.675	11.1	0	0
0	1.675	11.3	0	0
0	1.675	11.5	0	0
0	1.675	11.7	0	0
0	1.675	11.9	0	0
0	1.675	12.1	0	0
0	1.675	12.3	0	0
0	1.675	12.5	0	0
0	1.675	12.7	0	0
0	1.675	12.9	0	0
0	1.675	13.1	0	0
0	1.675	13.3	0	0
0	1.675	13.5	0	0
0	1.675	13.7	0	0
0	1.675	13.9	0	0
0	1.675	14.1	0	0
0	1.675	14.3	0	0
0	1.675	14.5	0	0
0	1.675	14.7	0	0
0	1.675	14.9	0	0
0	1.675	15.1	0	0
0	1.675	15.3	0	0
0	1.675	15.5	0	0
0	1.675	15.7	0	0
0	1.675	15.9	0	0
0	1.685	0.1	0	0
0	1.685	0.3	0	0
0	1.685	0.5	0	0
0	1.685	0.7	0	0
0	1.685	0.9	0	0
0	1.685	1.1	0	0
0	1.685	1.3	0	0
0	1.685	1.5	0	0
0	1.685	1.7	0	0
0	1.685	1.9	2.51729e-05	4.31706e-06
0	1.685	2.1	0.00152218	3.33426e-05
0	1.685	2.3	0.015428	0.000105765
0	1.685	2.5	0.061019	0.000205638
0	1.685	2.7	0.12275	0.000282208
0	1.685	2.9	0.17142	0.000325062
0	1.685	3.1	0.205617	0.000346654
0	1.685	3.3	0.228139	0.000361205
0	1.685	3.5	0.249383	0.00037217
0	1.685	3.7	0.267255	0.00038016
0	1.685	3.9	0.282928	0.00038698
0	1.685	4.1	0.28549	0.000389249
0	1.685	4.3	0.278608	0.000385035
0	1.685	4.5	0.245335	0.000369405
0	1.685	4.7	0.211501	0.000351288
0	1.685	4.9	0.188833	0.000335583
0	1.685	5.1	0.166044	0.000319302
0	1.685	5.3	0.153329	0.000309937
0	1.685	5.5	0.126359	0.000285794
0	1.685	5.7	0.0920772	0.000248123
0	1.685	5.9	0.0572312	0.000199766
0	1.685	6.1	0.0285784	0.000143665
0	1.685	6.3	0.0151259	0.00010506
0	1.685	6.5	0.00621784	6.75506e-05
0	1.685	6.7	0.00274463	4.50108e-05
0	1.685	6.9	0.000912961	2.5988e-05
0	1.685	7.1	0.000129562	9.79334e-06
0	1.685	7.3	5.84818e-05	6.57953e-06
0	1.685	7.5	2.37655e-05	4.20113e-06
0	1.685	7.7	0	0
0	1.685	7.9	0	0
0	1.685	8.1	0	0
0	1.685	8.3	0	0
0	1.685	8.5	0	0
0	1.685	8.7	0	0
0	1.685	8.9	0	0
0	1.685	9.1	0	0
0	1.685	9.3	0	0
0	1.685	9.5	0	0
0	1.685	9.7	0	0
0	1.685	9.9	0	0
0	1.685	10.1	0	0
0	1.685	10.3	0	0
0	1.685	10.5	0	0
0	1.685	10.7	0	0
0	1.685	10.9	0	0
0	1.685	11.1	0	0
0	1.685	11.3	0	0
0	1.685	11.5	0	0
0	1.685	11.7	0	0
0	1.685	11.9	0	0
0	1.685	12.1	0	0
0	1.685	12.3	0	0
0	1.685	12.5	0	0
0	1.685	12.7	0	0
0	1.685	12.9	0	0
0	1.685	13.1	0	0
0	1.685	13.3	0	0
0	1.685	13.5	0	0
0	1.685	13.7	0	0
0	1.685	13.9	0	0
0	1.685	14.1	0	0
0	1.685	14.3	0	0
0	1.685	14.5	0	0
0	1.685	14.7	0	0
0	1.685	14.9	0	0
0	1.685	15.1	0	0
0	1.685	15.3	0	0
0	1.685	15.5	0	0
0	1.685	15.7	0	0
0	1.685	15.9	0	0
0	1.695	0.1	0	0
0	1.695	0.3	0	0
0	1.695	0.5	0	0
0	1.695	0.7	0	0
0	1.695	0.9	0	0
0	1.695	1.1	0	0
0	1.695	1.3	0	0
0	1.695	1.5	0	0
0	1.695	1.7	0	0
0	1.695	1.9	0	0
0	1.695	2.1	5.16916e-06	1.95375e-06
0	1.695	2.3	0.000914854	2.60524e-05
0	1.695	2.5	0.00922165	8.22743e-05
0	1.695	2.7	0.0475807	0.000182867
0	1.695	2.9	0.1069	0.000266122
0	1.695	3.1	0.155153	0.000310811
0	1.695	3.3	0.191353	0.000338675
0	1.695	3.5	0.214754	0.000352611
0	1.695	3.7	0.234221	0.000363804
0	1.695	3.9	0.252997	0.000373556
0	1.695	4.1	0.264288	0.000379263
0	1.695	4.3	0.25917	0.00037713
0	1.695	4.5	0.23249	0.000363114
0	1.695	4.7	0.197052	0.000341975
0	1.695	4.9	0.169899	0.000322461
0	1.695	5.1	0.152492	0.000310452
0	1.695	5.3	0.133279	0.000293208
0	1.695	5.5	0.104179	0.000261993
0	1.695	5.7	0.0717367	0.000221627
0	1.695	5.9	0.0372005	0.000163017
0	1.695	6.1	0.0132797	9.84198e-05
0	1.695	6.3	0.00355951	5.11738e-05
0	1.695	6.5	0.000890838	2.56196e-05
0	1.695	6.7	0.000113911	9.1787e-06
0	1.695	6.9	4.44263e-06	1.81369e-06
0	1.695	7.1	0	0
0	1.695	7.3	0	0
0	1.695	7.5	0	0
0	1.695	7.7	0	0
0	1.695	7.9	0	0
0	1.695	8.1	0	0
0	1.695	8.3	0	0
0	1.695	8.5	0	0
0	1.695	8.7	0	0
0	1.695	8.9	0	0
0	1.695	9.1	0	0
0	1.695	9.3	0	0
0	1.695	9.5	0	0
0	1.695	9.7	0	0
0	1.695	9.9	0	0
0	1.695	10.1	0	0
0	1.695	10.3	0	0
0	1.695	10.5	0	0
0	1.695	10.7	0	0
0	1.695	10.9	0	0
0	1.695	11.1	0	0
0	1.695	11.3	0	0
0	1.695	11.5	0	0
0	1.695	11.7	0	0
0	1.695	11.9	0	0
0	1.695	12.1	0	0
0	1.695	12.3	0	0
0	1.695	12.5	0	0
0	1.695	12.7	0	0
0	1.695	12.9	0	0
0	1.695	13.1	0	0
0	1.695	13.3	0	0
0	1.695	13.5	0	0
0	1.695	13.7	0	0
0	1.695	13.9	0	0
0	1.695	14.1	0	0
0	1.695	14.3	0	0
0	1.695	14.5	0	0
0	1.695	14.7	0	0
0	1.695	14.9	0	0
0	1.695	15.1	0	0
0	1.695	15.3	0	0
0	1.695	15.5	0	0
0	1.695	15.7	0	0
0	1.695	15.9	0	0
0	1.705	0.1	0	0
0	1.705	0.3	0	0
0	1.705	0.5	0	0
0	1.705	0.7	0	0
0	1.705	0.9	0	0
0	1.705	1.1	0	0
0	1.705	1.3	0	0
0	1.705	1.5	0	0
0	1.705	1.7	0	0
0	1.705	1.9	0	0
0	1.705	2.1	0	0
0	1.705	2.3	0	0
0	1.705	2.5	0.000391343	1.70116e-05
0	1.705	2.7	0.00676635	7.05122e-05
0	1.705	2.9	0.0378079	0.000164387
0	1.705	3.1	0.0927225	0.000249545
0	1.705	3.3	0.144597	0.000302436
0	1.705	3.5	0.180343	0.000330126
0	1.705	3.7	0.205798	0.000348953
0	1.705	3.9	0.224748	0.000358456
0	1.705	4.1	0.239414	0.000367624
0	1.705	4.3	0.235999	0.000365742
0	1.705	4.5	0.212833	0.000351583
0	1.705	4.7	0.178189	0.00032938
0	1.705	4.9	0.15584	0.000311764
0	1.705	5.1	0.134017	0.000292763
0	1.705	5.3	0.112406	0.000272226
0	1.705	5.5	0.0862418	0.000241332
0	1.705	5.7	0.0515839	0.000190134
0	1.705	5.9	0.0209274	0.000123194
0	1.705	6.1	0.00454332	5.77791e-05
0	1.705	6.3	0.000441862	1.80349e-05
0	1.705	6.5	5.54289e-05	6.4002e-06
0	1.705	6.7	5.91085e-06	2.08979e-06
0	1.705	6.9	0	0
0	1.705	7.1	0	0
0	1.705	7.3	0	0
0	1.705	7.5	0	0
0	1.705	7.7	0	0
0	1.705	7.9	0	0
0	1.705	8.1	0	0
0	1.705	8.3	0	0
0	1.705	8.5	0	0
0	1.705	8.7	0	0
0	1.705	8.9	0	0
0	1.705	9.1	0	0
0	1.705	9.3	0	0
0	1.705	9.5	0	0
0	1.705	9.7	0	0
0	1.705	9.9	0	0
0	1.705	10.1	0	0
0	1.705	10.3	0	0
0	1.705	10.5	0	0
0	1.705	10.7	0	0
0	1.705	10.9	0	0
0	1.705	11.1	0	0
0	1.705	11.3	0	0
0	1.705	11.5	0	0
0	1.705	11.7	0	0
0	1.705	11.9	0	0
0	1.705	12.1	0	0
0	1.705	12.3	0	0
0	1.705	12.5	0	0
0	1.705	12.7	0	0
0	1.705	12.9	0	0
0	1.705	13.1	0	0
0	1.705	13.3	0	0
0	1.705	13.5	0	0
0	1.705	13.7	0	0
0	1.705	13.9	0	0
0	1.705	14.1	0	0
0	1.705	14.3	0	0
0	1.705	14.5	0	0
0	1.705	14.7	0	0
0	1.705	14.9	0	0
0	1.705	15.1	0	0
0	1.705	15.3	0	0
0	1.705	15.5	0	0
0	1.705	15.7	0	0
0	1.705	15.9	0	0
0	1.715	0.1	0	0
0	1.715	0.3	0	0
0	1.715	0.5	0	0
0	1.715	0.7	0	0
0	1.715	0.9	0	0
0	1.715	1.1	0	0
0	1.715	1.3	0	0
0	1.715	1.5	0	0
0	1.715	1.7	0	0
0	1.715	1.9	0	0
0	1.715	2.1	0	0
0	1.715	2.3	0	0
0	1.715	2.5	0	0
0	1.715	2.7	0.000243612	1.34496e-05
0	1.715	2.9	0.00510618	6.14389e-05
0	1.715	3.1	0.0326399	0.000152709
0	1.715	3.3	0.0875367	0.000242985
0	1.715	3.5	0.13858	0.00029699
0	1.715	3.7	0.172443	0.000324686
0	1.715	3.9	0.197315	0.000342151
0	1.715	4.1	0.21454	0.000353247
0	1.715	4.3	0.216519	0.000353632
0	1.715	4.5	0.194802	0.000340767
0	1.715	4.7	0.163445	0.000317676
0	1.715	4.9	0.136891	0.000295406
0	1.715	5.1	0.119609	0.000279694
0	1.715	5.3	0.0972615	0.00025556
0	1.715	5.5	0.0659779	0.000213502
0	1.715	5.7	0.0359622	0.000160277
0	1.715	5.9	0.0121142	9.3858e-05
0	1.715	6.1	0.0019659	3.8202e-05
0	1.715	6.3	0.000203253	1.22554e-05
0	1.715	6.5	0	0
0	1.715	6.7	0	0
0	1.715	6.9	0	0
0	1.715	7.1	0	0
0	1.715	7.3	0	0
0	1.715	7.5	0	0
0	1.715	7.7	0	0
0	1.715	7.9	0	0
0	1.715	8.1	0	0
0	1.715	8.3	0	0
0	1.715	8.5	0	0
0	1.715	8.7	0	0
0	1.715	8.9	0	0
0	1.715	9.1	0	0
0	1.715	9.3	0	0
0	1.715	9.5	0	0
0	1.715	9.7	0	0
0	1.715	9.9	0	0
0	1.715	10.1	0	0
0	1.715	10.3	0	0
0	1.715	10.5	0	0
0	1.715	10.7	0	0
0	1.715	10.9	0	0
0	1.715	11.1	0	0
0	1.715	11.3	0	0
0	1.715	11.5	0	0
0	1.715	11.7	0	0
0	1.715	11.9	0	0
0	1.715	12.1	0	0
0	1.715	12.3	0	0
0	1.715	12.5	0	0
0	1.715	12.7	0	0
0	1.715	12.9	0	0
0	1.715	13.1	0	0
0	1.715	13.3	0	0
0	1.715	13.5	0	0
0	1.715	13.7	0	0
0	1.715	13.9	0	0
0	1.715	14.1	0	0
0	1.715	14.3	0	0
0	1.715	14.5	0	0
0	1.715	14.7	0	0
0	1.715	14.9	0	0
0	1.715	15.1	0	0
0	1.715	15.3	0	0
0	1.715	15.5	0	0
0	1.715	15.7	0	0
0	1.715	15.9	0	0
0	1.725	0.1	0	0
0	1.725	0.3	0	0
0	1.725	0.5	0	0
0	1.725	0.7	0	0
0	1.725	0.9	0	0
0	1.725	1.1	0	0
0	1.725	1.3	0	0
0	1.725	1.5	0	0
0	1.725	1.7	0	0
0	1.725	1.9	0	0
0	1.725	2.1	0	0
0	1.725	2.3	0	0
0	1.725	2.5	0	0
0	1.725	2.7	0	0
0	1.725	2.9	0.000290963	1.46564e-05
0	1.725	3.1	0.00508049	6.12331e-05
0	1.725	3.3	0.0316212	0.000150302
0	1.725	3.5	0.0833032	0.000237911
0	1.725	3.7	0.133158	0.000292331
0	1.725	3.9	0.166016	0.000318485
0	1.725	4.1	0.189039	0.00033729
0	1.725	4.3	0.193953	0.000340127
0	1.725	4.5	0.176695	0.000327947
0	1.725	4.7	0.145217	0.000302473
0	1.725	4.9	0.122803	0.000282529
0	1.725	5.1	0.106531	0.000265566
0	1.725	5.3	0.0815472	0.000235464
0	1.725	5.5	0.0554085	0.000196275
0	1.725	5.7	0.0282997	0.000142475
0	1.725	5.9	0.00936625	8.29245e-05
0	1.725	6.1	0.00136141	3.17424e-05
0	1.725	6.3	5.72033e-05	6.51873e-06
0	1.725	6.5	8.93158e-06	2.57831e-06
0	1.725	6.7	0	0
0	1.725	6.9	0	0
0	1.725	7.1	0	0
0	1.725	7.3	0	0
0	1.725	7.5	0	0
0	1.725	7.7	0	0
0	1.725	7.9	0	0
0	1.725	8.1	0	0
0	1.725	8.3	0	0
0	1.725	8.5	0	0
0	1.725	8.7	0	0
0	1.725	8.9	0	0
0	1.725	9.1	0	0
0	1.725	9.3	0	0
0	1.725	9.5	0	0
0	1.725	9.7	0	0
0	1.725	9.9	0	0
0	1.725	10.1	0	0
0	1.725	10.3	0	0
0	1.725	10.5	0	0
0	1.725	10.7	0	0
0	1.725	10.9	0	0
0	1.725	11.1	0	0
0	1.725	11.3	0	0
0	1.725	11.5	0	0
0	1.725	11.7	0	0
0	1.725	11.9	0	0
0	1.725	12.1	0	0
0	1.725	12.3	0	0
0	1.725	12.5	0	0
0	1.725	12.7	0	0
0	1.725	12.9	0	0
0	1.725	13.1	0	0
0	1.725	13.3	0	0
0	1.725	13.5	0	0
0	1.725	13.7	0	0
0	1.725	13.9	0	0
0	1.725	14.1	0	0
0	1.725	14.3	0	0
0	1.725	14.5	0	0
0	1.725	14.7	0	0
0	1.725	14.9	0	0
0	1.725	15.1	0	0
0	1.725	15.3	0	0
0	1.725	15.5	0	0
0	1.725	15.7	0	0
0	1.725	15.9	0	0
0	1.735	0.1	0	0
0	1.735	0.3	0	0
0	1.735	0.5	0	0
0	1.735	0.7	0	0
0	1.735	0.9	0	0
0	1.735	1.1	0	0
0	1.735	1.3	0	0
0	1.735	1.5	0	0
0	1.735	1.7	0	0
0	1.735	1.9	0	0
0	1.735	2.1	0	0
0	1.735	2.3	0	0
0	1.735	2.5	0	0
0	1.735	2.7	0	0
0	1.735	2.9	0	0
0	1.735	3.1	0.000351881	1.61256e-05
0	1.735	3.3	0.00502461	6.07077e-05
0	1.735	3.5	0.0313661	0.000149958
0	1.735	3.7	0.0820993	0.000236638
0	1.735	3.9	0.128277	0.000287593
0	1.735	4.1	0.161072	0.000316154
0	1.735	4.3	0.17052	0.000322632
0	1.735	4.5	0.156963	0.0003133
0	1.735	4.7	0.129475	0.000288873
0	1.735	4.9	0.105375	0.000264216
0	1.735	5.1	0.0908124	0.000247765
0	1.735	5.3	0.0699851	0.000219648
0	1.735	5.5	0.046815	0.000181374
0	1.735	5.7	0.0237942	0.000130984
0	1.735	5.9	0.00731862	7.33482e-05
0	1.735	6.1	0.00111133	2.86977e-05
0	1.735	6.3	0.000121258	9.49706e-06
0	1.735	6.5	0	0
0	1.735	6.7	0	0
0	1.735	6.9	0	0
0	1.735	7.1	0	0
0	1.735	7.3	0	0
0	1.735	7.5	0	0
0	1.735	7.7	0	0
0	1.735	7.9	0	0
0	1.735	8.1	0	0
0	1.735	8.3	0	0
0	1.735	8.5	0	0
0	1.735	8.7	0	0
0	1.735	8.9	0	0
0	1.735	9.1	0	0
0	1.735	9.3	0	0
0	1.735	9.5	0	0
0	1.735	9.7	0	0
0	1.735	9.9	0	0
0	1.735	10.1	0	0
0	1.735	10.3	0	0
0	1.735	10.5	0	0
0	1.735	10.7	0	0
0	1.735	10.9	0	0
0	1.735	11.1	0	0
0	1.735	11.3	0	0
0	1.735	11.5	0	0
0	1.735	11.7	0	0
0	1.735	11.9	0	0
0	1.735	12.1	0	0
0	1.735	12.3	0	0
0	1.735	12.5	0	0
0	1.735	12.7	0	0
0	1.735	12.9	0	0
0	1.735	13.1	0	0
0	1.735	13.3	0	0
0	1.735	13.5	0	0
0	1.735	13.7	0	0
0	1.735	13.9	0	0
0	1.735	14.1	0	0
0	1.735	14.3	0	0
0	1.735	14.5	0	0
0	1.735	14.7	0	0
0	1.735	14.9	0	0
0	1.735	15.1	0	0
0	1.735	15.3	0	0
0	1.735	15.5	0	0
0	1.735	15.7	0	0
0	1.735	15.9	0	0
0	1.745	0.1	0	0
0	1.745	0.3	0	0
0	1.745	0.5	0	0
0	1.745	0.7	0	0
0	1.745	0.9	0	0
0	1.745	1.1	0	0
0	1.745	1.3	0	0
0	1.745	1.5	0	0
0	1.745	1.7	0	0
0	1.745	1.9	0	0
0	1.745	2.1	0	0
0	1.745	2.3	0	0
0	1.745	2.5	0	0
0	1.745	2.7	0	0
0	1.745	2.9	0	0
0	1.745	3.1	2.22363e-06	1.28381e-06
0	1.745	3.3	0.000389183	1.6982e-05
0	1.745	3.5	0.00594703	6.61349e-05
0	1.745	3.7	0.0328457	0.000153482
0	1.745	3.9	0.0833344	0.000237128
0	1.745	4.1	0.128196	0.000287112
0	1.745	4.3	0.146082	0.000303994
0	1.745	4.5	0.135242	0.000294041
0	1.745	4.7	0.112892	0.000272829
0	1.745	4.9	0.0897647	0.000245634
0	1.745	5.1	0.0737012	0.000224495
0	1.745	5.3	0.059023	0.000202937
0	1.745	5.5	0.0418739	0.000172812
0	1.745	5.7	0.0212851	0.00012438
0	1.745	5.9	0.00661335	6.9936e-05
0	1.745	6.1	0.000874904	2.54583e-05
0	1.745	6.3	4.83456e-05	5.99639e-06
0	1.745	6.5	0	0
0	1.745	6.7	0	0
0	1.745	6.9	0	0
0	1.745	7.1	0	0
0	1.745	7.3	0	0
0	1.745	7.5	0	0
0	1.745	7.7	0	0
0	1.745	7.9	0	0
0	1.745	8.1	0	0
0	1.745	8.3	0	0
0	1.745	8.5	0	0
0	1.745	8.7	0	0
0	1.745	8.9	0	0
0	1.745	9.1	0	0
0	1.745	9.3	0	0
0	1.745	9.5	0	0
0	1.745	9.7	0	0
0	1.745	9.9	0	0
0	1.745	10.1	0	0
0	1.745	10.3	0	0
0	1.745	10.5	0	0
0	1.745	10.7	0	0
0	1.745	10.9	0	0
0	1.745	11.1	0	0
0	1.745	11.3	0	0
0	1.745	11.5	0	0
0	1.745	11.7	0	0
0	1.745	11.9	0	0
0	1.745	12.1	0	0
0	1.745	12.3	0	0
0	1.745	12.5	0	0
0	1.745	12.7	0	0
0	1.745	12.9	0	0
0	1.745	13.1	0	0
0	1.745	13.3	0	0
0	1.745	13.5	0	0
0	1.745	13.7	0	0
0	1.745	13.9	0	0
0	1.745	14.1	0	0
0	1.745	14.3	0	0
0	1.745	14.5	0	0
0	1.745	14.7	0	0
0	1.745	14.9	0	0
0	1.745	15.1	0	0
0	1.745	15.3	0	0
0	1.745	15.5	0	0
0	1.745	15.7	0	0
0	1.745	15.9	0	0
0	1.755	0.1	0	0
0	1.755	0.3	0	0
0	1.755	0.5	0	0
0	1.755	0.7	0	0
0	1.755	0.9	0	0
0	1.755	1.1	0	0
0	1.755	1.3	0	0
0	1.755	1.5	0	0
0	1.755	1.7	0	0
0	1.755	1.9	0	0
0	1.755	2.1	0	0
0	1.755	2.3	0	0
0	1.755	2.5	0	0
0	1.755	2.7	0	0
0	1.755	2.9	0	0
0	1.755	3.1	0	0
0	1.755	3.3	0	0
0	1.755	3.5	0.000507217	1.93466e-05
0	1.755	3.7	0.00719841	7.27877e-05
0	1.755	3.9	0.0366441	0.000161455
0	1.755	4.1	0.0864071	0.000241408
0	1.755	4.3	0.118599	0.000277156
0	1.755	4.5	0.11435	0.000273605
0	1.755	4.7	0.0951697	0.000252885
0	1.755	4.9	0.0726325	0.000223123
0	1.755	5.1	0.0594647	0.000203491
0	1.755	5.3	0.0461897	0.000180923
0	1.755	5.5	0.0357453	0.000159851
0	1.755	5.7	0.0190292	0.00011737
0	1.755	5.9	0.00580841	6.52796e-05
0	1.755	6.1	0.000694043	2.26534e-05
0	1.755	6.3	1.18626e-05	2.96563e-06
0	1.755	6.5	0	0
0	1.755	6.7	0	0
0	1.755	6.9	0	0
0	1.755	7.1	0	0
0	1.755	7.3	0	0
0	1.755	7.5	0	0
0	1.755	7.7	0	0
0	1.755	7.9	0	0
0	1.755	8.1	0	0
0	1.755	8.3	0	0
0	1.755	8.5	0	0
0	1.755	8.7	0	0
0	1.755	8.9	0	0
0	1.755	9.1	0	0
0	1.755	9.3	0	0
0	1.755	9.5	0	0
0	1.755	9.7	0	0
0	1.755	9.9	0	0
0	1.755	10.1	0	0
0	1.755	10.3	0	0
0	1.755	10.5	0	0
0	1.755	10.7	0	0
0	1.755	10.9	0	0
0	1.755	11.1	0	0
0	1.755	11.3	0	0
0	1.755	11.5	0	0
0	1.755	11.7	0	0
0	1.755	11.9	0	0
0	1.755	12.1	0	0
0	1.755	12.3	0	0
0	1.755	12.5	0	0
0	1.755	12.7	0	0
0	1.755	12.9	0	0
0	1.755	13.1	0	0
0	1.755	13.3	0	0
0	1.755	13.5	0	0
0	1.755	13.7	0	0
0	1.755	13.9	0	0
0	1.755	14.1	0	0
0	1.755	14.3	0	0
0	1.755	14.5	0	0
0	1.755	14.7	0	0
0	1.755	14.9	0	0
0	1.755	15.1	0	0
0	1.755	15.3	0	0
0	1.755	15.5	0	0
0	1.755	15.7	0	0
0	1.755	15.9	0	0
0	1.765	0.1	0	0
0	1.765	0.3	0	0
0	1.765	0.5	0	0
0	1.765	0.7	0	0
0	1.765	0.9	0	0
0	1.765	1.1	0	0
0	1.765	1.3	0	0
0	1.765	1.5	0	0
0	1.765	1.7	0	0
0	1.765	1.9	0	0
0	1.765	2.1	0	0
0	1.765	2.3	0	0
0	1.765	2.5	0	0
0	1.765	2.7	0	0
0	1.765	2.9	0	0
0	1.765	3.1	0	0
0	1.765	3.3	0	0
0	1.765	3.5	2.14652e-05	3.98595e-06
0	1.765	3.7	0.000621069	2.14734e-05
0	1.765	3.9	0.00841362	7.87245e-05
0	1.765	4.1	0.0392353	0.000166848
0	1.765	4.3	0.0781451	0.000230835
0	1.765	4.5	0.089091	0.000245418
0	1.765	4.7	0.0747951	0.000226928
0	1.765	4.9	0.0554041	0.000196576
0	1.765	5.1	0.0430324	0.000174522
0	1.765	5.3	0.0329875	0.000153733
0	1.765	5.5	0.0244433	0.000132797
0	1.765	5.7	0.0139854	0.000101036
0	1.765	5.9	0.00447408	5.74017e-05
0	1.765	6.1	0.000650363	2.19415e-05
0	1.765	6.3	5.14879e-06	1.94605e-06
0	1.765	6.5	0	0
0	1.765	6.7	0	0
0	1.765	6.9	0	0
0	1.765	7.1	0	0
0	1.765	7.3	0	0
0	1.765	7.5	0	0
0	1.765	7.7	0	0
0	1.765	7.9	0	0
0	1.765	8.1	0	0
0	1.765	8.3	0	0
0	1.765	8.5	0	0
0	1.765	8.7	0	0
0	1.765	8.9	0	0
0	1.765	9.1	0	0
0	1.765	9.3	0	0
0	1.765	9.5	0	0
0	1.765	9.7	0	0
0	1.765	9.9	0	0
0	1.765	10.1	0	0
0	1.765	10.3	0	0
0	1.765	10.5	0	0
0	1.765	10.7	0	0
0	1.765	10.9	0	0
0	1.765	11.1	0	0
0	1.765	11.3	0	0
0	1.765	11.5	0	0
0	1.765	11.7	0	0
0	1.765	11.9	0	0
0	1.765	12.1	0	0
0	1.765	12.3	0	0
0	1.765	12.5	0	0
0	1.765	12.7	0	0
0	1.765	12.9	0	0
0	1.765	13.1	0	0
0	1.765	13.3	0	0
0	1.765	13.5	0	0
0	1.765	13.7	0	0
0	1.765	13.9	0	0
0	1.765	14.1	0	0
0	1.765	14.3	0	0
0	1.765	14.5	0	0
0	1.765	14.7	0	0
0	1.765	14.9	0	0
0	1.765	15.1	0	0
0	1.765	15.3	0	0
0	1.765	15.5	0	0
0	1.765	15.7	0	0
0	1.765	15.9	0	0
0	1.775	0.1	0	0
0	1.775	0.3	0	0
0	1.775	0.5	0	0
0	1.775	0.7	0	0
0	1.775	0.9	0	0
0	1.775	1.1	0	0
0	1.775	1.3	0	0
0	1.775	1.5	0	0
0	1.775	1.7	0	0
0	1.775	1.9	0	0
0	1.775	2.1	0	0
0	1.775	2.3	0	0
0	1.775	2.5	0	0
0	1.775	2.7	0	0
0	1.775	2.9	0	0
0	1.775	3.1	0	0
0	1.775	3.3	0	0
0	1.775	3.5	0	0
0	1.775	3.7	2.43945e-05	4.24648e-06
0	1.775	3.9	0.00088329	2.56263e-05
0	1.775	4.1	0.00741664	7.38761e-05
0	1.775	4.3	0.0285889	0.000143097
0	1.775	4.5	0.0471019	0.000181739
0	1.775	4.7	0.0440026	0.000176721
0	1.775	4.9	0.0333653	0.000154849
0	1.775	5.1	0.0246192	0.000133344
0	1.775	5.3	0.0166412	0.000110294
0	1.775	5.5	0.0104696	8.74844e-05
0	1.775	5.7	0.00586916	6.57062e-05
0	1.775	5.9	0.00184114	3.69147e-05
0	1.775	6.1	0.000338449	1.58641e-05
0	1.775	6.3	1.26243e-05	3.06183e-06
0	1.775	6.5	0	0
0	1.775	6.7	0	0
0	1.775	6.9	0	0
0	1.775	7.1	0	0
0	1.775	7.3	0	0
0	1.775	7.5	0	0
0	1.775	7.7	0	0
0	1.775	7.9	0	0
0	1.775	8.1	0	0
0	1.775	8.3	0	0
0	1.775	8.5	0	0
0	1.775	8.7	0	0
0	1.775	8.9	0	0
0	1.775	9.1	0	0
0	1.775	9.3	0	0
0	1.775	9.5	0	0
0	1.775	9.7	0	0
0	1.775	9.9	0	0
0	1.775	10.1	0	0
0	1.775	10.3	0	0
0	1.775	10.5	0	0
0	1.775	10.7	0	0
0	1.775	10.9	0	0
0	1.775	11.1	0	0
0	1.775	11.3	0	0
0	1.775	11.5	0	0
0	1.775	11.7	0	0
0	1.775	11.9	0	0
0	1.775	12.1	0	0
0	1.775	12.3	0	0
0	1.775	12.5	0	0
0	1.775	12.7	0	0
0	1.775	12.9	0	0
0	1.775	13.1	0	0
0	1.775	13.3	0	0
0	1.775	13.5	0	0
0	1.775	13.7	0	0
0	1.775	13.9	0	0
0	1.775	14.1	0	0
0	1.775	14.3	0	0
0	1.775	14.5	0	0
0	1.775	14.7	0	0
0	1.775	14.9	0	0
0	1.775	15.1	0	0
0	1.775	15.3	0	0
0	1.775	15.5	0	0
0	1.775	15.7	0	0
0	1.775	15.9	0	0
0	1.785	0.1	0	0
0	1.785	0.3	0	0
0	1.785	0.5	0	0
0	1.785	0.7	0	0
0	1.785	0.9	0	0
0	1.785	1.1	0	0
0	1.785	1.3	0	0
0	1.785	1.5	0	0
0	1.785	1.7	0	0
0	1.785	1.9	0	0
0	1.785	2.1	0	0
0	1.785	2.3	0	0
0	1.785	2.5	0	0
0	1.785	2.7	0	0
0	1.785	2.9	0	0
0	1.785	3.1	0	0
0	1.785	3.3	0	0
0	1.785	3.5	0	0
0	1.785	3.7	0	0
0	1.785	3.9	0	0
0	1.785	4.1	0.00022527	1.28764e-05
0	1.785	4.3	0.00276195	4.51184e-05
0	1.785	4.5	0.00977568	8.48045e-05
0	1.785	4.7	0.0122731	9.46284e-05
0	1.785	4.9	0.010261	8.67129e-05
0	1.785	5.1	0.0074552	7.39269e-05
0	1.785	5.3	0.00480259	5.94485e-05
0	1.785	5.5	0.00251659	4.30859e-05
0	1.785	5.7	0.000936228	2.62382e-05
0	1.785	5.9	0.000287433	1.45713e-05
0	1.785	6.1	7.48191e-05	7.4445e-06
0	1.785	6.3	0	0
0	1.785	6.5	0	0
0	1.785	6.7	0	0
0	1.785	6.9	0	0
0	1.785	7.1	0	0
0	1.785	7.3	0	0
0	1.785	7.5	0	0
0	1.785	7.7	0	0
0	1.785	7.9	0	0
0	1.785	8.1	0	0
0	1.785	8.3	0	0
0	1.785	8.5	0	0
0	1.785	8.7	0	0
0	1.785	8.9	0	0
0	1.785	9.1	0	0
0	1.785	9.3	0	0
0	1.785	9.5	0	0
0	1.785	9.7	0	0
0	1.785	9.9	0	0
0	1.785	10.1	0	0
0	1.785	10.3	0	0
0	1.785	10.5	0	0
0	1.785	10.7	0	0
0	1.785	10.9	0	0
0	1.785	11.1	0	0
0	1.785	11.3	0	0
0	1.785	11.5	0	0
0	1.785	11.7	0	0
0	1.785	11.9	0	0
0	1.785	12.1	0	0
0	1.785	12.3	0	0
0	1.785	12.5	0	0
0	1.785	12.7	0	0
0	1.785	12.9	0	0
0	1.785	13.1	0	0
0	1.785	13.3	0	0
0	1.785	13.5	0	0
0	1.785	13.7	0	0
0	1.785	13.9	0	0
0	1.785	14.1	0	0
0	1.785	14.3	0	0
0	1.785	14.5	0	0
0	1.785	14.7	0	0
0	1.785	14.9	0	0
0	1.785	15.1	0	0
0	1.785	15.3	0	0
0	1.785	15.5	0	0
0	1.785	15.7	0	0
0	1.785	15.9	0	0
0	1.795	0.1	0	0
0	1.795	0.3	0	0
0	1.795	0.5	0	0
0	1.795	0.7	0	0
0	1.795	0.9	0	0
0	1.795	1.1	0	0
0	1.795	1.3	0	0
0	1.795	1.5	0	0
0	1.795	1.7	0	0
0	1.795	1.9	0	0
0	1.795	2.1	0	0
0	1.795	2.3	0	0
0	1.795	2.5	0	0
0	1.795	2.7	0	0
0	1.795	2.9	0	0
0	1.795	3.1	0	0
0	1.795	3.3	0	0
0	1.795	3.5	0	0
0	1.795	3.7	0	0
0	1.795	3.9	0	0
0	1.795	4.1	0	0
0	1.795	4.3	0	0
0	1.795	4.5	0	0
0	1.795	4.7	6.77641e-05	7.10337e-06
0	1.795	4.9	0.000361757	1.63563e-05
0	1.795	5.1	0.000494225	1.91605e-05
0	1.795	5.3	0.000420917	1.76576e-05
0	1.795	5.5	0.000194901	1.20169e-05
0	1.795	5.7	4.88003e-05	6.00675e-06
0	1.795	5.9	1.25871e-05	3.05281e-06
0	1.795	6.1	0	0
0	1.795	6.3	0	0
0	1.795	6.5	0	0
0	1.795	6.7	0	0
0	1.795	6.9	0	0
0	1.795	7.1	0	0
0	1.795	7.3	0	0
0	1.795	7.5	0	0
0	1.795	7.7	0	0
0	1.795	7.9	0	0
0	1.795	8.1	0	0
0	1.795	8.3	0	0
0	1.795	8.5	0	0
0	1.795	8.7	0	0
0	1.795	8.9	0	0
0	1.795	9.1	0	0
0	1.795	9.3	0	0
0	1.795	9.5	0	0
0	1.795	9.7	0	0
0	1.795	9.9	0	0
0	1.795	10.1	0	0
0	1.795	10.3	0	0
0	1.795	10.5	0	0
0	1.795	10.7	0	0
0	1.795	10.9	0	0
0	1.795	11.1	0	0
0	1.795	11.3	0	0
0	1.795	11.5	0	0
0	1.795	11.7	0	0
0	1.795	11.9	0	0
0	1.795	12.1	0	0
0	1.795	12.3	0	0
0	1.795	12.5	0	0
0	1.795	12.7	0	0
0	1.795	12.9	0	0
0	1.795	13.1	0	0
0	1.795	13.3	0	0
0	1.795	13.5	0	0
0	1.795	13.7	0	0
0	1.795	13.9	0	0
0	1.795	14.1	0	0
0	1.795	14.3	0	0
0	1.795	14.5	0	0
0	1.795	14.7	0	0
0	1.795	14.9	0	0
0	1.795	15.1	0	0
0	1.795	15.3	0	0
0	1.795	15.5	0	0
0	1.795	15.7	0	0
0	1.795	15.9	0	0
########################################################
##   Scatterd Kaon Absorption factor tag=1
########################################################
1	1.105	0.406883	0.0201246
1	1.115	0.406883	0.0201246
1	1.125	0.406883	0.0201246
1	1.135	0.709437	0.0120905
1	1.145	0.819315	0.00892115
1	1.155	0.854212	0.00665226
1	1.165	0.904719	0.0058946
1	1.175	0.912389	0.00574372
1	1.185	0.915085	0.00569475
1	1.195	0.919517	0.00567894
1	1.205	0.918432	0.00565397
1	1.215	0.921701	0.00564396
1	1.225	0.921263	0.00563676
1	1.235	0.923886	0.00562958
1	1.245	0.924403	0.00561856
1	1.255	0.925953	0.00560593
1	1.265	0.932046	0.00561498
1	1.275	0.928637	0.00559221
1	1.285	0.935334	0.00559659
1	1.295	0.936625	0.00560061
1	1.305	0.940644	0.00559869
1	1.315	0.941385	0.00559713
1	1.325	0.940664	0.00557929
1	1.335	0.942853	0.00558024
1	1.345	0.942023	0.00556848
1	1.355	0.942864	0.00556686
1	1.365	0.944221	0.00556161
1	1.375	0.946603	0.00556711
1	1.385	0.946714	0.00556325
1	1.395	0.945644	0.00555465
1	1.405	0.94643	0.00556286
1	1.415	0.948608	0.00559101
1	1.425	0.950304	0.00563803
1	1.435	0.950684	0.00571758
1	1.445	0.951632	0.00582544
1	1.455	0.952328	0.00595746
1	1.465	0.955172	0.00611778
1	1.475	0.954619	0.006269
1	1.485	0.956604	0.00644687
1	1.495	0.960547	0.00667809
1	1.505	0.967336	0.00695449
1	1.515	0.976848	0.00728705
1	1.525	0.980089	0.00757189
1	1.535	0.979556	0.00779299
1	1.545	0.974893	0.00791965
1	1.555	0.969214	0.00797257
1	1.565	0.966571	0.00799887
1	1.575	0.96535	0.00797547
1	1.585	0.963331	0.00785222
1	1.595	0.962505	0.00774296
1	1.605	0.9788	0.00826072
1	1.615	0.985285	0.00951244
1	1.625	0.991347	0.010947
1	1.635	0.989339	0.012421
1	1.645	0.995755	0.0141219
1	1.655	0.995755	0.0141219
1	1.665	0.995755	0.0141219
1	1.675	0.995755	0.0141219
1	1.685	0.995755	0.0141219
1	1.695	0.995755	0.0141219
1	1.705	0.995755	0.0141219
1	1.715	0.995755	0.0141219
1	1.725	0.995755	0.0141219
1	1.735	0.995755	0.0141219
1	1.745	0.995755	0.0141219
1	1.755	0.995755	0.0141219
1	1.765	0.995755	0.0141219
1	1.775	0.995755	0.0141219
1	1.785	0.995755	0.0141219
1	1.795	0.995755	0.0141219
########################################################
##   AC1 Veto factor tag=2
########################################################
2 	1.105	0.964113	0.0138163
2 	1.115	0.964113	0.0138163
2 	1.125	0.964113	0.0138163
2 	1.135	0.964113	0.0138163
2 	1.145	0.964113	0.0138163
2 	1.155	0.964113	0.0138163
2 	1.165	0.964113	0.0138163
2 	1.175	0.964113	0.0138163
2 	1.185	0.964113	0.0138163
2 	1.195	0.964113	0.0138163
2 	1.205	0.964113	0.0138163
2 	1.215	0.964113	0.0138163
2 	1.225	0.964113	0.0138163
2 	1.235	0.964113	0.0138163
2 	1.245	0.964113	0.0138163
2 	1.255	0.964113	0.0138163
2 	1.265	0.964113	0.0138163
2 	1.275	0.964113	0.0138163
2 	1.285	0.964113	0.0138163
2 	1.295	0.964113	0.0138163
2 	1.305	0.964113	0.0138163
2 	1.315	0.964113	0.0138163
2 	1.325	0.964113	0.0138163
2 	1.335	0.964113	0.0138163
2 	1.345	0.964113	0.0138163
2 	1.355	0.964113	0.0138163
2 	1.365	0.964113	0.0138163
2 	1.375	0.964113	0.0138163
2 	1.385	0.964113	0.0138163
2 	1.395	0.964113	0.0138163
2 	1.405	0.966199	0.00874329
2 	1.415	0.966199	0.00874329
2 	1.425	0.964871	0.00922266
2 	1.435	0.964871	0.00922266
2 	1.445	0.959573	0.0127721
2 	1.455	0.959573	0.0127721
2 	1.465	0.960228	0.0195934
2 	1.475	0.960228	0.0195934
2 	1.485	0.952462	0.00588223
2 	1.495	0.952462	0.00588223
2 	1.505	0.940723	0.00396694
2 	1.515	0.940723	0.00396694
2 	1.525	0.907514	0.0045516
2 	1.535	0.907514	0.0045516
2 	1.545	0.863166	0.00626757
2 	1.555	0.863166	0.00626757
2 	1.565	0.810261	0.0121832
2 	1.575	0.810261	0.0121832
2 	1.585	0.810261	0.0121832
2 	1.595	0.810261	0.0121832
2 	1.605	0.810261	0.0121832
2 	1.615	0.810261	0.0121832
2 	1.625	0.810261	0.0121832
2 	1.635	0.810261	0.0121832
2 	1.645	0.810261	0.0121832
2 	1.655	0.810261	0.0121832
2 	1.665	0.810261	0.0121832
2 	1.675	0.810261	0.0121832
2 	1.685	0.810261	0.0121832
2 	1.695	0.810261	0.0121832
2 	1.705	0.810261	0.0121832
2 	1.715	0.810261	0.0121832
2 	1.725	0.810261	0.0121832
2 	1.735	0.810261	0.0121832
2 	1.745	0.810261	0.0121832
2 	1.755	0.810261	0.0121832
2 	1.765	0.810261	0.0121832
2 	1.775	0.810261	0.0121832
2 	1.785	0.810261	0.0121832
2 	1.795	0.810261	0.0121832
########################################################
##   WC Efficiency tag=3
########################################################
3 	-682.5	0.926316	1	0.420527
3 	-647.5	0.943581	1	0.857965
3 	-612.5	0.941756	0.966764	0.927027
3 	-577.5	0.940449	0.949814	0.914622
3 	-542.5	0.914194	0.933595	0.909847
3 	-507.5	0.939635	0.960546	0.91559
3 	-472.5	0.958984	0.968221	0.949661
3 	-437.5	0.961313	0.974647	0.941187
3 	-402.5	0.955538	0.974883	0.936192
3 	-367.5	0.958155	0.973489	0.940223
3 	-332.5	0.939462	0.964369	0.908937
3 	-297.5	0.904238	0.925458	0.900416
3 	-262.5	0.954393	0.962278	0.931599
3 	-227.5	0.959184	0.963322	0.955646
3 	-192.5	0.960751	0.964901	0.956029
3 	-157.5	0.959196	0.968586	0.950152
3 	-122.5	0.960566	0.9775	0.939588
3 	-87.5	0.905762	0.946753	0.879503
3 	-52.5	0.896614	0.920327	0.876633
3 	-17.5	0.952924	0.958177	0.945232
3 	17.5	0.954959	0.959363	0.9507
3 	52.5	0.9481	0.951982	0.943284
3 	87.5	0.950742	0.955241	0.946747
3 	122.5	0.950895	0.955693	0.945789
3 	157.5	0.911352	0.940157	0.877599
3 	192.5	0.879772	0.905178	0.868174
3 	227.5	0.950314	0.959394	0.934548
3 	262.5	0.950829	0.95915	0.943658
3 	297.5	0.949528	0.955979	0.942511
3 	332.5	0.947965	0.954319	0.942487
3 	367.5	0.944064	0.950996	0.92421
3 	402.5	0.877189	0.904143	0.868997
3 	437.5	0.913959	0.948614	0.878503
3 	472.5	0.948155	0.953961	0.93948
3 	507.5	0.945894	0.955034	0.936917
3 	542.5	0.943415	0.952172	0.934699
3 	577.5	0.94072	0.950541	0.913091
3 	612.5	0.919872	0.947972	0.813799
3 	647.5	0.812678	0.926077	0.76433
3 	682.5	0.806485	0.834089	0.249016
########################################################
##   S2S Efficiency tag=4
########################################################
4 	0.1	0.285091	0.00525104
4 	0.3	0.323708	0.00301737
4 	0.5	0.37878	0.00258959
4 	0.7	0.451792	0.0026458
4 	0.9	0.534759	0.00281757
4 	1.1	0.607808	0.00296321
4 	1.3	0.659453	0.00303389
4 	1.5	0.69796	0.00304964
4 	1.7	0.728989	0.00304176
4 	1.9	0.751812	0.00301965
4 	2.1	0.767365	0.00298631
4 	2.3	0.779185	0.00295
4 	2.5	0.785575	0.00289208
4 	2.7	0.786113	0.00283109
4 	2.9	0.785872	0.0027837
4 	3.1	0.783195	0.00272942
4 	3.3	0.778778	0.00268675
4 	3.5	0.77172	0.00264172
4 	3.7	0.762996	0.00259505
4 	3.9	0.755033	0.0025642
4 	4.1	0.747207	0.00254138
4 	4.3	0.738526	0.0025297
4 	4.5	0.729497	0.00252976
4 	4.7	0.72298	0.00253977
4 	4.9	0.719526	0.00255882
4 	5.1	0.717251	0.00258745
4 	5.3	0.713187	0.00262036
4 	5.5	0.711896	0.00267056
4 	5.7	0.710826	0.0027213
4 	5.9	0.70952	0.00277073
4 	6.1	0.709483	0.00283539
4 	6.3	0.708703	0.00290628
4 	6.5	0.709764	0.00299154
4 	6.7	0.71037	0.00308021
4 	6.9	0.709309	0.00316863
4 	7.1	0.707189	0.00326106
4 	7.3	0.70839	0.00336812
4 	7.5	0.710054	0.00347343
4 	7.7	0.710037	0.00357527
4 	7.9	0.709459	0.00367214
4 	8.1	0.70528	0.00376106
4 	8.3	0.701105	0.0038495
4 	8.5	0.696801	0.00392252
4 	8.7	0.69407	0.00400643
4 	8.9	0.69226	0.00409117
4 	9.1	0.685902	0.00415516
4 	9.3	0.680985	0.00422694
4 	9.5	0.67534	0.00429355
4 	9.7	0.667005	0.00433948
4 	9.9	0.66092	0.0043966
4 	10.1	0.648573	0.00444228
4 	10.3	0.638234	0.00448839
4 	10.5	0.631286	0.00454134
4 	10.7	0.625586	0.00460502
4 	10.9	0.619522	0.00465422
4 	11.1	0.610063	0.0046909
4 	11.3	0.601622	0.00475902
4 	11.5	0.596854	0.00483269
4 	11.7	0.584289	0.00482609
4 	11.9	0.566542	0.00483811
4 	12.1	0.552371	0.00485652
4 	12.3	0.528002	0.00477821
4 	12.5	0.508871	0.0047688
4 	12.7	0.488491	0.00473969
4 	12.9	0.465169	0.00467001
4 	13.1	0.454884	0.004709
4 	13.3	0.448046	0.00474994
4 	13.5	0.443357	0.00478139
4 	13.7	0.440277	0.00487201
4 	13.9	0.43613	0.00499558
4 	14.1	0.434959	0.00510452
4 	14.3	0.436262	0.00520085
4 	14.5	0.435774	0.00528352
4 	14.7	0.437666	0.00540716
4 	14.9	0.440258	0.00559179
4 	15.1	0.441854	0.00578999
4 	15.3	0.44199	0.00593959
4 	15.5	0.438914	0.00606011
4 	15.7	0.441352	0.00623076
4 	15.9	0.439758	0.00638528
########################################################
##   Vtz Cut Efficiency tag=5
########################################################
5 	0.1	0.123208	0
5 	0.3	0.123208	0
5 	0.5	0.123208	0
5 	0.7	0.123208	0
5 	0.9	0.123208	0
5 	1.1	0.234427	0
5 	1.3	0.234427	0
5 	1.5	0.234427	0
5 	1.7	0.234427	0
5 	1.9	0.234427	0
5 	2.1	0.679575	0
5 	2.3	0.679575	0
5 	2.5	0.679575	0
5 	2.7	0.679575	0
5 	2.9	0.679575	0
5 	3.1	0.81894	0
5 	3.3	0.81894	0
5 	3.5	0.81894	0
5 	3.7	0.81894	0
5 	3.9	0.81894	0
5 	4.1	0.888935	0
5 	4.3	0.888935	0
5 	4.5	0.888935	0
5 	4.7	0.888935	0
5 	4.9	0.888935	0
5 	5.1	0.926775	0
5 	5.3	0.926775	0
5 	5.5	0.926775	0
5 	5.7	0.926775	0
5 	5.9	0.926775	0
5 	6.1	0.950005	0
5 	6.3	0.950005	0
5 	6.5	0.950005	0
5 	6.7	0.950005	0
5 	6.9	0.950005	0
5 	7.1	0.968874	0
5 	7.3	0.968874	0
5 	7.5	0.968874	0
5 	7.7	0.968874	0
5 	7.9	0.968874	0
5 	8.1	0.981225	0
5 	8.3	0.981225	0
5 	8.5	0.981225	0
5 	8.7	0.981225	0
5 	8.9	0.981225	0
5 	9.1	0.988635	0
5 	9.3	0.988635	0
5 	9.5	0.988635	0
5 	9.7	0.988635	0
5 	9.9	0.988635	0
5 	10.1	0.994494	0
5 	10.3	0.994494	0
5 	10.5	0.994494	0
5 	10.7	0.994494	0
5 	10.9	0.994494	0
5 	11.1	0.99695	0
5 	11.3	0.99695	0
5 	11.5	0.99695	0
5 	11.7	0.99695	0
5 	11.9	0.99695	0
5 	12.1	0.9993	0
5 	12.3	0.9993	0
5 	12.5	0.9993	0
5 	12.7	0.9993	0
5 	12.9	0.9993	0
5 	13.1	0.999761	0
5 	13.3	0.999761	0
5 	13.5	0.999761	0
5 	13.7	0.999761	0
5 	13.9	0.999761	0
5 	14.1	0.998441	0
5 	14.3	0.998441	0
5 	14.5	0.998441	0
5 	14.7	0.998441	0
5 	14.9	0.998441	0
5 	15.1	0.935641	0
5 	15.3	0.935641	0
5 	15.5	0.935641	0
5 	15.7	0.935641	0
5 	15.9	0.935641	0
#
