########################################################
##   S-2S Acceptance tag=0
########################################################
0	1.105	0.1	0	0
0	1.105	0.3	0	0
0	1.105	0.5	0	0
0	1.105	0.7	0	0
0	1.105	0.9	0	0
0	1.105	1.1	0	0
0	1.105	1.3	0	0
0	1.105	1.5	0	0
0	1.105	1.7	0	0
0	1.105	1.9	0	0
0	1.105	2.1	0	0
0	1.105	2.3	0	0
0	1.105	2.5	0	0
0	1.105	2.7	0	0
0	1.105	2.9	0	0
0	1.105	3.1	0	0
0	1.105	3.3	0	0
0	1.105	3.5	0	0
0	1.105	3.7	0	0
0	1.105	3.9	0	0
0	1.105	4.1	0	0
0	1.105	4.3	0	0
0	1.105	4.5	0	0
0	1.105	4.7	0	0
0	1.105	4.9	0	0
0	1.105	5.1	0	0
0	1.105	5.3	0	0
0	1.105	5.5	0	0
0	1.105	5.7	0	0
0	1.105	5.9	0	0
0	1.105	6.1	0	0
0	1.105	6.3	0	0
0	1.105	6.5	0	0
0	1.105	6.7	0	0
0	1.105	6.9	0	0
0	1.105	7.1	0	0
0	1.105	7.3	0	0
0	1.105	7.5	0	0
0	1.105	7.7	0	0
0	1.105	7.9	0	0
0	1.105	8.1	0	0
0	1.105	8.3	0	0
0	1.105	8.5	0	0
0	1.105	8.7	0	0
0	1.105	8.9	0	0
0	1.105	9.1	0	0
0	1.105	9.3	0	0
0	1.105	9.5	0	0
0	1.105	9.7	0	0
0	1.105	9.9	0	0
0	1.105	10.1	0	0
0	1.105	10.3	0	0
0	1.105	10.5	0	0
0	1.105	10.7	0	0
0	1.105	10.9	0	0
0	1.105	11.1	0	0
0	1.105	11.3	0	0
0	1.105	11.5	0	0
0	1.105	11.7	0	0
0	1.105	11.9	0	0
0	1.105	12.1	0	0
0	1.105	12.3	0	0
0	1.105	12.5	0	0
0	1.105	12.7	0	0
0	1.105	12.9	0	0
0	1.105	13.1	0	0
0	1.105	13.3	0	0
0	1.105	13.5	0	0
0	1.105	13.7	0	0
0	1.105	13.9	0	0
0	1.105	14.1	0	0
0	1.105	14.3	0	0
0	1.105	14.5	0	0
0	1.105	14.7	0	0
0	1.105	14.9	0	0
0	1.105	15.1	0	0
0	1.105	15.3	0	0
0	1.105	15.5	0	0
0	1.105	15.7	0	0
0	1.105	15.9	0	0
0	1.115	0.1	0	0
0	1.115	0.3	0	0
0	1.115	0.5	0	0
0	1.115	0.7	0	0
0	1.115	0.9	0	0
0	1.115	1.1	0	0
0	1.115	1.3	0	0
0	1.115	1.5	0	0
0	1.115	1.7	0	0
0	1.115	1.9	0	0
0	1.115	2.1	0	0
0	1.115	2.3	0	0
0	1.115	2.5	0	0
0	1.115	2.7	0	0
0	1.115	2.9	0	0
0	1.115	3.1	0	0
0	1.115	3.3	0	0
0	1.115	3.5	0	0
0	1.115	3.7	0	0
0	1.115	3.9	0	0
0	1.115	4.1	0	0
0	1.115	4.3	0	0
0	1.115	4.5	0	0
0	1.115	4.7	0	0
0	1.115	4.9	0	0
0	1.115	5.1	0	0
0	1.115	5.3	0	0
0	1.115	5.5	0	0
0	1.115	5.7	0	0
0	1.115	5.9	0	0
0	1.115	6.1	0	0
0	1.115	6.3	0	0
0	1.115	6.5	0	0
0	1.115	6.7	0	0
0	1.115	6.9	0	0
0	1.115	7.1	0	0
0	1.115	7.3	0	0
0	1.115	7.5	0	0
0	1.115	7.7	0	0
0	1.115	7.9	0	0
0	1.115	8.1	0	0
0	1.115	8.3	0	0
0	1.115	8.5	0	0
0	1.115	8.7	0	0
0	1.115	8.9	0	0
0	1.115	9.1	0	0
0	1.115	9.3	0	0
0	1.115	9.5	0	0
0	1.115	9.7	0	0
0	1.115	9.9	0	0
0	1.115	10.1	0	0
0	1.115	10.3	0	0
0	1.115	10.5	0	0
0	1.115	10.7	0	0
0	1.115	10.9	0	0
0	1.115	11.1	0	0
0	1.115	11.3	0	0
0	1.115	11.5	0	0
0	1.115	11.7	0	0
0	1.115	11.9	0	0
0	1.115	12.1	0	0
0	1.115	12.3	0	0
0	1.115	12.5	0	0
0	1.115	12.7	0	0
0	1.115	12.9	0	0
0	1.115	13.1	0	0
0	1.115	13.3	0	0
0	1.115	13.5	0	0
0	1.115	13.7	0	0
0	1.115	13.9	0	0
0	1.115	14.1	0	0
0	1.115	14.3	0	0
0	1.115	14.5	0	0
0	1.115	14.7	0	0
0	1.115	14.9	0	0
0	1.115	15.1	0	0
0	1.115	15.3	0	0
0	1.115	15.5	0	0
0	1.115	15.7	0	0
0	1.115	15.9	0	0
0	1.125	0.1	0	0
0	1.125	0.3	0	0
0	1.125	0.5	0	0
0	1.125	0.7	0.000212643	2.39216e-05
0	1.125	0.9	0.000771603	4.52147e-05
0	1.125	1.1	0.00180921	6.90136e-05
0	1.125	1.3	0.00282153	8.62155e-05
0	1.125	1.5	0.00423655	0.000106322
0	1.125	1.7	0.00454972	0.000110453
0	1.125	1.9	0.00428571	0.000106946
0	1.125	2.1	0.00401911	0.000104262
0	1.125	2.3	0.00374961	9.97046e-05
0	1.125	2.5	0.00367801	9.89341e-05
0	1.125	2.7	0.00239712	7.97638e-05
0	1.125	2.9	0.00267835	8.42471e-05
0	1.125	3.1	0.00218844	7.63864e-05
0	1.125	3.3	0.00179115	6.90847e-05
0	1.125	3.5	0.00153278	6.37617e-05
0	1.125	3.7	0.00117068	5.59044e-05
0	1.125	3.9	0.00147254	6.25727e-05
0	1.125	4.1	0.000796339	4.57303e-05
0	1.125	4.3	0.000628307	4.09733e-05
0	1.125	4.5	0.00120683	5.6605e-05
0	1.125	4.7	0.000901682	4.91686e-05
0	1.125	4.9	0.00112203	5.49152e-05
0	1.125	5.1	0.000703348	4.3355e-05
0	1.125	5.3	0.000524926	3.72013e-05
0	1.125	5.5	0.000502796	3.65638e-05
0	1.125	5.7	0.000300508	2.83911e-05
0	1.125	5.9	0.000457055	3.48422e-05
0	1.125	6.1	0.000365593	3.13436e-05
0	1.125	6.3	0.000371581	3.12869e-05
0	1.125	6.5	0.000252402	2.58926e-05
0	1.125	6.7	0.000287382	2.7909e-05
0	1.125	6.9	0.000203911	2.32355e-05
0	1.125	7.1	2.66051e-05	8.41315e-06
0	1.125	7.3	0.000167211	2.10648e-05
0	1.125	7.5	0.000147172	1.98432e-05
0	1.125	7.7	0.000205027	2.33626e-05
0	1.125	7.9	4.52675e-05	1.09787e-05
0	1.125	8.1	0.000154663	2.03066e-05
0	1.125	8.3	6.11686e-05	1.27541e-05
0	1.125	8.5	0.000206993	2.37413e-05
0	1.125	8.7	0	0
0	1.125	8.9	0.000110219	1.72124e-05
0	1.125	9.1	9.78593e-05	1.60872e-05
0	1.125	9.3	0	0
0	1.125	9.5	0	0
0	1.125	9.7	2.13799e-05	7.55884e-06
0	1.125	9.9	6.88007e-05	1.34925e-05
0	1.125	10.1	9.82065e-05	1.61443e-05
0	1.125	10.3	1.60047e-05	6.53384e-06
0	1.125	10.5	0	0
0	1.125	10.7	2.11775e-05	7.48729e-06
0	1.125	10.9	4.48619e-05	1.08804e-05
0	1.125	11.1	0	0
0	1.125	11.3	0	0
0	1.125	11.5	0	0
0	1.125	11.7	0	0
0	1.125	11.9	4.53495e-05	1.09986e-05
0	1.125	12.1	0	0
0	1.125	12.3	8.8423e-05	1.53918e-05
0	1.125	12.5	0	0
0	1.125	12.7	5.54407e-05	1.20978e-05
0	1.125	12.9	0	0
0	1.125	13.1	0	0
0	1.125	13.3	0	0
0	1.125	13.5	1.32623e-05	5.93105e-06
0	1.125	13.7	0	0
0	1.125	13.9	0	0
0	1.125	14.1	0	0
0	1.125	14.3	0	0
0	1.125	14.5	0	0
0	1.125	14.7	0	0
0	1.125	14.9	0	0
0	1.125	15.1	0	0
0	1.125	15.3	0	0
0	1.125	15.5	0	0
0	1.125	15.7	0	0
0	1.125	15.9	0	0
0	1.135	0.1	0.353756	0.000782978
0	1.135	0.3	0.336628	0.000770218
0	1.135	0.5	0.32124	0.000757734
0	1.135	0.7	0.290934	0.000745094
0	1.135	0.9	0.245281	0.000701278
0	1.135	1.1	0.212515	0.000665173
0	1.135	1.3	0.179086	0.000631595
0	1.135	1.5	0.151247	0.000582861
0	1.135	1.7	0.13855	0.000563253
0	1.135	1.9	0.125074	0.000541992
0	1.135	2.1	0.107422	0.000506727
0	1.135	2.3	0.0989557	0.000486564
0	1.135	2.5	0.0877914	0.000460877
0	1.135	2.7	0.0791043	0.000443092
0	1.135	2.9	0.0722548	0.000422646
0	1.135	3.1	0.0644819	0.000399346
0	1.135	3.3	0.0575372	0.000381869
0	1.135	3.5	0.0499656	0.00035699
0	1.135	3.7	0.0461726	0.000341201
0	1.135	3.9	0.0412056	0.000325226
0	1.135	4.1	0.0374681	0.000310077
0	1.135	4.3	0.0355449	0.000302732
0	1.135	4.5	0.030461	0.000279266
0	1.135	4.7	0.0270894	0.00026497
0	1.135	4.9	0.0247853	0.000254285
0	1.135	5.1	0.0231771	0.000245602
0	1.135	5.3	0.0204983	0.000230358
0	1.135	5.5	0.0177975	0.000215649
0	1.135	5.7	0.0162999	0.000206383
0	1.135	5.9	0.0137718	0.000190027
0	1.135	6.1	0.0124718	0.000179942
0	1.135	6.3	0.0108442	0.000168334
0	1.135	6.5	0.00944522	0.000157178
0	1.135	6.7	0.00885744	0.000153714
0	1.135	6.9	0.00739421	0.000140149
0	1.135	7.1	0.00715067	0.000137274
0	1.135	7.3	0.00701722	0.000136585
0	1.135	7.5	0.00544788	0.000120585
0	1.135	7.7	0.00486237	0.000114043
0	1.135	7.9	0.00397425	0.000102823
0	1.135	8.1	0.00314561	9.14669e-05
0	1.135	8.3	0.00344088	9.5526e-05
0	1.135	8.5	0.00367379	9.90007e-05
0	1.135	8.7	0.00265965	8.37845e-05
0	1.135	8.9	0.00256761	8.26768e-05
0	1.135	9.1	0.0018567	7.00114e-05
0	1.135	9.3	0.00189007	7.09661e-05
0	1.135	9.5	0.00215055	7.54813e-05
0	1.135	9.7	0.00164243	6.60139e-05
0	1.135	9.9	0.00179815	6.87927e-05
0	1.135	10.1	0.00133751	5.9835e-05
0	1.135	10.3	0.000906613	4.90736e-05
0	1.135	10.5	0.00102826	5.23782e-05
0	1.135	10.7	0.00104387	5.23631e-05
0	1.135	10.9	0.000912598	4.92532e-05
0	1.135	11.1	0.00106244	5.3294e-05
0	1.135	11.3	0.000315338	2.91484e-05
0	1.135	11.5	0.00049257	3.63038e-05
0	1.135	11.7	0.000440237	3.39575e-05
0	1.135	11.9	0.00065994	4.18924e-05
0	1.135	12.1	0.000292932	2.79259e-05
0	1.135	12.3	0.00019102	2.25098e-05
0	1.135	12.5	0.00019915	2.31484e-05
0	1.135	12.7	0.000285321	2.75791e-05
0	1.135	12.9	0.000115321	1.75853e-05
0	1.135	13.1	0.000272805	2.7008e-05
0	1.135	13.3	0.000123284	1.81762e-05
0	1.135	13.5	0.00031586	2.91967e-05
0	1.135	13.7	0.000152251	2.01646e-05
0	1.135	13.9	0.000112082	1.72937e-05
0	1.135	14.1	0.000210192	2.3646e-05
0	1.135	14.3	0.000329659	2.97194e-05
0	1.135	14.5	0.000129007	1.86194e-05
0	1.135	14.7	3.22414e-05	9.30715e-06
0	1.135	14.9	2.95396e-05	8.90638e-06
0	1.135	15.1	6.69331e-05	1.33862e-05
0	1.135	15.3	0.00010814	1.68878e-05
0	1.135	15.5	7.27814e-05	1.40063e-05
0	1.135	15.7	1.06812e-05	5.34057e-06
0	1.135	15.9	4.0029e-05	1.03352e-05
0	1.145	0.1	0.826186	0.0006203
0	1.145	0.3	0.814004	0.000633749
0	1.145	0.5	0.797503	0.000654807
0	1.145	0.7	0.784162	0.000675242
0	1.145	0.9	0.751192	0.000710678
0	1.145	1.1	0.715618	0.00073651
0	1.145	1.3	0.667898	0.000770325
0	1.145	1.5	0.610258	0.000794374
0	1.145	1.7	0.544916	0.000811441
0	1.145	1.9	0.494686	0.000819263
0	1.145	2.1	0.427232	0.000804356
0	1.145	2.3	0.380357	0.00078563
0	1.145	2.5	0.343614	0.000773846
0	1.145	2.7	0.307671	0.000753311
0	1.145	2.9	0.270714	0.000728978
0	1.145	3.1	0.249499	0.000702754
0	1.145	3.3	0.225182	0.000680878
0	1.145	3.5	0.203373	0.000658036
0	1.145	3.7	0.183485	0.000631369
0	1.145	3.9	0.170328	0.000611935
0	1.145	4.1	0.152934	0.000588672
0	1.145	4.3	0.143867	0.0005734
0	1.145	4.5	0.127184	0.000543861
0	1.145	4.7	0.115926	0.000522962
0	1.145	4.9	0.104108	0.000496941
0	1.145	5.1	0.0973112	0.000483219
0	1.145	5.3	0.0857722	0.000457529
0	1.145	5.5	0.0749235	0.000432068
0	1.145	5.7	0.0677038	0.000410082
0	1.145	5.9	0.0629763	0.000394754
0	1.145	6.1	0.05989	0.000387126
0	1.145	6.3	0.0511573	0.000358352
0	1.145	6.5	0.0427516	0.000330936
0	1.145	6.7	0.0370875	0.000309263
0	1.145	6.9	0.0345718	0.000298617
0	1.145	7.1	0.0329207	0.000292278
0	1.145	7.3	0.026905	0.000264128
0	1.145	7.5	0.0248498	0.00025379
0	1.145	7.7	0.021053	0.000232208
0	1.145	7.9	0.0191897	0.00022326
0	1.145	8.1	0.0184089	0.000217497
0	1.145	8.3	0.0142577	0.000193914
0	1.145	8.5	0.0126425	0.000182504
0	1.145	8.7	0.0119064	0.0001771
0	1.145	8.9	0.010995	0.000170393
0	1.145	9.1	0.00887765	0.000152814
0	1.145	9.3	0.00929966	0.00015718
0	1.145	9.5	0.00736301	0.000140195
0	1.145	9.7	0.00629853	0.000128917
0	1.145	9.9	0.00526576	0.00011776
0	1.145	10.1	0.00485901	0.000113745
0	1.145	10.3	0.00421545	0.000106572
0	1.145	10.5	0.00377302	9.98312e-05
0	1.145	10.7	0.00365421	9.86901e-05
0	1.145	10.9	0.00294785	8.82302e-05
0	1.145	11.1	0.00249102	8.13202e-05
0	1.145	11.3	0.00195557	7.21108e-05
0	1.145	11.5	0.00218493	7.62643e-05
0	1.145	11.7	0.0024509	8.10135e-05
0	1.145	11.9	0.00163311	6.5693e-05
0	1.145	12.1	0.00116282	5.56567e-05
0	1.145	12.3	0.00168546	6.64121e-05
0	1.145	12.5	0.00174176	6.80489e-05
0	1.145	12.7	0.00141913	6.18921e-05
0	1.145	12.9	0.000819374	4.68213e-05
0	1.145	13.1	0.001009	5.17344e-05
0	1.145	13.3	0.000873061	4.81124e-05
0	1.145	13.5	0.000494611	3.62577e-05
0	1.145	13.7	0.000369356	3.13226e-05
0	1.145	13.9	0.000608554	4.02021e-05
0	1.145	14.1	0.000522364	3.72071e-05
0	1.145	14.3	0.000546523	3.80677e-05
0	1.145	14.5	0.000562168	3.87824e-05
0	1.145	14.7	0.000189011	2.24293e-05
0	1.145	14.9	0.000381453	3.17817e-05
0	1.145	15.1	6.93141e-05	1.35931e-05
0	1.145	15.3	0.000462545	3.52605e-05
0	1.145	15.5	0.000155282	2.0388e-05
0	1.145	15.7	0.000193702	2.26689e-05
0	1.145	15.9	0.000126026	1.83817e-05
0	1.155	0.1	0.878756	0.000532767
0	1.155	0.3	0.875308	0.000537307
0	1.155	0.5	0.873248	0.000547771
0	1.155	0.7	0.865895	0.000557811
0	1.155	0.9	0.863262	0.000562999
0	1.155	1.1	0.848959	0.000586407
0	1.155	1.3	0.835528	0.000603714
0	1.155	1.5	0.814586	0.000633059
0	1.155	1.7	0.791121	0.000663598
0	1.155	1.9	0.763632	0.000690967
0	1.155	2.1	0.719772	0.000734092
0	1.155	2.3	0.673279	0.000769994
0	1.155	2.5	0.617359	0.000792791
0	1.155	2.7	0.55271	0.00081028
0	1.155	2.9	0.501277	0.000815849
0	1.155	3.1	0.449685	0.00082144
0	1.155	3.3	0.408212	0.000803134
0	1.155	3.5	0.370117	0.000789051
0	1.155	3.7	0.330192	0.000766897
0	1.155	3.9	0.300058	0.000748646
0	1.155	4.1	0.276486	0.000731251
0	1.155	4.3	0.251227	0.000706173
0	1.155	4.5	0.225696	0.00067935
0	1.155	4.7	0.204411	0.000657557
0	1.155	4.9	0.189761	0.000645712
0	1.155	5.1	0.172108	0.000609466
0	1.155	5.3	0.156171	0.000592138
0	1.155	5.5	0.138678	0.000562012
0	1.155	5.7	0.124287	0.000540671
0	1.155	5.9	0.110901	0.00051451
0	1.155	6.1	0.0999511	0.000487576
0	1.155	6.3	0.0882543	0.000462227
0	1.155	6.5	0.0782527	0.000438472
0	1.155	6.7	0.0719045	0.000421493
0	1.155	6.9	0.0641187	0.000401703
0	1.155	7.1	0.0550929	0.000370972
0	1.155	7.3	0.0490733	0.00035183
0	1.155	7.5	0.042565	0.000330852
0	1.155	7.7	0.0400281	0.000321574
0	1.155	7.9	0.0349396	0.000300566
0	1.155	8.1	0.0304443	0.000279176
0	1.155	8.3	0.0259531	0.000259484
0	1.155	8.5	0.0251497	0.000254752
0	1.155	8.7	0.0202844	0.000228984
0	1.155	8.9	0.0174833	0.000213915
0	1.155	9.1	0.0147318	0.000196942
0	1.155	9.3	0.0143728	0.000195102
0	1.155	9.5	0.0123626	0.000179152
0	1.155	9.7	0.0112858	0.000172809
0	1.155	9.9	0.00910346	0.000155206
0	1.155	10.1	0.00848014	0.000148947
0	1.155	10.3	0.00750602	0.00014099
0	1.155	10.5	0.00692377	0.000135918
0	1.155	10.7	0.00581772	0.000123983
0	1.155	10.9	0.00471791	0.000111971
0	1.155	11.1	0.0047857	0.000112907
0	1.155	11.3	0.0036702	9.9121e-05
0	1.155	11.5	0.00364182	9.83561e-05
0	1.155	11.7	0.00326411	9.3337e-05
0	1.155	11.9	0.00304675	9.02579e-05
0	1.155	12.1	0.00249793	8.19845e-05
0	1.155	12.3	0.00183664	6.96538e-05
0	1.155	12.5	0.00197254	7.24404e-05
0	1.155	12.7	0.00163036	6.61204e-05
0	1.155	12.9	0.00178747	6.92011e-05
0	1.155	13.1	0.000963037	5.04525e-05
0	1.155	13.3	0.00136156	6.0015e-05
0	1.155	13.5	0.0011198	5.44805e-05
0	1.155	13.7	0.000708143	4.35678e-05
0	1.155	13.9	0.00093467	4.9584e-05
0	1.155	14.1	0.00109169	5.36893e-05
0	1.155	14.3	0.000790175	4.58325e-05
0	1.155	14.5	0.00045532	3.48113e-05
0	1.155	14.7	0.000245943	2.56382e-05
0	1.155	14.9	0.000193738	2.26731e-05
0	1.155	15.1	0.000312231	2.87387e-05
0	1.155	15.3	0.000425061	3.37024e-05
0	1.155	15.5	0.000494641	3.60664e-05
0	1.155	15.7	0.000260801	2.63414e-05
0	1.155	15.9	0.000215076	2.38948e-05
0	1.165	0.1	0.879361	0.000530863
0	1.165	0.3	0.879328	0.000534868
0	1.165	0.5	0.880612	0.000527791
0	1.165	0.7	0.877895	0.000534068
0	1.165	0.9	0.875797	0.000541262
0	1.165	1.1	0.874523	0.000539872
0	1.165	1.3	0.868663	0.000549361
0	1.165	1.5	0.866022	0.000556686
0	1.165	1.7	0.858313	0.000569948
0	1.165	1.9	0.855319	0.000576569
0	1.165	2.1	0.835803	0.000601997
0	1.165	2.3	0.817501	0.00062467
0	1.165	2.5	0.795404	0.000661752
0	1.165	2.7	0.771379	0.000687674
0	1.165	2.9	0.731006	0.000725276
0	1.165	3.1	0.685971	0.000756423
0	1.165	3.3	0.63174	0.000787766
0	1.165	3.5	0.578029	0.000805125
0	1.165	3.7	0.528676	0.000813851
0	1.165	3.9	0.479221	0.000815097
0	1.165	4.1	0.435443	0.000805908
0	1.165	4.3	0.399237	0.000797511
0	1.165	4.5	0.35925	0.000786962
0	1.165	4.7	0.320748	0.000762018
0	1.165	4.9	0.288246	0.000737007
0	1.165	5.1	0.256793	0.000707707
0	1.165	5.3	0.231382	0.000692469
0	1.165	5.5	0.21134	0.000667056
0	1.165	5.7	0.187371	0.000633176
0	1.165	5.9	0.165361	0.000608936
0	1.165	6.1	0.141898	0.000567715
0	1.165	6.3	0.129154	0.000544762
0	1.165	6.5	0.116668	0.000523219
0	1.165	6.7	0.10311	0.000495449
0	1.165	6.9	0.0889943	0.000464365
0	1.165	7.1	0.077992	0.000438277
0	1.165	7.3	0.0669171	0.000408318
0	1.165	7.5	0.0605539	0.000389132
0	1.165	7.7	0.0541711	0.000368002
0	1.165	7.9	0.0474956	0.000347672
0	1.165	8.1	0.0400683	0.000320942
0	1.165	8.3	0.0375794	0.000311846
0	1.165	8.5	0.030584	0.000281317
0	1.165	8.7	0.0268566	0.000264302
0	1.165	8.9	0.0233233	0.000247561
0	1.165	9.1	0.0213039	0.000234988
0	1.165	9.3	0.0186717	0.000220729
0	1.165	9.5	0.0172426	0.000212556
0	1.165	9.7	0.0148992	0.000198338
0	1.165	9.9	0.011483	0.000173783
0	1.165	10.1	0.0114714	0.000174377
0	1.165	10.3	0.00893591	0.000155258
0	1.165	10.5	0.00904545	0.000154539
0	1.165	10.7	0.00848771	0.000149545
0	1.165	10.9	0.00697817	0.000136427
0	1.165	11.1	0.00531107	0.00011895
0	1.165	11.3	0.00510445	0.000116286
0	1.165	11.5	0.00415258	0.00010529
0	1.165	11.7	0.00397583	0.000102554
0	1.165	11.9	0.00228104	7.80122e-05
0	1.165	12.1	0.00318453	9.24793e-05
0	1.165	12.3	0.00319893	9.2006e-05
0	1.165	12.5	0.00298821	8.89581e-05
0	1.165	12.7	0.00192166	7.20491e-05
0	1.165	12.9	0.00212913	7.51021e-05
0	1.165	13.1	0.0014231	6.15398e-05
0	1.165	13.3	0.00162759	6.58994e-05
0	1.165	13.5	0.00155023	6.43201e-05
0	1.165	13.7	0.00130072	5.9085e-05
0	1.165	13.9	0.001079	5.33896e-05
0	1.165	14.1	0.00127587	5.83809e-05
0	1.165	14.3	0.000742974	4.46244e-05
0	1.165	14.5	0.00066742	4.23671e-05
0	1.165	14.7	0.000691225	4.28531e-05
0	1.165	14.9	0.000668153	4.23283e-05
0	1.165	15.1	0.000731125	4.38339e-05
0	1.165	15.3	0.000124195	1.81146e-05
0	1.165	15.5	0.000200043	2.30966e-05
0	1.165	15.7	0.000395565	3.26192e-05
0	1.165	15.9	0.00022986	2.47836e-05
0	1.175	0.1	0.880964	0.000530154
0	1.175	0.3	0.881411	0.000530289
0	1.175	0.5	0.881863	0.000526759
0	1.175	0.7	0.879606	0.000531747
0	1.175	0.9	0.877718	0.000534041
0	1.175	1.1	0.875967	0.000539573
0	1.175	1.3	0.878287	0.000535191
0	1.175	1.5	0.871963	0.000545719
0	1.175	1.7	0.869318	0.000548521
0	1.175	1.9	0.863983	0.000560599
0	1.175	2.1	0.861504	0.000566309
0	1.175	2.3	0.851243	0.000580868
0	1.175	2.5	0.836685	0.000601587
0	1.175	2.7	0.824511	0.000616059
0	1.175	2.9	0.808215	0.000641552
0	1.175	3.1	0.782326	0.000673094
0	1.175	3.3	0.749741	0.00070805
0	1.175	3.5	0.701819	0.000750395
0	1.175	3.7	0.649188	0.000778136
0	1.175	3.9	0.592136	0.000804169
0	1.175	4.1	0.544941	0.000808606
0	1.175	4.3	0.489661	0.000814247
0	1.175	4.5	0.43982	0.000807498
0	1.175	4.7	0.397737	0.00080035
0	1.175	4.9	0.354145	0.000783782
0	1.175	5.1	0.321042	0.000767204
0	1.175	5.3	0.285115	0.000734575
0	1.175	5.5	0.25527	0.000710949
0	1.175	5.7	0.231375	0.000689347
0	1.175	5.9	0.208589	0.000665794
0	1.175	6.1	0.180836	0.000629558
0	1.175	6.3	0.154595	0.000588204
0	1.175	6.5	0.137722	0.000563271
0	1.175	6.7	0.123818	0.000539279
0	1.175	6.9	0.107282	0.000503453
0	1.175	7.1	0.0919825	0.000468496
0	1.175	7.3	0.0857125	0.000455661
0	1.175	7.5	0.0739138	0.00042812
0	1.175	7.7	0.0659556	0.00040545
0	1.175	7.9	0.0538476	0.000368465
0	1.175	8.1	0.049425	0.000351513
0	1.175	8.3	0.0428991	0.000332188
0	1.175	8.5	0.0362845	0.000303869
0	1.175	8.7	0.03632	0.000304894
0	1.175	8.9	0.0292869	0.000274373
0	1.175	9.1	0.02601	0.000260393
0	1.175	9.3	0.0243319	0.000251986
0	1.175	9.5	0.0211457	0.000233815
0	1.175	9.7	0.0166297	0.000209131
0	1.175	9.9	0.0147472	0.000196065
0	1.175	10.1	0.0132165	0.000186229
0	1.175	10.3	0.0131972	0.000186731
0	1.175	10.5	0.0098812	0.000161033
0	1.175	10.7	0.0094639	0.000157974
0	1.175	10.9	0.00769408	0.000142349
0	1.175	11.1	0.00690488	0.00013487
0	1.175	11.3	0.00567392	0.000122591
0	1.175	11.5	0.0053954	0.000119722
0	1.175	11.7	0.00456435	0.000109741
0	1.175	11.9	0.00389933	0.000101677
0	1.175	12.1	0.00410291	0.000104269
0	1.175	12.3	0.00269939	8.46565e-05
0	1.175	12.5	0.00299448	8.96236e-05
0	1.175	12.7	0.00284807	8.69846e-05
0	1.175	12.9	0.00253803	8.25447e-05
0	1.175	13.1	0.00234298	7.90691e-05
0	1.175	13.3	0.00162036	6.57691e-05
0	1.175	13.5	0.00208857	7.51883e-05
0	1.175	13.7	0.0012879	5.85033e-05
0	1.175	13.9	0.000957832	5.0388e-05
0	1.175	14.1	0.000713478	4.36486e-05
0	1.175	14.3	0.00106157	5.30504e-05
0	1.175	14.5	0.00079288	4.59121e-05
0	1.175	14.7	0.000667523	4.22038e-05
0	1.175	14.9	0.000473384	3.54732e-05
0	1.175	15.1	0.000479222	3.58102e-05
0	1.175	15.3	0.000325244	2.95629e-05
0	1.175	15.5	0.000303403	2.85374e-05
0	1.175	15.7	0.000331052	2.97244e-05
0	1.175	15.9	0.000210366	2.36655e-05
0	1.185	0.1	0.886158	0.000519258
0	1.185	0.3	0.888323	0.000514453
0	1.185	0.5	0.887206	0.000515754
0	1.185	0.7	0.885988	0.000517947
0	1.185	0.9	0.880876	0.000531314
0	1.185	1.1	0.879532	0.000530015
0	1.185	1.3	0.879994	0.00053188
0	1.185	1.5	0.872468	0.000546617
0	1.185	1.7	0.876226	0.000537298
0	1.185	1.9	0.869032	0.000549904
0	1.185	2.1	0.86342	0.00056121
0	1.185	2.3	0.854819	0.000575952
0	1.185	2.5	0.848335	0.000582603
0	1.185	2.7	0.83703	0.000599527
0	1.185	2.9	0.82759	0.00061197
0	1.185	3.1	0.80203	0.000648838
0	1.185	3.3	0.783307	0.00067306
0	1.185	3.5	0.746362	0.000712162
0	1.185	3.7	0.705555	0.000739384
0	1.185	3.9	0.645048	0.000785522
0	1.185	4.1	0.593809	0.000801933
0	1.185	4.3	0.531981	0.000811391
0	1.185	4.5	0.482504	0.000811133
0	1.185	4.7	0.433504	0.000804938
0	1.185	4.9	0.39633	0.000800421
0	1.185	5.1	0.35732	0.000778822
0	1.185	5.3	0.321936	0.000762331
0	1.185	5.5	0.289394	0.000738104
0	1.185	5.7	0.259495	0.000712708
0	1.185	5.9	0.231366	0.000689932
0	1.185	6.1	0.200633	0.000651879
0	1.185	6.3	0.178662	0.000625713
0	1.185	6.5	0.165118	0.000608366
0	1.185	6.7	0.142012	0.000570171
0	1.185	6.9	0.121489	0.000533749
0	1.185	7.1	0.109881	0.000510335
0	1.185	7.3	0.0967303	0.000482982
0	1.185	7.5	0.0850116	0.000458087
0	1.185	7.7	0.0724197	0.000421325
0	1.185	7.9	0.0632092	0.000396214
0	1.185	8.1	0.0550635	0.00037161
0	1.185	8.3	0.0487154	0.000351531
0	1.185	8.5	0.0418312	0.000326875
0	1.185	8.7	0.039508	0.000318889
0	1.185	8.9	0.035573	0.000303058
0	1.185	9.1	0.0293247	0.000274809
0	1.185	9.3	0.0281598	0.000269761
0	1.185	9.5	0.0220296	0.000240012
0	1.185	9.7	0.0210304	0.000234139
0	1.185	9.9	0.0201934	0.000230164
0	1.185	10.1	0.0165044	0.000208037
0	1.185	10.3	0.0133048	0.000186772
0	1.185	10.5	0.0143379	0.000193999
0	1.185	10.7	0.011337	0.000172609
0	1.185	10.9	0.0104227	0.000166753
0	1.185	11.1	0.00816736	0.000145434
0	1.185	11.3	0.00726908	0.00013854
0	1.185	11.5	0.00699444	0.000136823
0	1.185	11.7	0.0065598	0.000132147
0	1.185	11.9	0.00511649	0.000115896
0	1.185	12.1	0.00502269	0.000115303
0	1.185	12.3	0.00406042	0.000102925
0	1.185	12.5	0.00347962	9.63392e-05
0	1.185	12.7	0.00328396	9.36733e-05
0	1.185	12.9	0.00266976	8.43546e-05
0	1.185	13.1	0.00337279	9.48197e-05
0	1.185	13.3	0.00193344	7.15887e-05
0	1.185	13.5	0.00195488	7.22827e-05
0	1.185	13.7	0.00137816	6.05698e-05
0	1.185	13.9	0.00112805	5.46875e-05
0	1.185	14.1	0.00140604	6.16157e-05
0	1.185	14.3	0.00109423	5.38794e-05
0	1.185	14.5	0.000965389	5.05757e-05
0	1.185	14.7	0.00116337	5.58752e-05
0	1.185	14.9	0.000549581	3.82806e-05
0	1.185	15.1	0.000722954	4.38197e-05
0	1.185	15.3	0.000529634	3.74409e-05
0	1.185	15.5	0.000586883	3.96462e-05
0	1.185	15.7	0.000693966	4.3106e-05
0	1.185	15.9	0.000341604	2.99555e-05
0	1.195	0.1	0.884752	0.000521698
0	1.195	0.3	0.888117	0.000515372
0	1.195	0.5	0.886667	0.000520384
0	1.195	0.7	0.880305	0.000528277
0	1.195	0.9	0.886757	0.000519204
0	1.195	1.1	0.88251	0.000526952
0	1.195	1.3	0.887168	0.000519778
0	1.195	1.5	0.882319	0.000527354
0	1.195	1.7	0.878684	0.000531383
0	1.195	1.9	0.875362	0.00054109
0	1.195	2.1	0.868873	0.00055154
0	1.195	2.3	0.860848	0.000565204
0	1.195	2.5	0.856641	0.000573502
0	1.195	2.7	0.848534	0.000584545
0	1.195	2.9	0.840115	0.000597708
0	1.195	3.1	0.823415	0.000625205
0	1.195	3.3	0.796328	0.00066033
0	1.195	3.5	0.760572	0.000696771
0	1.195	3.7	0.727118	0.000730487
0	1.195	3.9	0.67356	0.000765155
0	1.195	4.1	0.618926	0.000795473
0	1.195	4.3	0.564267	0.000808845
0	1.195	4.5	0.50948	0.000816106
0	1.195	4.7	0.460039	0.000817242
0	1.195	4.9	0.415337	0.000804537
0	1.195	5.1	0.378339	0.000789798
0	1.195	5.3	0.344014	0.000777612
0	1.195	5.5	0.311955	0.000755291
0	1.195	5.7	0.279792	0.000732157
0	1.195	5.9	0.250782	0.000710431
0	1.195	6.1	0.220808	0.00067494
0	1.195	6.3	0.195559	0.000651381
0	1.195	6.5	0.181724	0.000631481
0	1.195	6.7	0.159787	0.000599545
0	1.195	6.9	0.140329	0.000567354
0	1.195	7.1	0.12381	0.0005376
0	1.195	7.3	0.113867	0.000517889
0	1.195	7.5	0.0974185	0.000479781
0	1.195	7.7	0.0872576	0.000463497
0	1.195	7.9	0.0744112	0.000428885
0	1.195	8.1	0.0713653	0.000422278
0	1.195	8.3	0.0608431	0.000388901
0	1.195	8.5	0.0546064	0.000371554
0	1.195	8.7	0.0471299	0.000344693
0	1.195	8.9	0.0429285	0.000329878
0	1.195	9.1	0.0358588	0.000303783
0	1.195	9.3	0.0321396	0.000286664
0	1.195	9.5	0.0293735	0.000275847
0	1.195	9.7	0.0252594	0.000256837
0	1.195	9.9	0.0220678	0.00024035
0	1.195	10.1	0.0202203	0.000229797
0	1.195	10.3	0.0188363	0.000221979
0	1.195	10.5	0.0158157	0.000203854
0	1.195	10.7	0.0146756	0.000196339
0	1.195	10.9	0.01262	0.000182354
0	1.195	11.1	0.0117092	0.000176028
0	1.195	11.3	0.0102767	0.000165938
0	1.195	11.5	0.00823319	0.000147049
0	1.195	11.7	0.00758928	0.00014152
0	1.195	11.9	0.00668356	0.000133625
0	1.195	12.1	0.00628672	0.000129222
0	1.195	12.3	0.00539832	0.000119727
0	1.195	12.5	0.00449802	0.000109624
0	1.195	12.7	0.00350013	9.6462e-05
0	1.195	12.9	0.0039914	0.000102409
0	1.195	13.1	0.00291691	8.81005e-05
0	1.195	13.3	0.00252465	8.20232e-05
0	1.195	13.5	0.0018901	7.08672e-05
0	1.195	13.7	0.00166766	6.67043e-05
0	1.195	13.9	0.00167294	6.69152e-05
0	1.195	14.1	0.00147778	6.25131e-05
0	1.195	14.3	0.00105657	5.30665e-05
0	1.195	14.5	0.00114621	5.55022e-05
0	1.195	14.7	0.000969109	5.08404e-05
0	1.195	14.9	0.00112532	5.48793e-05
0	1.195	15.1	0.000984832	5.14526e-05
0	1.195	15.3	0.000465196	3.50573e-05
0	1.195	15.5	0.000685567	4.27499e-05
0	1.195	15.7	0.000534033	3.77517e-05
0	1.195	15.9	0.000421146	3.37116e-05
0	1.205	0.1	0.886697	0.000515292
0	1.205	0.3	0.889928	0.000512492
0	1.205	0.5	0.888594	0.000512162
0	1.205	0.7	0.889522	0.000512175
0	1.205	0.9	0.886838	0.0005182
0	1.205	1.1	0.887269	0.000516096
0	1.205	1.3	0.883886	0.000525846
0	1.205	1.5	0.881865	0.000530082
0	1.205	1.7	0.879549	0.000533356
0	1.205	1.9	0.87857	0.000532295
0	1.205	2.1	0.87668	0.000535253
0	1.205	2.3	0.865351	0.000558344
0	1.205	2.5	0.860813	0.000566343
0	1.205	2.7	0.853914	0.000577101
0	1.205	2.9	0.8455	0.000592202
0	1.205	3.1	0.826767	0.000618734
0	1.205	3.3	0.807263	0.000642262
0	1.205	3.5	0.78021	0.000678543
0	1.205	3.7	0.745068	0.000708389
0	1.205	3.9	0.691535	0.000755853
0	1.205	4.1	0.640622	0.000781743
0	1.205	4.3	0.581169	0.000804665
0	1.205	4.5	0.539798	0.000815609
0	1.205	4.7	0.486136	0.000819219
0	1.205	4.9	0.434337	0.000810851
0	1.205	5.1	0.397465	0.000796072
0	1.205	5.3	0.361227	0.000782586
0	1.205	5.5	0.333036	0.000769694
0	1.205	5.7	0.301395	0.000752108
0	1.205	5.9	0.26976	0.000730185
0	1.205	6.1	0.245064	0.000702316
0	1.205	6.3	0.217287	0.00067365
0	1.205	6.5	0.186215	0.00063445
0	1.205	6.7	0.17641	0.000621464
0	1.205	6.9	0.159498	0.000596862
0	1.205	7.1	0.136606	0.000562735
0	1.205	7.3	0.122834	0.000537601
0	1.205	7.5	0.110111	0.000508858
0	1.205	7.7	0.0991501	0.000487507
0	1.205	7.9	0.0833507	0.000449018
0	1.205	8.1	0.0745952	0.000428246
0	1.205	8.3	0.073096	0.000424378
0	1.205	8.5	0.0644835	0.000401451
0	1.205	8.7	0.0558284	0.000373997
0	1.205	8.9	0.0499418	0.000354329
0	1.205	9.1	0.0448339	0.000338159
0	1.205	9.3	0.0399342	0.000321527
0	1.205	9.5	0.0346782	0.000298357
0	1.205	9.7	0.0319791	0.000287474
0	1.205	9.9	0.0274899	0.000264763
0	1.205	10.1	0.0260653	0.000259965
0	1.205	10.3	0.0215532	0.000236143
0	1.205	10.5	0.0190544	0.000222795
0	1.205	10.7	0.0168722	0.000210468
0	1.205	10.9	0.015019	0.000199615
0	1.205	11.1	0.0127065	0.000182329
0	1.205	11.3	0.0122108	0.000179738
0	1.205	11.5	0.0112128	0.000172024
0	1.205	11.7	0.00926696	0.00015645
0	1.205	11.9	0.00849599	0.000149131
0	1.205	12.1	0.0074453	0.00014053
0	1.205	12.3	0.00724647	0.000138849
0	1.205	12.5	0.00569832	0.000123552
0	1.205	12.7	0.00447874	0.000108702
0	1.205	12.9	0.0045441	0.000109606
0	1.205	13.1	0.00380754	0.000100672
0	1.205	13.3	0.00311269	9.09364e-05
0	1.205	13.5	0.00355594	9.74419e-05
0	1.205	13.7	0.00178245	6.90071e-05
0	1.205	13.9	0.00170588	6.73207e-05
0	1.205	14.1	0.00224862	7.78223e-05
0	1.205	14.3	0.00133578	5.96385e-05
0	1.205	14.5	0.00119471	5.64109e-05
0	1.205	14.7	0.00108109	5.33623e-05
0	1.205	14.9	0.00105481	5.30454e-05
0	1.205	15.1	0.000472971	3.55423e-05
0	1.205	15.3	0.00101165	5.18702e-05
0	1.205	15.5	0.000685273	4.28149e-05
0	1.205	15.7	0.000424389	3.34394e-05
0	1.205	15.9	0.000396021	3.24369e-05
0	1.215	0.1	0.888775	0.000512737
0	1.215	0.3	0.88812	0.000514149
0	1.215	0.5	0.8922	0.000505872
0	1.215	0.7	0.889576	0.000511931
0	1.215	0.9	0.888204	0.000513948
0	1.215	1.1	0.885767	0.000520278
0	1.215	1.3	0.885031	0.000520955
0	1.215	1.5	0.88661	0.000520703
0	1.215	1.7	0.882234	0.000526688
0	1.215	1.9	0.881568	0.000529407
0	1.215	2.1	0.878355	0.000538058
0	1.215	2.3	0.874831	0.000537125
0	1.215	2.5	0.867494	0.000553598
0	1.215	2.7	0.85923	0.000564719
0	1.215	2.9	0.851724	0.00058067
0	1.215	3.1	0.841373	0.000593423
0	1.215	3.3	0.820353	0.000628972
0	1.215	3.5	0.794949	0.000662677
0	1.215	3.7	0.754919	0.000704042
0	1.215	3.9	0.710192	0.000741207
0	1.215	4.1	0.658296	0.000776673
0	1.215	4.3	0.604034	0.000798206
0	1.215	4.5	0.545989	0.000814726
0	1.215	4.7	0.496719	0.000817132
0	1.215	4.9	0.454785	0.000813955
0	1.215	5.1	0.41416	0.000805432
0	1.215	5.3	0.385709	0.000797433
0	1.215	5.5	0.352042	0.000777963
0	1.215	5.7	0.320749	0.000765671
0	1.215	5.9	0.283561	0.000737552
0	1.215	6.1	0.265071	0.00072347
0	1.215	6.3	0.231998	0.000690619
0	1.215	6.5	0.213867	0.000666595
0	1.215	6.7	0.191602	0.000640126
0	1.215	6.9	0.172117	0.000618246
0	1.215	7.1	0.151916	0.000585882
0	1.215	7.3	0.145191	0.000575683
0	1.215	7.5	0.121969	0.000538864
0	1.215	7.7	0.107103	0.00050488
0	1.215	7.9	0.103138	0.000498579
0	1.215	8.1	0.0886496	0.000462316
0	1.215	8.3	0.0783827	0.000440825
0	1.215	8.5	0.072706	0.000423932
0	1.215	8.7	0.0638755	0.000398929
0	1.215	8.9	0.0594014	0.000385457
0	1.215	9.1	0.0526675	0.000366118
0	1.215	9.3	0.0494104	0.000352116
0	1.215	9.5	0.0402023	0.000319809
0	1.215	9.7	0.0385662	0.000315302
0	1.215	9.9	0.0352051	0.000301014
0	1.215	10.1	0.0304024	0.000280901
0	1.215	10.3	0.0280663	0.000269452
0	1.215	10.5	0.0234182	0.000247106
0	1.215	10.7	0.021631	0.000237059
0	1.215	10.9	0.0188835	0.00022256
0	1.215	11.1	0.0173547	0.000212697
0	1.215	11.3	0.0152004	0.000200044
0	1.215	11.5	0.0140259	0.000192894
0	1.215	11.7	0.0109928	0.000170132
0	1.215	11.9	0.0116342	0.000174191
0	1.215	12.1	0.00993217	0.00016186
0	1.215	12.3	0.00871082	0.000151526
0	1.215	12.5	0.00773397	0.000142156
0	1.215	12.7	0.00747306	0.000140649
0	1.215	12.9	0.00736506	0.000139523
0	1.215	13.1	0.00509428	0.000116115
0	1.215	13.3	0.00398639	0.000102826
0	1.215	13.5	0.00366161	9.83508e-05
0	1.215	13.7	0.00282037	8.64233e-05
0	1.215	13.9	0.00255864	8.22176e-05
0	1.215	14.1	0.00233595	7.86083e-05
0	1.215	14.3	0.00152189	6.36405e-05
0	1.215	14.5	0.0014871	6.27388e-05
0	1.215	14.7	0.00140396	6.11725e-05
0	1.215	14.9	0.0013054	5.89333e-05
0	1.215	15.1	0.00127904	5.85256e-05
0	1.215	15.3	0.00101939	5.21301e-05
0	1.215	15.5	0.00115639	5.55403e-05
0	1.215	15.7	0.000537208	3.79762e-05
0	1.215	15.9	0.000448625	3.44002e-05
0	1.225	0.1	0.893219	0.000505384
0	1.225	0.3	0.893257	0.000505648
0	1.225	0.5	0.894917	0.000500767
0	1.225	0.7	0.893714	0.000501349
0	1.225	0.9	0.891342	0.000506469
0	1.225	1.1	0.891856	0.000510249
0	1.225	1.3	0.891352	0.000510621
0	1.225	1.5	0.887057	0.000522236
0	1.225	1.7	0.882347	0.000527281
0	1.225	1.9	0.885975	0.000519151
0	1.225	2.1	0.882026	0.000523678
0	1.225	2.3	0.879954	0.000531738
0	1.225	2.5	0.869184	0.000550958
0	1.225	2.7	0.863061	0.000561209
0	1.225	2.9	0.858985	0.000570497
0	1.225	3.1	0.844711	0.000593205
0	1.225	3.3	0.823993	0.000619822
0	1.225	3.5	0.804767	0.000649099
0	1.225	3.7	0.77176	0.000684897
0	1.225	3.9	0.728179	0.000720891
0	1.225	4.1	0.675825	0.0007608
0	1.225	4.3	0.622809	0.000788208
0	1.225	4.5	0.567052	0.00081325
0	1.225	4.7	0.518039	0.000814206
0	1.225	4.9	0.477616	0.000817131
0	1.225	5.1	0.438652	0.000813153
0	1.225	5.3	0.399202	0.000800594
0	1.225	5.5	0.364213	0.000787663
0	1.225	5.7	0.332157	0.000771741
0	1.225	5.9	0.304013	0.000753012
0	1.225	6.1	0.275897	0.000729072
0	1.225	6.3	0.253752	0.000708066
0	1.225	6.5	0.22923	0.000685118
0	1.225	6.7	0.204776	0.000662699
0	1.225	6.9	0.184122	0.000632623
0	1.225	7.1	0.167631	0.000613745
0	1.225	7.3	0.148946	0.00057992
0	1.225	7.5	0.135866	0.000559144
0	1.225	7.7	0.128396	0.000548917
0	1.225	7.9	0.112475	0.000515212
0	1.225	8.1	0.100873	0.000491174
0	1.225	8.3	0.0933709	0.000479609
0	1.225	8.5	0.0823908	0.000447651
0	1.225	8.7	0.0746292	0.000430385
0	1.225	8.9	0.0658858	0.000407167
0	1.225	9.1	0.0637347	0.000399312
0	1.225	9.3	0.055895	0.000373596
0	1.225	9.5	0.0494583	0.000353176
0	1.225	9.7	0.0455269	0.000338056
0	1.225	9.9	0.0405566	0.000321289
0	1.225	10.1	0.0350825	0.000300668
0	1.225	10.3	0.0349099	0.000299798
0	1.225	10.5	0.0293422	0.000274858
0	1.225	10.7	0.0264171	0.000262676
0	1.225	10.9	0.0236113	0.000248977
0	1.225	11.1	0.0221042	0.000240145
0	1.225	11.3	0.0197822	0.000226608
0	1.225	11.5	0.0186802	0.000221335
0	1.225	11.7	0.0154701	0.000202043
0	1.225	11.9	0.0136988	0.000189447
0	1.225	12.1	0.012983	0.00018447
0	1.225	12.3	0.0104949	0.000167426
0	1.225	12.5	0.00868461	0.000151234
0	1.225	12.7	0.00908442	0.000154498
0	1.225	12.9	0.00767899	0.00014212
0	1.225	13.1	0.00594113	0.000125747
0	1.225	13.3	0.00690174	0.000135724
0	1.225	13.5	0.00422913	0.000106103
0	1.225	13.7	0.0040553	0.000104252
0	1.225	13.9	0.00424428	0.000105487
0	1.225	14.1	0.00277795	8.60208e-05
0	1.225	14.3	0.00264881	8.37355e-05
0	1.225	14.5	0.00202165	7.35496e-05
0	1.225	14.7	0.00165986	6.63923e-05
0	1.225	14.9	0.00138932	6.06504e-05
0	1.225	15.1	0.0010547	5.28394e-05
0	1.225	15.3	0.00101859	5.22258e-05
0	1.225	15.5	0.000706572	4.32262e-05
0	1.225	15.7	0.000622274	4.07539e-05
0	1.225	15.9	0.000682991	4.25893e-05
0	1.235	0.1	0.893781	0.000503673
0	1.235	0.3	0.892341	0.000507147
0	1.235	0.5	0.891967	0.000505776
0	1.235	0.7	0.895195	0.000499705
0	1.235	0.9	0.893704	0.000504652
0	1.235	1.1	0.894539	0.000500884
0	1.235	1.3	0.892293	0.000505918
0	1.235	1.5	0.890885	0.000508199
0	1.235	1.7	0.889444	0.000515656
0	1.235	1.9	0.887297	0.000517767
0	1.235	2.1	0.886333	0.000518971
0	1.235	2.3	0.879474	0.000532173
0	1.235	2.5	0.879012	0.000533171
0	1.235	2.7	0.86873	0.000549316
0	1.235	2.9	0.863791	0.000560623
0	1.235	3.1	0.850743	0.0005816
0	1.235	3.3	0.83745	0.00060106
0	1.235	3.5	0.811996	0.000633875
0	1.235	3.7	0.779427	0.00067635
0	1.235	3.9	0.742731	0.000715428
0	1.235	4.1	0.691482	0.00075488
0	1.235	4.3	0.636538	0.000787936
0	1.235	4.5	0.588169	0.000801003
0	1.235	4.7	0.533496	0.000816544
0	1.235	4.9	0.493187	0.000814861
0	1.235	5.1	0.450613	0.000811184
0	1.235	5.3	0.417809	0.000804308
0	1.235	5.5	0.377157	0.000799057
0	1.235	5.7	0.351292	0.000785007
0	1.235	5.9	0.321914	0.000764672
0	1.235	6.1	0.298975	0.000747991
0	1.235	6.3	0.277138	0.000732207
0	1.235	6.5	0.24769	0.000697953
0	1.235	6.7	0.222858	0.000686431
0	1.235	6.9	0.198935	0.000651394
0	1.235	7.1	0.18608	0.000639021
0	1.235	7.3	0.170376	0.000614146
0	1.235	7.5	0.153522	0.000587783
0	1.235	7.7	0.137415	0.000564441
0	1.235	7.9	0.124437	0.000538407
0	1.235	8.1	0.112392	0.000514978
0	1.235	8.3	0.104251	0.000498504
0	1.235	8.5	0.0951779	0.000480911
0	1.235	8.7	0.0881609	0.000461061
0	1.235	8.9	0.078281	0.000437908
0	1.235	9.1	0.0710439	0.000421228
0	1.235	9.3	0.0678857	0.000408222
0	1.235	9.5	0.0567298	0.000379413
0	1.235	9.7	0.0541562	0.000369312
0	1.235	9.9	0.0483901	0.000351883
0	1.235	10.1	0.0451379	0.000338917
0	1.235	10.3	0.0410522	0.000323642
0	1.235	10.5	0.03724	0.000308555
0	1.235	10.7	0.0322908	0.000288834
0	1.235	10.9	0.0319273	0.000286538
0	1.235	11.1	0.0283746	0.000270666
0	1.235	11.3	0.0249852	0.000256435
0	1.235	11.5	0.0219359	0.000239133
0	1.235	11.7	0.0207769	0.00023287
0	1.235	11.9	0.0172187	0.000212331
0	1.235	12.1	0.0151836	0.000199685
0	1.235	12.3	0.0135718	0.000189363
0	1.235	12.5	0.0121791	0.000178591
0	1.235	12.7	0.010556	0.000167217
0	1.235	12.9	0.00968216	0.000159702
0	1.235	13.1	0.00895104	0.000152418
0	1.235	13.3	0.00712708	0.00013754
0	1.235	13.5	0.00494962	0.000114884
0	1.235	13.7	0.00444108	0.000107854
0	1.235	13.9	0.00442425	0.000108512
0	1.235	14.1	0.00366708	9.81783e-05
0	1.235	14.3	0.00374382	9.96217e-05
0	1.235	14.5	0.0034624	9.61968e-05
0	1.235	14.7	0.0021315	7.46754e-05
0	1.235	14.9	0.00188976	7.09543e-05
0	1.235	15.1	0.00202287	7.39379e-05
0	1.235	15.3	0.00145624	6.21054e-05
0	1.235	15.5	0.00101703	5.18738e-05
0	1.235	15.7	0.00139862	6.09401e-05
0	1.235	15.9	0.00052588	3.73628e-05
0	1.245	0.1	0.894585	0.000500937
0	1.245	0.3	0.899082	0.000494468
0	1.245	0.5	0.898046	0.000493807
0	1.245	0.7	0.899078	0.00048674
0	1.245	0.9	0.895554	0.000498796
0	1.245	1.1	0.895577	0.000499483
0	1.245	1.3	0.895206	0.000500916
0	1.245	1.5	0.894814	0.000503818
0	1.245	1.7	0.889646	0.000512575
0	1.245	1.9	0.890325	0.000508427
0	1.245	2.1	0.886265	0.000523199
0	1.245	2.3	0.889417	0.000512855
0	1.245	2.5	0.880687	0.00053121
0	1.245	2.7	0.876353	0.000536123
0	1.245	2.9	0.869916	0.000550769
0	1.245	3.1	0.857304	0.000569501
0	1.245	3.3	0.843715	0.000595506
0	1.245	3.5	0.826235	0.000622895
0	1.245	3.7	0.793588	0.000661026
0	1.245	3.9	0.756214	0.00070158
0	1.245	4.1	0.707889	0.000738277
0	1.245	4.3	0.653632	0.000774214
0	1.245	4.5	0.604279	0.00080458
0	1.245	4.7	0.554791	0.000814719
0	1.245	4.9	0.506976	0.000819177
0	1.245	5.1	0.468273	0.000810877
0	1.245	5.3	0.435439	0.000811487
0	1.245	5.5	0.398505	0.000798916
0	1.245	5.7	0.36893	0.000790636
0	1.245	5.9	0.33818	0.000771933
0	1.245	6.1	0.312797	0.000757936
0	1.245	6.3	0.292572	0.000745148
0	1.245	6.5	0.260053	0.000713675
0	1.245	6.7	0.236982	0.000693527
0	1.245	6.9	0.208648	0.000663058
0	1.245	7.1	0.194416	0.000648609
0	1.245	7.3	0.181007	0.000631044
0	1.245	7.5	0.160871	0.000599504
0	1.245	7.7	0.148036	0.000579257
0	1.245	7.9	0.137137	0.000562231
0	1.245	8.1	0.123846	0.000537272
0	1.245	8.3	0.11396	0.00051749
0	1.245	8.5	0.102301	0.000492118
0	1.245	8.7	0.0969332	0.00048224
0	1.245	8.9	0.0910398	0.000470307
0	1.245	9.1	0.0800201	0.000442839
0	1.245	9.3	0.0735869	0.000427488
0	1.245	9.5	0.0684722	0.000412701
0	1.245	9.7	0.0642565	0.000399063
0	1.245	9.9	0.0540688	0.000367713
0	1.245	10.1	0.0551529	0.000372438
0	1.245	10.3	0.0466476	0.000343516
0	1.245	10.5	0.0423319	0.000330323
0	1.245	10.7	0.0387157	0.000315481
0	1.245	10.9	0.0363322	0.000307707
0	1.245	11.1	0.0317441	0.000286414
0	1.245	11.3	0.0288776	0.000274444
0	1.245	11.5	0.0275288	0.000267594
0	1.245	11.7	0.0245667	0.000252344
0	1.245	11.9	0.0217104	0.000239497
0	1.245	12.1	0.0202047	0.000230032
0	1.245	12.3	0.0189831	0.000223344
0	1.245	12.5	0.015275	0.000200683
0	1.245	12.7	0.0140259	0.000192122
0	1.245	12.9	0.0133686	0.000186326
0	1.245	13.1	0.0102054	0.00016419
0	1.245	13.3	0.00850754	0.000150105
0	1.245	13.5	0.00770142	0.000143103
0	1.245	13.7	0.007169	0.000137907
0	1.245	13.9	0.00494647	0.000114874
0	1.245	14.1	0.00417119	0.000105388
0	1.245	14.3	0.00453012	0.000110011
0	1.245	14.5	0.00236964	7.96503e-05
0	1.245	14.7	0.00313868	9.1343e-05
0	1.245	14.9	0.00185327	7.00322e-05
0	1.245	15.1	0.00195815	7.21568e-05
0	1.245	15.3	0.00128762	5.84904e-05
0	1.245	15.5	0.00124312	5.75505e-05
0	1.245	15.7	0.0015272	6.35847e-05
0	1.245	15.9	0.000579054	3.93882e-05
0	1.255	0.1	0.89937	0.000490378
0	1.255	0.3	0.896283	0.000498882
0	1.255	0.5	0.894844	0.000498835
0	1.255	0.7	0.898503	0.000492698
0	1.255	0.9	0.896963	0.000497012
0	1.255	1.1	0.895093	0.000499333
0	1.255	1.3	0.896834	0.000495317
0	1.255	1.5	0.896667	0.000494508
0	1.255	1.7	0.894159	0.000502211
0	1.255	1.9	0.894192	0.000501672
0	1.255	2.1	0.892436	0.000506097
0	1.255	2.3	0.888059	0.000515936
0	1.255	2.5	0.883406	0.00052145
0	1.255	2.7	0.876442	0.000539134
0	1.255	2.9	0.872985	0.000544206
0	1.255	3.1	0.862852	0.000560007
0	1.255	3.3	0.854031	0.000574116
0	1.255	3.5	0.831674	0.000607164
0	1.255	3.7	0.80175	0.000651754
0	1.255	3.9	0.764994	0.000691532
0	1.255	4.1	0.717348	0.000735616
0	1.255	4.3	0.665624	0.000767379
0	1.255	4.5	0.61434	0.000795947
0	1.255	4.7	0.568947	0.000810261
0	1.255	4.9	0.520914	0.00081084
0	1.255	5.1	0.480035	0.000819877
0	1.255	5.3	0.448774	0.000816707
0	1.255	5.5	0.413876	0.000806229
0	1.255	5.7	0.379738	0.000792412
0	1.255	5.9	0.348197	0.000783039
0	1.255	6.1	0.326829	0.000770536
0	1.255	6.3	0.297541	0.000749249
0	1.255	6.5	0.272666	0.00072522
0	1.255	6.7	0.247477	0.00070264
0	1.255	6.9	0.226308	0.000688098
0	1.255	7.1	0.2084	0.000662815
0	1.255	7.3	0.196552	0.000649853
0	1.255	7.5	0.173552	0.000616839
0	1.255	7.7	0.161555	0.00059864
0	1.255	7.9	0.144666	0.000575666
0	1.255	8.1	0.13353	0.000554014
0	1.255	8.3	0.121063	0.000532176
0	1.255	8.5	0.115242	0.000523037
0	1.255	8.7	0.110096	0.000510798
0	1.255	8.9	0.0978183	0.000486459
0	1.255	9.1	0.0914135	0.000468448
0	1.255	9.3	0.0815019	0.00044662
0	1.255	9.5	0.0807074	0.000445476
0	1.255	9.7	0.0725203	0.000423638
0	1.255	9.9	0.06669	0.000406447
0	1.255	10.1	0.0596465	0.000385217
0	1.255	10.3	0.0563229	0.000375962
0	1.255	10.5	0.0483699	0.000350167
0	1.255	10.7	0.0464254	0.000342211
0	1.255	10.9	0.0405241	0.000322976
0	1.255	11.1	0.0377266	0.000310314
0	1.255	11.3	0.0367799	0.000307748
0	1.255	11.5	0.0328847	0.000290687
0	1.255	11.7	0.030458	0.000280115
0	1.255	11.9	0.0278585	0.00026839
0	1.255	12.1	0.0233606	0.000247695
0	1.255	12.3	0.0232198	0.000246603
0	1.255	12.5	0.0194461	0.000224929
0	1.255	12.7	0.0169238	0.000210243
0	1.255	12.9	0.0149038	0.000196951
0	1.255	13.1	0.0137985	0.000190946
0	1.255	13.3	0.0110136	0.00017004
0	1.255	13.5	0.0101115	0.000162601
0	1.255	13.7	0.00888776	0.000152646
0	1.255	13.9	0.00683529	0.000133927
0	1.255	14.1	0.00528183	0.000118297
0	1.255	14.3	0.00570053	0.000123106
0	1.255	14.5	0.00350703	9.72089e-05
0	1.255	14.7	0.00351353	9.68675e-05
0	1.255	14.9	0.00245908	8.05804e-05
0	1.255	15.1	0.00292015	8.78373e-05
0	1.255	15.3	0.00181387	6.93426e-05
0	1.255	15.5	0.00166538	6.61899e-05
0	1.255	15.7	0.00162787	6.64035e-05
0	1.255	15.9	0.0011175	5.43689e-05
0	1.265	0.1	0.896643	0.000498715
0	1.265	0.3	0.898786	0.000495081
0	1.265	0.5	0.902152	0.000485064
0	1.265	0.7	0.896037	0.000496358
0	1.265	0.9	0.896022	0.000498665
0	1.265	1.1	0.899882	0.000488243
0	1.265	1.3	0.897431	0.000495297
0	1.265	1.5	0.899845	0.000490955
0	1.265	1.7	0.897794	0.000498355
0	1.265	1.9	0.892905	0.000504229
0	1.265	2.1	0.895002	0.000502253
0	1.265	2.3	0.890957	0.000506098
0	1.265	2.5	0.884153	0.000520472
0	1.265	2.7	0.879149	0.000532292
0	1.265	2.9	0.878501	0.00053586
0	1.265	3.1	0.872703	0.000545565
0	1.265	3.3	0.858013	0.000571511
0	1.265	3.5	0.836161	0.000605892
0	1.265	3.7	0.808637	0.000641828
0	1.265	3.9	0.774397	0.000681881
0	1.265	4.1	0.72855	0.000723761
0	1.265	4.3	0.680455	0.000761263
0	1.265	4.5	0.624792	0.000789321
0	1.265	4.7	0.580354	0.000807687
0	1.265	4.9	0.530491	0.000818339
0	1.265	5.1	0.500561	0.000817126
0	1.265	5.3	0.467887	0.000820389
0	1.265	5.5	0.431085	0.000806548
0	1.265	5.7	0.399759	0.000805546
0	1.265	5.9	0.365053	0.000780344
0	1.265	6.1	0.340269	0.000772482
0	1.265	6.3	0.313847	0.00075897
0	1.265	6.5	0.286839	0.00074193
0	1.265	6.7	0.266037	0.000724082
0	1.265	6.9	0.241527	0.00069596
0	1.265	7.1	0.220272	0.000673726
0	1.265	7.3	0.20294	0.000657552
0	1.265	7.5	0.187538	0.000638357
0	1.265	7.7	0.166645	0.000607404
0	1.265	7.9	0.157678	0.000589066
0	1.265	8.1	0.146515	0.000580547
0	1.265	8.3	0.135107	0.000558649
0	1.265	8.5	0.126858	0.000539
0	1.265	8.7	0.120374	0.000532649
0	1.265	8.9	0.110186	0.000509802
0	1.265	9.1	0.099529	0.00049073
0	1.265	9.3	0.0953131	0.000479795
0	1.265	9.5	0.0881121	0.000463982
0	1.265	9.7	0.0798039	0.000442794
0	1.265	9.9	0.0751905	0.000432783
0	1.265	10.1	0.0674523	0.000408549
0	1.265	10.3	0.0631942	0.000395336
0	1.265	10.5	0.0594733	0.000386924
0	1.265	10.7	0.0562702	0.000374605
0	1.265	10.9	0.049768	0.000353119
0	1.265	11.1	0.0445232	0.000338133
0	1.265	11.3	0.0432252	0.000332127
0	1.265	11.5	0.0399114	0.000317952
0	1.265	11.7	0.0365947	0.000305961
0	1.265	11.9	0.0335235	0.000295295
0	1.265	12.1	0.0305537	0.000281645
0	1.265	12.3	0.0259596	0.000259269
0	1.265	12.5	0.0229612	0.000244809
0	1.265	12.7	0.0210475	0.000232945
0	1.265	12.9	0.0185864	0.000220739
0	1.265	13.1	0.0161144	0.000205669
0	1.265	13.3	0.0133469	0.000186782
0	1.265	13.5	0.012773	0.000182877
0	1.265	13.7	0.0111218	0.00017086
0	1.265	13.9	0.00836883	0.000148959
0	1.265	14.1	0.00695597	0.00013563
0	1.265	14.3	0.0062471	0.000128602
0	1.265	14.5	0.00603564	0.000125938
0	1.265	14.7	0.00462046	0.000110926
0	1.265	14.9	0.00361555	9.81158e-05
0	1.265	15.1	0.0033485	9.42127e-05
0	1.265	15.3	0.00241675	8.00178e-05
0	1.265	15.5	0.00224521	7.71508e-05
0	1.265	15.7	0.00151506	6.34664e-05
0	1.265	15.9	0.00158227	6.48701e-05
0	1.275	0.1	0.902324	0.000486576
0	1.275	0.3	0.905859	0.000476638
0	1.275	0.5	0.901018	0.00048409
0	1.275	0.7	0.899056	0.000494657
0	1.275	0.9	0.904287	0.000481257
0	1.275	1.1	0.901011	0.000490377
0	1.275	1.3	0.904253	0.000483298
0	1.275	1.5	0.901636	0.000486411
0	1.275	1.7	0.898933	0.000490061
0	1.275	1.9	0.89846	0.000491838
0	1.275	2.1	0.898807	0.000492877
0	1.275	2.3	0.893468	0.000500459
0	1.275	2.5	0.891288	0.00050872
0	1.275	2.7	0.886658	0.000516366
0	1.275	2.9	0.880874	0.000527507
0	1.275	3.1	0.871925	0.000546832
0	1.275	3.3	0.860708	0.000563056
0	1.275	3.5	0.846183	0.000589568
0	1.275	3.7	0.821932	0.000624322
0	1.275	3.9	0.782542	0.000676501
0	1.275	4.1	0.744829	0.000709477
0	1.275	4.3	0.695361	0.000755755
0	1.275	4.5	0.640772	0.000781127
0	1.275	4.7	0.592279	0.000803103
0	1.275	4.9	0.541199	0.000814394
0	1.275	5.1	0.507347	0.00082017
0	1.275	5.3	0.480495	0.000812345
0	1.275	5.5	0.438512	0.00081008
0	1.275	5.7	0.409101	0.000803763
0	1.275	5.9	0.381792	0.000798943
0	1.275	6.1	0.355088	0.000785251
0	1.275	6.3	0.324922	0.000763566
0	1.275	6.5	0.299628	0.000745708
0	1.275	6.7	0.273152	0.000729716
0	1.275	6.9	0.250932	0.000706968
0	1.275	7.1	0.23358	0.000691977
0	1.275	7.3	0.214055	0.00066987
0	1.275	7.5	0.196803	0.000648626
0	1.275	7.7	0.182743	0.000630035
0	1.275	7.9	0.169327	0.000611584
0	1.275	8.1	0.156478	0.000595187
0	1.275	8.3	0.143386	0.000569502
0	1.275	8.5	0.136885	0.000564281
0	1.275	8.7	0.123126	0.00053567
0	1.275	8.9	0.116718	0.000523724
0	1.275	9.1	0.108889	0.000507938
0	1.275	9.3	0.102217	0.00049433
0	1.275	9.5	0.0967259	0.00048233
0	1.275	9.7	0.0897042	0.000468391
0	1.275	9.9	0.0838773	0.000454256
0	1.275	10.1	0.076796	0.000435771
0	1.275	10.3	0.0729118	0.00042475
0	1.275	10.5	0.0665608	0.00040696
0	1.275	10.7	0.0626625	0.000395708
0	1.275	10.9	0.0572353	0.00038063
0	1.275	11.1	0.0566796	0.000375831
0	1.275	11.3	0.050218	0.000356238
0	1.275	11.5	0.0472801	0.000348365
0	1.275	11.7	0.0443195	0.000337817
0	1.275	11.9	0.0399853	0.0003193
0	1.275	12.1	0.0351154	0.000301646
0	1.275	12.3	0.0340056	0.000296845
0	1.275	12.5	0.0285441	0.000273131
0	1.275	12.7	0.0261153	0.000261595
0	1.275	12.9	0.0246398	0.000254034
0	1.275	13.1	0.0204401	0.000230874
0	1.275	13.3	0.0181507	0.000218118
0	1.275	13.5	0.0149883	0.000198624
0	1.275	13.7	0.0147863	0.000196722
0	1.275	13.9	0.0113978	0.000173957
0	1.275	14.1	0.0092377	0.000156138
0	1.275	14.3	0.0086057	0.000150396
0	1.275	14.5	0.00842449	0.000148832
0	1.275	14.7	0.00492675	0.000114417
0	1.275	14.9	0.00525431	0.000117712
0	1.275	15.1	0.00354817	9.73762e-05
0	1.275	15.3	0.00275446	8.57075e-05
0	1.275	15.5	0.00251582	8.21288e-05
0	1.275	15.7	0.00209394	7.5041e-05
0	1.275	15.9	0.00199265	7.3129e-05
0	1.285	0.1	0.90073	0.000490476
0	1.285	0.3	0.90179	0.000485216
0	1.285	0.5	0.902766	0.000480602
0	1.285	0.7	0.905502	0.000476078
0	1.285	0.9	0.900225	0.000487215
0	1.285	1.1	0.901912	0.000482822
0	1.285	1.3	0.901888	0.000488196
0	1.285	1.5	0.904734	0.000475216
0	1.285	1.7	0.900806	0.000488862
0	1.285	1.9	0.896097	0.00049635
0	1.285	2.1	0.896225	0.000499533
0	1.285	2.3	0.89547	0.000497935
0	1.285	2.5	0.898684	0.000493593
0	1.285	2.7	0.888775	0.000513532
0	1.285	2.9	0.890344	0.000510835
0	1.285	3.1	0.879232	0.000531127
0	1.285	3.3	0.867239	0.000554405
0	1.285	3.5	0.849464	0.00058631
0	1.285	3.7	0.827241	0.000617195
0	1.285	3.9	0.794731	0.000664544
0	1.285	4.1	0.756323	0.000703178
0	1.285	4.3	0.708507	0.000741496
0	1.285	4.5	0.652884	0.000773926
0	1.285	4.7	0.61019	0.000796989
0	1.285	4.9	0.557651	0.000810977
0	1.285	5.1	0.521805	0.000811948
0	1.285	5.3	0.488056	0.000813577
0	1.285	5.5	0.456152	0.000814805
0	1.285	5.7	0.427361	0.000810946
0	1.285	5.9	0.394386	0.00079718
0	1.285	6.1	0.362004	0.000789311
0	1.285	6.3	0.333544	0.000769127
0	1.285	6.5	0.311575	0.000760623
0	1.285	6.7	0.281503	0.000735231
0	1.285	6.9	0.264729	0.000719176
0	1.285	7.1	0.248083	0.000705249
0	1.285	7.3	0.224046	0.000679807
0	1.285	7.5	0.20468	0.000657688
0	1.285	7.7	0.182799	0.000631082
0	1.285	7.9	0.172002	0.000617123
0	1.285	8.1	0.166575	0.000609035
0	1.285	8.3	0.153842	0.000589239
0	1.285	8.5	0.140202	0.000565819
0	1.285	8.7	0.135741	0.000556242
0	1.285	8.9	0.128111	0.000545815
0	1.285	9.1	0.12038	0.000530831
0	1.285	9.3	0.10922	0.000510167
0	1.285	9.5	0.106105	0.000502258
0	1.285	9.7	0.0958554	0.000478852
0	1.285	9.9	0.0894533	0.000465019
0	1.285	10.1	0.0859198	0.000458564
0	1.285	10.3	0.0804709	0.000443933
0	1.285	10.5	0.0750216	0.000429976
0	1.285	10.7	0.0718184	0.000420984
0	1.285	10.9	0.0689084	0.000412183
0	1.285	11.1	0.0648406	0.000402242
0	1.285	11.3	0.0578014	0.000382001
0	1.285	11.5	0.0544987	0.000371352
0	1.285	11.7	0.0492795	0.000353461
0	1.285	11.9	0.044999	0.000337609
0	1.285	12.1	0.0451362	0.000338156
0	1.285	12.3	0.0365687	0.000309625
0	1.285	12.5	0.03627	0.00030603
0	1.285	12.7	0.0342535	0.000296467
0	1.285	12.9	0.0290971	0.0002737
0	1.285	13.1	0.0243717	0.000250163
0	1.285	13.3	0.0225965	0.000242536
0	1.285	13.5	0.0185591	0.000221023
0	1.285	13.7	0.0167119	0.000208403
0	1.285	13.9	0.0142928	0.000193608
0	1.285	14.1	0.0119477	0.000176412
0	1.285	14.3	0.0103984	0.000166301
0	1.285	14.5	0.00868514	0.000151382
0	1.285	14.7	0.0071978	0.000138874
0	1.285	14.9	0.00663519	0.000133171
0	1.285	15.1	0.00455461	0.000109859
0	1.285	15.3	0.00490073	0.000113938
0	1.285	15.5	0.00384054	0.000101365
0	1.285	15.7	0.00209169	7.50573e-05
0	1.285	15.9	0.00240357	8.02909e-05
0	1.295	0.1	0.907627	0.000473884
0	1.295	0.3	0.90707	0.0004764
0	1.295	0.5	0.904483	0.000479581
0	1.295	0.7	0.904528	0.000481152
0	1.295	0.9	0.900916	0.000485203
0	1.295	1.1	0.904192	0.000480014
0	1.295	1.3	0.904195	0.000479475
0	1.295	1.5	0.90543	0.000479461
0	1.295	1.7	0.9023	0.000485829
0	1.295	1.9	0.90317	0.000480899
0	1.295	2.1	0.904724	0.000479797
0	1.295	2.3	0.900061	0.000489094
0	1.295	2.5	0.897836	0.000495068
0	1.295	2.7	0.899658	0.000488784
0	1.295	2.9	0.889431	0.000509235
0	1.295	3.1	0.885236	0.000521072
0	1.295	3.3	0.872947	0.000547367
0	1.295	3.5	0.858305	0.000571597
0	1.295	3.7	0.838831	0.000599462
0	1.295	3.9	0.803325	0.000647392
0	1.295	4.1	0.764646	0.000691995
0	1.295	4.3	0.713747	0.000737266
0	1.295	4.5	0.663916	0.000768531
0	1.295	4.7	0.619418	0.000793056
0	1.295	4.9	0.566552	0.000805575
0	1.295	5.1	0.531608	0.000816238
0	1.295	5.3	0.493684	0.000810476
0	1.295	5.5	0.457984	0.000811075
0	1.295	5.7	0.434042	0.000809268
0	1.295	5.9	0.398826	0.000798331
0	1.295	6.1	0.376542	0.000792156
0	1.295	6.3	0.34158	0.00077339
0	1.295	6.5	0.321656	0.000764637
0	1.295	6.7	0.294573	0.000744784
0	1.295	6.9	0.269093	0.000726205
0	1.295	7.1	0.24925	0.000711054
0	1.295	7.3	0.23106	0.000684893
0	1.295	7.5	0.211415	0.000668874
0	1.295	7.7	0.197866	0.000649196
0	1.295	7.9	0.182356	0.000628667
0	1.295	8.1	0.172086	0.000618042
0	1.295	8.3	0.160472	0.000595587
0	1.295	8.5	0.151561	0.00058811
0	1.295	8.7	0.142256	0.000569986
0	1.295	8.9	0.133296	0.00055593
0	1.295	9.1	0.126204	0.000544936
0	1.295	9.3	0.121161	0.000533884
0	1.295	9.5	0.112195	0.000516281
0	1.295	9.7	0.105739	0.000502721
0	1.295	9.9	0.0992902	0.000488893
0	1.295	10.1	0.0930904	0.000473167
0	1.295	10.3	0.0849136	0.000456239
0	1.295	10.5	0.0826174	0.000450467
0	1.295	10.7	0.076341	0.000432317
0	1.295	10.9	0.0727752	0.000423986
0	1.295	11.1	0.0698655	0.000414896
0	1.295	11.3	0.0666468	0.000406865
0	1.295	11.5	0.0615245	0.000393199
0	1.295	11.7	0.0572816	0.000380189
0	1.295	11.9	0.0538717	0.00037025
0	1.295	12.1	0.0480562	0.000350883
0	1.295	12.3	0.0444415	0.000337151
0	1.295	12.5	0.0377391	0.000310841
0	1.295	12.7	0.0366996	0.000308268
0	1.295	12.9	0.0340568	0.000296153
0	1.295	13.1	0.03077	0.000281785
0	1.295	13.3	0.0258334	0.000258595
0	1.295	13.5	0.0244942	0.000253522
0	1.295	13.7	0.0203648	0.000230754
0	1.295	13.9	0.0195635	0.000225353
0	1.295	14.1	0.0148625	0.000197942
0	1.295	14.3	0.0117948	0.000177003
0	1.295	14.5	0.0102457	0.000164212
0	1.295	14.7	0.0105145	0.000166332
0	1.295	14.9	0.00800574	0.000145215
0	1.295	15.1	0.00653362	0.00013138
0	1.295	15.3	0.0056998	0.000122889
0	1.295	15.5	0.00481307	0.000113806
0	1.295	15.7	0.00303842	8.99323e-05
0	1.295	15.9	0.00384338	0.000101334
0	1.305	0.1	0.906325	0.000471757
0	1.305	0.3	0.904505	0.000479053
0	1.305	0.5	0.907034	0.000472649
0	1.305	0.7	0.906825	0.000474312
0	1.305	0.9	0.908344	0.000470171
0	1.305	1.1	0.903805	0.000479217
0	1.305	1.3	0.90718	0.000474737
0	1.305	1.5	0.905248	0.000479855
0	1.305	1.7	0.905663	0.000478793
0	1.305	1.9	0.907342	0.000472329
0	1.305	2.1	0.903726	0.00048201
0	1.305	2.3	0.903127	0.000480576
0	1.305	2.5	0.901635	0.000484078
0	1.305	2.7	0.897506	0.000498202
0	1.305	2.9	0.893712	0.000499017
0	1.305	3.1	0.886901	0.000518759
0	1.305	3.3	0.87781	0.000535445
0	1.305	3.5	0.863131	0.000557378
0	1.305	3.7	0.838526	0.000599226
0	1.305	3.9	0.810721	0.000641604
0	1.305	4.1	0.773789	0.00068676
0	1.305	4.3	0.726728	0.000728506
0	1.305	4.5	0.6762	0.000757289
0	1.305	4.7	0.631904	0.000789577
0	1.305	4.9	0.584253	0.000804311
0	1.305	5.1	0.542646	0.0008135
0	1.305	5.3	0.504951	0.000815268
0	1.305	5.5	0.472611	0.000819142
0	1.305	5.7	0.437452	0.00080854
0	1.305	5.9	0.401701	0.000801216
0	1.305	6.1	0.375159	0.000787593
0	1.305	6.3	0.353568	0.00078306
0	1.305	6.5	0.323104	0.000763585
0	1.305	6.7	0.29749	0.000747377
0	1.305	6.9	0.276902	0.000729837
0	1.305	7.1	0.254817	0.000709133
0	1.305	7.3	0.234736	0.000691133
0	1.305	7.5	0.224393	0.00068317
0	1.305	7.7	0.200234	0.00065415
0	1.305	7.9	0.189157	0.000643724
0	1.305	8.1	0.173624	0.000616269
0	1.305	8.3	0.164063	0.000604304
0	1.305	8.5	0.157083	0.000593688
0	1.305	8.7	0.144014	0.000571073
0	1.305	8.9	0.138636	0.000565914
0	1.305	9.1	0.131194	0.00055033
0	1.305	9.3	0.120505	0.000532563
0	1.305	9.5	0.11992	0.000528348
0	1.305	9.7	0.111318	0.000513209
0	1.305	9.9	0.103871	0.000496324
0	1.305	10.1	0.0967229	0.000482581
0	1.305	10.3	0.0958689	0.000481012
0	1.305	10.5	0.0899255	0.000466889
0	1.305	10.7	0.0844901	0.000453012
0	1.305	10.9	0.0801049	0.000443605
0	1.305	11.1	0.075559	0.000431934
0	1.305	11.3	0.0736791	0.000429027
0	1.305	11.5	0.0653319	0.00040188
0	1.305	11.7	0.0619709	0.000392909
0	1.305	11.9	0.0579812	0.000384044
0	1.305	12.1	0.0556996	0.000374937
0	1.305	12.3	0.0506843	0.000357886
0	1.305	12.5	0.0464785	0.00034506
0	1.305	12.7	0.0429844	0.000330829
0	1.305	12.9	0.038216	0.000313149
0	1.305	13.1	0.0367129	0.000307422
0	1.305	13.3	0.0324789	0.000286848
0	1.305	13.5	0.0292059	0.000272935
0	1.305	13.7	0.0254558	0.000256425
0	1.305	13.9	0.0201361	0.000228851
0	1.305	14.1	0.0183185	0.000217853
0	1.305	14.3	0.0152107	0.000200109
0	1.305	14.5	0.0147279	0.000196481
0	1.305	14.7	0.01096	0.000170936
0	1.305	14.9	0.010494	0.000165612
0	1.305	15.1	0.00743128	0.000140266
0	1.305	15.3	0.00661889	0.00013186
0	1.305	15.5	0.00618463	0.000128755
0	1.305	15.7	0.0047852	0.0001123
0	1.305	15.9	0.0048301	0.00011276
0	1.315	0.1	0.908147	0.000473851
0	1.315	0.3	0.907153	0.000472923
0	1.315	0.5	0.908851	0.000469021
0	1.315	0.7	0.909287	0.000469849
0	1.315	0.9	0.908164	0.000470751
0	1.315	1.1	0.910401	0.000466921
0	1.315	1.3	0.910509	0.000468324
0	1.315	1.5	0.910273	0.000466671
0	1.315	1.7	0.908154	0.000471207
0	1.315	1.9	0.908349	0.000471289
0	1.315	2.1	0.908031	0.000470364
0	1.315	2.3	0.906826	0.000473496
0	1.315	2.5	0.90263	0.000486614
0	1.315	2.7	0.903295	0.000480309
0	1.315	2.9	0.896834	0.000495827
0	1.315	3.1	0.891001	0.000508163
0	1.315	3.3	0.880763	0.000525558
0	1.315	3.5	0.86681	0.000554877
0	1.315	3.7	0.846238	0.000585089
0	1.315	3.9	0.817183	0.000631665
0	1.315	4.1	0.776948	0.000685259
0	1.315	4.3	0.734285	0.000722033
0	1.315	4.5	0.681816	0.000758355
0	1.315	4.7	0.637322	0.000782949
0	1.315	4.9	0.591783	0.000801582
0	1.315	5.1	0.547077	0.000813335
0	1.315	5.3	0.51746	0.000815874
0	1.315	5.5	0.475299	0.000814158
0	1.315	5.7	0.447419	0.000810603
0	1.315	5.9	0.413959	0.000803504
0	1.315	6.1	0.386324	0.000796161
0	1.315	6.3	0.361049	0.000787406
0	1.315	6.5	0.331608	0.000767611
0	1.315	6.7	0.304923	0.000750632
0	1.315	6.9	0.283428	0.000736478
0	1.315	7.1	0.262242	0.000722536
0	1.315	7.3	0.243611	0.00070909
0	1.315	7.5	0.224566	0.000680789
0	1.315	7.7	0.212855	0.000669208
0	1.315	7.9	0.191843	0.000644152
0	1.315	8.1	0.183018	0.000630566
0	1.315	8.3	0.171698	0.000613177
0	1.315	8.5	0.163395	0.000600742
0	1.315	8.7	0.153228	0.000586766
0	1.315	8.9	0.146667	0.000579091
0	1.315	9.1	0.135214	0.00055801
0	1.315	9.3	0.129819	0.000549884
0	1.315	9.5	0.12244	0.000536729
0	1.315	9.7	0.114667	0.000521787
0	1.315	9.9	0.107925	0.000506557
0	1.315	10.1	0.101425	0.000491923
0	1.315	10.3	0.0987654	0.000488984
0	1.315	10.5	0.0948639	0.000478255
0	1.315	10.7	0.0893488	0.000464661
0	1.315	10.9	0.0863106	0.000461704
0	1.315	11.1	0.080937	0.000445927
0	1.315	11.3	0.0779036	0.000438651
0	1.315	11.5	0.0699979	0.000417853
0	1.315	11.7	0.0680489	0.000410164
0	1.315	11.9	0.0630205	0.000397193
0	1.315	12.1	0.0586577	0.000382714
0	1.315	12.3	0.0582184	0.000382945
0	1.315	12.5	0.0511774	0.000360386
0	1.315	12.7	0.0504741	0.000356619
0	1.315	12.9	0.04447	0.000336896
0	1.315	13.1	0.0396734	0.000319763
0	1.315	13.3	0.0389493	0.000315704
0	1.315	13.5	0.0328794	0.000292262
0	1.315	13.7	0.02907	0.000273562
0	1.315	13.9	0.0254991	0.000257447
0	1.315	14.1	0.0228012	0.00024468
0	1.315	14.3	0.0205622	0.000232057
0	1.315	14.5	0.0175584	0.000215056
0	1.315	14.7	0.0135895	0.000189179
0	1.315	14.9	0.0126885	0.000182741
0	1.315	15.1	0.0109329	0.000170035
0	1.315	15.3	0.00945846	0.000157884
0	1.315	15.5	0.00626515	0.000128209
0	1.315	15.7	0.00566778	0.000121916
0	1.315	15.9	0.00480808	0.000113275
0	1.325	0.1	0.90804	0.000473943
0	1.325	0.3	0.910795	0.000465354
0	1.325	0.5	0.909345	0.000471209
0	1.325	0.7	0.909081	0.000470275
0	1.325	0.9	0.908233	0.000471987
0	1.325	1.1	0.912517	0.000461272
0	1.325	1.3	0.912222	0.0004599
0	1.325	1.5	0.909513	0.000470078
0	1.325	1.7	0.908979	0.000469129
0	1.325	1.9	0.910519	0.000467804
0	1.325	2.1	0.909022	0.000469957
0	1.325	2.3	0.907405	0.000473157
0	1.325	2.5	0.908806	0.000469254
0	1.325	2.7	0.90442	0.000480517
0	1.325	2.9	0.898152	0.000495258
0	1.325	3.1	0.891842	0.000510038
0	1.325	3.3	0.884485	0.000519182
0	1.325	3.5	0.869643	0.000550787
0	1.325	3.7	0.850664	0.0005828
0	1.325	3.9	0.824632	0.000623184
0	1.325	4.1	0.788504	0.000666255
0	1.325	4.3	0.738106	0.00071676
0	1.325	4.5	0.694364	0.000758483
0	1.325	4.7	0.647267	0.000778872
0	1.325	4.9	0.598459	0.000797171
0	1.325	5.1	0.55776	0.000812802
0	1.325	5.3	0.524716	0.000817594
0	1.325	5.5	0.492964	0.000812552
0	1.325	5.7	0.457018	0.000809883
0	1.325	5.9	0.42175	0.000803263
0	1.325	6.1	0.392753	0.000795453
0	1.325	6.3	0.371996	0.000792133
0	1.325	6.5	0.338534	0.000771861
0	1.325	6.7	0.313221	0.000758616
0	1.325	6.9	0.282238	0.000734926
0	1.325	7.1	0.265915	0.000721868
0	1.325	7.3	0.24774	0.000707721
0	1.325	7.5	0.228436	0.000686673
0	1.325	7.7	0.211564	0.000667964
0	1.325	7.9	0.193954	0.000645909
0	1.325	8.1	0.189535	0.000638144
0	1.325	8.3	0.175069	0.000621569
0	1.325	8.5	0.163825	0.000606398
0	1.325	8.7	0.154447	0.00058959
0	1.325	8.9	0.147684	0.000579571
0	1.325	9.1	0.137534	0.000560982
0	1.325	9.3	0.132173	0.000552545
0	1.325	9.5	0.127501	0.000543091
0	1.325	9.7	0.119487	0.000531857
0	1.325	9.9	0.111086	0.000515925
0	1.325	10.1	0.105863	0.000503647
0	1.325	10.3	0.107352	0.000507117
0	1.325	10.5	0.0957524	0.0004817
0	1.325	10.7	0.0917008	0.000472565
0	1.325	10.9	0.0911342	0.00047318
0	1.325	11.1	0.0866551	0.000458244
0	1.325	11.3	0.0813634	0.000445917
0	1.325	11.5	0.0741539	0.000427086
0	1.325	11.7	0.0725806	0.000425829
0	1.325	11.9	0.069486	0.000415652
0	1.325	12.1	0.0643502	0.000401783
0	1.325	12.3	0.0631684	0.000396917
0	1.325	12.5	0.0540852	0.000369953
0	1.325	12.7	0.0539303	0.000371449
0	1.325	12.9	0.048028	0.000348658
0	1.325	13.1	0.0459047	0.000341942
0	1.325	13.3	0.0414385	0.00032676
0	1.325	13.5	0.0369317	0.000308457
0	1.325	13.7	0.0336145	0.00029462
0	1.325	13.9	0.0303685	0.000281337
0	1.325	14.1	0.0246822	0.000253104
0	1.325	14.3	0.0234714	0.000248654
0	1.325	14.5	0.0205247	0.000230651
0	1.325	14.7	0.0167178	0.000210365
0	1.325	14.9	0.015227	0.00020011
0	1.325	15.1	0.0137228	0.000189556
0	1.325	15.3	0.0109287	0.000169619
0	1.325	15.5	0.0106482	0.000167422
0	1.325	15.7	0.00727207	0.000138168
0	1.325	15.9	0.00617111	0.000127287
0	1.335	0.1	0.907193	0.00047763
0	1.335	0.3	0.913481	0.000456985
0	1.335	0.5	0.91181	0.000463203
0	1.335	0.7	0.914465	0.000456498
0	1.335	0.9	0.915436	0.000457437
0	1.335	1.1	0.910477	0.000465719
0	1.335	1.3	0.912507	0.000461592
0	1.335	1.5	0.911279	0.000463297
0	1.335	1.7	0.911218	0.000467188
0	1.335	1.9	0.911975	0.000464061
0	1.335	2.1	0.916307	0.000450509
0	1.335	2.3	0.908514	0.000471257
0	1.335	2.5	0.909344	0.000468126
0	1.335	2.7	0.90494	0.000478892
0	1.335	2.9	0.904158	0.000483354
0	1.335	3.1	0.892927	0.000507415
0	1.335	3.3	0.888235	0.000516206
0	1.335	3.5	0.878075	0.000535674
0	1.335	3.7	0.854672	0.000573311
0	1.335	3.9	0.830134	0.000612971
0	1.335	4.1	0.797256	0.000656967
0	1.335	4.3	0.745976	0.000713926
0	1.335	4.5	0.700582	0.000742767
0	1.335	4.7	0.654151	0.000776863
0	1.335	4.9	0.611221	0.000796601
0	1.335	5.1	0.569972	0.000806679
0	1.335	5.3	0.53089	0.000813758
0	1.335	5.5	0.49363	0.000813165
0	1.335	5.7	0.462066	0.000814382
0	1.335	5.9	0.430363	0.000806493
0	1.335	6.1	0.396746	0.000803001
0	1.335	6.3	0.365677	0.000789449
0	1.335	6.5	0.339474	0.000777153
0	1.335	6.7	0.321333	0.000759774
0	1.335	6.9	0.29003	0.000737919
0	1.335	7.1	0.27124	0.000722668
0	1.335	7.3	0.250062	0.000712165
0	1.335	7.5	0.234138	0.000693864
0	1.335	7.7	0.215358	0.000670637
0	1.335	7.9	0.197347	0.000646873
0	1.335	8.1	0.191776	0.000640823
0	1.335	8.3	0.179748	0.00062538
0	1.335	8.5	0.1684	0.000612953
0	1.335	8.7	0.15844	0.00059443
0	1.335	8.9	0.147871	0.000578472
0	1.335	9.1	0.144675	0.000574055
0	1.335	9.3	0.133248	0.000554001
0	1.335	9.5	0.126919	0.000544743
0	1.335	9.7	0.123367	0.000536961
0	1.335	9.9	0.118588	0.000527659
0	1.335	10.1	0.106529	0.000503247
0	1.335	10.3	0.103689	0.000498176
0	1.335	10.5	0.101001	0.000491365
0	1.335	10.7	0.0955832	0.000479827
0	1.335	10.9	0.0938887	0.000475817
0	1.335	11.1	0.090265	0.000466093
0	1.335	11.3	0.0836682	0.000453647
0	1.335	11.5	0.0805641	0.000444417
0	1.335	11.7	0.0749414	0.000428032
0	1.335	11.9	0.070766	0.000419072
0	1.335	12.1	0.0678678	0.000410773
0	1.335	12.3	0.0658097	0.000405892
0	1.335	12.5	0.0589369	0.000384593
0	1.335	12.7	0.0596673	0.000385023
0	1.335	12.9	0.0514171	0.00036086
0	1.335	13.1	0.0517759	0.000360403
0	1.335	13.3	0.0453268	0.000341169
0	1.335	13.5	0.0441142	0.000335301
0	1.335	13.7	0.0397969	0.000318834
0	1.335	13.9	0.0371217	0.00030863
0	1.335	14.1	0.0335813	0.000293564
0	1.335	14.3	0.0289075	0.000273027
0	1.335	14.5	0.0263225	0.000261284
0	1.335	14.7	0.0216508	0.000238078
0	1.335	14.9	0.0180854	0.000218501
0	1.335	15.1	0.0170043	0.000211451
0	1.335	15.3	0.0130978	0.00018611
0	1.335	15.5	0.011694	0.000176814
0	1.335	15.7	0.0109123	0.000170154
0	1.335	15.9	0.0101593	0.000162941
0	1.345	0.1	0.915377	0.000451958
0	1.345	0.3	0.917277	0.00044952
0	1.345	0.5	0.914208	0.00045669
0	1.345	0.7	0.912232	0.000462543
0	1.345	0.9	0.916436	0.000448004
0	1.345	1.1	0.916491	0.000452538
0	1.345	1.3	0.914135	0.000457018
0	1.345	1.5	0.910685	0.000465247
0	1.345	1.7	0.914614	0.000457971
0	1.345	1.9	0.908112	0.000473093
0	1.345	2.1	0.910033	0.000466115
0	1.345	2.3	0.910009	0.000469273
0	1.345	2.5	0.909993	0.000465974
0	1.345	2.7	0.908236	0.000473628
0	1.345	2.9	0.905753	0.000475193
0	1.345	3.1	0.899023	0.000492673
0	1.345	3.3	0.891799	0.00050398
0	1.345	3.5	0.878195	0.000533959
0	1.345	3.7	0.862595	0.000561102
0	1.345	3.9	0.836834	0.000602344
0	1.345	4.1	0.800179	0.000654476
0	1.345	4.3	0.756292	0.000697292
0	1.345	4.5	0.711157	0.000741195
0	1.345	4.7	0.656966	0.000775607
0	1.345	4.9	0.612004	0.000798584
0	1.345	5.1	0.576707	0.000807964
0	1.345	5.3	0.539433	0.000816338
0	1.345	5.5	0.504615	0.000816282
0	1.345	5.7	0.466674	0.000813436
0	1.345	5.9	0.434421	0.000808761
0	1.345	6.1	0.400679	0.000800086
0	1.345	6.3	0.371192	0.000794213
0	1.345	6.5	0.345486	0.000773781
0	1.345	6.7	0.317157	0.000760117
0	1.345	6.9	0.297845	0.000745588
0	1.345	7.1	0.272093	0.000720374
0	1.345	7.3	0.254188	0.000716221
0	1.345	7.5	0.227937	0.000688798
0	1.345	7.7	0.221871	0.000681198
0	1.345	7.9	0.203146	0.000658251
0	1.345	8.1	0.196003	0.000645343
0	1.345	8.3	0.179073	0.000627269
0	1.345	8.5	0.169589	0.000609859
0	1.345	8.7	0.165138	0.000608454
0	1.345	8.9	0.152418	0.000587235
0	1.345	9.1	0.149337	0.000582486
0	1.345	9.3	0.139358	0.000564905
0	1.345	9.5	0.126902	0.000544801
0	1.345	9.7	0.126455	0.000543977
0	1.345	9.9	0.116893	0.000528592
0	1.345	10.1	0.112311	0.000516638
0	1.345	10.3	0.108207	0.000507874
0	1.345	10.5	0.105585	0.000503709
0	1.345	10.7	0.100002	0.000486711
0	1.345	10.9	0.0984909	0.000486385
0	1.345	11.1	0.0883163	0.000461607
0	1.345	11.3	0.0846694	0.0004507
0	1.345	11.5	0.0827568	0.000450049
0	1.345	11.7	0.0753211	0.00043256
0	1.345	11.9	0.0760194	0.00043425
0	1.345	12.1	0.0681713	0.000412672
0	1.345	12.3	0.0665311	0.000406241
0	1.345	12.5	0.065542	0.00040472
0	1.345	12.7	0.058166	0.000382259
0	1.345	12.9	0.0597147	0.000388296
0	1.345	13.1	0.0530363	0.000369138
0	1.345	13.3	0.049708	0.000352174
0	1.345	13.5	0.0481922	0.000349028
0	1.345	13.7	0.0461746	0.000344455
0	1.345	13.9	0.0395419	0.000317556
0	1.345	14.1	0.0357272	0.000304657
0	1.345	14.3	0.0317051	0.000287497
0	1.345	14.5	0.0289493	0.000273832
0	1.345	14.7	0.023544	0.000247348
0	1.345	14.9	0.0227964	0.00024296
0	1.345	15.1	0.0207411	0.000231524
0	1.345	15.3	0.017731	0.000215075
0	1.345	15.5	0.0145096	0.000194843
0	1.345	15.7	0.0150983	0.000199008
0	1.345	15.9	0.0105799	0.000166437
0	1.355	0.1	0.920513	0.00044028
0	1.355	0.3	0.914649	0.000459737
0	1.355	0.5	0.916229	0.000450315
0	1.355	0.7	0.916662	0.000452761
0	1.355	0.9	0.911785	0.000462283
0	1.355	1.1	0.91877	0.000445632
0	1.355	1.3	0.916343	0.000452971
0	1.355	1.5	0.916511	0.000451258
0	1.355	1.7	0.914417	0.000456147
0	1.355	1.9	0.915654	0.000453789
0	1.355	2.1	0.915601	0.00045598
0	1.355	2.3	0.913258	0.000460754
0	1.355	2.5	0.908489	0.000473299
0	1.355	2.7	0.911236	0.000464569
0	1.355	2.9	0.90794	0.000471231
0	1.355	3.1	0.901619	0.000485876
0	1.355	3.3	0.895961	0.000497601
0	1.355	3.5	0.881773	0.000526326
0	1.355	3.7	0.863817	0.000560608
0	1.355	3.9	0.838627	0.000598456
0	1.355	4.1	0.804693	0.000647697
0	1.355	4.3	0.762705	0.000691816
0	1.355	4.5	0.718957	0.000732873
0	1.355	4.7	0.66774	0.000770588
0	1.355	4.9	0.621559	0.000786223
0	1.355	5.1	0.583406	0.000802262
0	1.355	5.3	0.538713	0.000814763
0	1.355	5.5	0.506046	0.00081639
0	1.355	5.7	0.472736	0.000816656
0	1.355	5.9	0.442105	0.000809231
0	1.355	6.1	0.403444	0.000803362
0	1.355	6.3	0.377227	0.000790011
0	1.355	6.5	0.346277	0.000778907
0	1.355	6.7	0.323127	0.00076357
0	1.355	6.9	0.299723	0.000745224
0	1.355	7.1	0.274447	0.000731306
0	1.355	7.3	0.259258	0.000718052
0	1.355	7.5	0.236016	0.000690932
0	1.355	7.7	0.222527	0.000677616
0	1.355	7.9	0.205759	0.00066135
0	1.355	8.1	0.193369	0.000648745
0	1.355	8.3	0.17873	0.000626684
0	1.355	8.5	0.17096	0.000614168
0	1.355	8.7	0.165233	0.000608014
0	1.355	8.9	0.153872	0.000589932
0	1.355	9.1	0.146559	0.00057888
0	1.355	9.3	0.139408	0.000567101
0	1.355	9.5	0.131628	0.000553016
0	1.355	9.7	0.126303	0.000541548
0	1.355	9.9	0.123815	0.000536597
0	1.355	10.1	0.119515	0.000528725
0	1.355	10.3	0.107488	0.000505633
0	1.355	10.5	0.104801	0.00050015
0	1.355	10.7	0.100238	0.000489537
0	1.355	10.9	0.0948081	0.000479059
0	1.355	11.1	0.0908526	0.000471553
0	1.355	11.3	0.084295	0.000453412
0	1.355	11.5	0.0847564	0.000453968
0	1.355	11.7	0.0767602	0.000433338
0	1.355	11.9	0.0793899	0.000440994
0	1.355	12.1	0.0728953	0.000422729
0	1.355	12.3	0.070598	0.000416172
0	1.355	12.5	0.0686447	0.000412747
0	1.355	12.7	0.0642225	0.000400156
0	1.355	12.9	0.0620584	0.000392246
0	1.355	13.1	0.0562578	0.000375656
0	1.355	13.3	0.0522624	0.00036351
0	1.355	13.5	0.0491367	0.00035371
0	1.355	13.7	0.0478365	0.000349604
0	1.355	13.9	0.044324	0.00033628
0	1.355	14.1	0.0385602	0.000314533
0	1.355	14.3	0.0373444	0.000309194
0	1.355	14.5	0.0330104	0.000291402
0	1.355	14.7	0.0280313	0.00026967
0	1.355	14.9	0.0269903	0.00026552
0	1.355	15.1	0.0244846	0.000252662
0	1.355	15.3	0.0194172	0.000225167
0	1.355	15.5	0.0195971	0.000227561
0	1.355	15.7	0.018267	0.000218605
0	1.355	15.9	0.0149177	0.000198066
0	1.365	0.1	0.918354	0.000448077
0	1.365	0.3	0.917754	0.000447325
0	1.365	0.5	0.919764	0.000442406
0	1.365	0.7	0.92086	0.000440472
0	1.365	0.9	0.921418	0.000437948
0	1.365	1.1	0.920161	0.000440957
0	1.365	1.3	0.916747	0.000450516
0	1.365	1.5	0.918666	0.000444671
0	1.365	1.7	0.917369	0.00045
0	1.365	1.9	0.918008	0.000450713
0	1.365	2.1	0.917876	0.000446038
0	1.365	2.3	0.915686	0.000453589
0	1.365	2.5	0.912649	0.000460481
0	1.365	2.7	0.910194	0.000467549
0	1.365	2.9	0.908429	0.000470506
0	1.365	3.1	0.903567	0.000482712
0	1.365	3.3	0.897701	0.000495117
0	1.365	3.5	0.889139	0.000515641
0	1.365	3.7	0.871154	0.00054704
0	1.365	3.9	0.848044	0.00058348
0	1.365	4.1	0.80982	0.000638208
0	1.365	4.3	0.766034	0.000691842
0	1.365	4.5	0.721311	0.000732787
0	1.365	4.7	0.680227	0.000761222
0	1.365	4.9	0.62798	0.000789038
0	1.365	5.1	0.588367	0.000800786
0	1.365	5.3	0.546538	0.000815054
0	1.365	5.5	0.514618	0.000811979
0	1.365	5.7	0.475176	0.000817319
0	1.365	5.9	0.443904	0.000814018
0	1.365	6.1	0.413489	0.000802585
0	1.365	6.3	0.381359	0.000793649
0	1.365	6.5	0.351265	0.00077835
0	1.365	6.7	0.325148	0.000759852
0	1.365	6.9	0.30474	0.000750474
0	1.365	7.1	0.277057	0.000732293
0	1.365	7.3	0.256776	0.000713148
0	1.365	7.5	0.238206	0.000695587
0	1.365	7.7	0.217756	0.000669578
0	1.365	7.9	0.209751	0.000665139
0	1.365	8.1	0.194991	0.000645788
0	1.365	8.3	0.183311	0.00063549
0	1.365	8.5	0.175003	0.00062031
0	1.365	8.7	0.166097	0.000606199
0	1.365	8.9	0.157744	0.000596439
0	1.365	9.1	0.141888	0.000568566
0	1.365	9.3	0.143357	0.000571623
0	1.365	9.5	0.131763	0.000554254
0	1.365	9.7	0.127907	0.000544814
0	1.365	9.9	0.11909	0.000529337
0	1.365	10.1	0.117024	0.000525746
0	1.365	10.3	0.110875	0.000512996
0	1.365	10.5	0.105057	0.000503278
0	1.365	10.7	0.10317	0.000496242
0	1.365	10.9	0.100168	0.000490688
0	1.365	11.1	0.0919982	0.000473219
0	1.365	11.3	0.0879459	0.00046365
0	1.365	11.5	0.0829996	0.000448678
0	1.365	11.7	0.0785861	0.000439029
0	1.365	11.9	0.0763863	0.000432758
0	1.365	12.1	0.0756107	0.000432118
0	1.365	12.3	0.0727074	0.000425025
0	1.365	12.5	0.067735	0.000409829
0	1.365	12.7	0.0701544	0.000415422
0	1.365	12.9	0.0604675	0.000389865
0	1.365	13.1	0.0617335	0.000391991
0	1.365	13.3	0.0587879	0.000385292
0	1.365	13.5	0.0505143	0.000357451
0	1.365	13.7	0.0499122	0.000355988
0	1.365	13.9	0.0447309	0.00033746
0	1.365	14.1	0.044048	0.000335104
0	1.365	14.3	0.0403321	0.000322247
0	1.365	14.5	0.0369989	0.000308638
0	1.365	14.7	0.036676	0.000306517
0	1.365	14.9	0.0291132	0.000273091
0	1.365	15.1	0.0268155	0.000265079
0	1.365	15.3	0.0238732	0.000248651
0	1.365	15.5	0.0220532	0.000239772
0	1.365	15.7	0.0211583	0.000234436
0	1.365	15.9	0.0200428	0.000229701
0	1.375	0.1	0.922859	0.000434941
0	1.375	0.3	0.923634	0.000435273
0	1.375	0.5	0.920348	0.000443093
0	1.375	0.7	0.918732	0.000446174
0	1.375	0.9	0.916795	0.000450333
0	1.375	1.1	0.921814	0.000436779
0	1.375	1.3	0.916654	0.000450491
0	1.375	1.5	0.920831	0.000439504
0	1.375	1.7	0.915436	0.000453858
0	1.375	1.9	0.917212	0.00045022
0	1.375	2.1	0.918264	0.000447804
0	1.375	2.3	0.918605	0.000446316
0	1.375	2.5	0.918693	0.000446541
0	1.375	2.7	0.917609	0.000448315
0	1.375	2.9	0.912643	0.000460371
0	1.375	3.1	0.90524	0.000475871
0	1.375	3.3	0.898682	0.000489979
0	1.375	3.5	0.894916	0.00050115
0	1.375	3.7	0.875423	0.000540718
0	1.375	3.9	0.850225	0.000582162
0	1.375	4.1	0.814384	0.000634641
0	1.375	4.3	0.778394	0.000674569
0	1.375	4.5	0.728328	0.000726915
0	1.375	4.7	0.681362	0.00075813
0	1.375	4.9	0.632666	0.000787123
0	1.375	5.1	0.593516	0.000801906
0	1.375	5.3	0.554713	0.000811025
0	1.375	5.5	0.511988	0.000817452
0	1.375	5.7	0.483507	0.000810295
0	1.375	5.9	0.444481	0.000814981
0	1.375	6.1	0.407852	0.000806375
0	1.375	6.3	0.375158	0.000787145
0	1.375	6.5	0.350998	0.000781884
0	1.375	6.7	0.325642	0.000764323
0	1.375	6.9	0.298414	0.000746329
0	1.375	7.1	0.28214	0.000730804
0	1.375	7.3	0.256229	0.000713402
0	1.375	7.5	0.238944	0.000699355
0	1.375	7.7	0.219229	0.000678624
0	1.375	7.9	0.20423	0.000659911
0	1.375	8.1	0.194936	0.000647436
0	1.375	8.3	0.186294	0.000636181
0	1.375	8.5	0.172296	0.000619303
0	1.375	8.7	0.165518	0.00060789
0	1.375	8.9	0.156681	0.000589529
0	1.375	9.1	0.147111	0.000578618
0	1.375	9.3	0.141637	0.000569357
0	1.375	9.5	0.131701	0.000552915
0	1.375	9.7	0.128028	0.000546736
0	1.375	9.9	0.124898	0.000539919
0	1.375	10.1	0.117473	0.000526769
0	1.375	10.3	0.110999	0.000508692
0	1.375	10.5	0.10504	0.000500275
0	1.375	10.7	0.100976	0.000490438
0	1.375	10.9	0.0989346	0.000487028
0	1.375	11.1	0.0934409	0.000474796
0	1.375	11.3	0.0872008	0.000459405
0	1.375	11.5	0.0854302	0.000457667
0	1.375	11.7	0.0809646	0.000445433
0	1.375	11.9	0.0783394	0.000437132
0	1.375	12.1	0.0759526	0.000432747
0	1.375	12.3	0.0708611	0.00041847
0	1.375	12.5	0.070656	0.00041892
0	1.375	12.7	0.0679662	0.000410196
0	1.375	12.9	0.0660149	0.000406444
0	1.375	13.1	0.0610621	0.000391681
0	1.375	13.3	0.05716	0.000378955
0	1.375	13.5	0.054828	0.000373064
0	1.375	13.7	0.0499895	0.000355422
0	1.375	13.9	0.0489358	0.000351088
0	1.375	14.1	0.0454006	0.000338551
0	1.375	14.3	0.0423348	0.000328264
0	1.375	14.5	0.0392893	0.000316505
0	1.375	14.7	0.0368233	0.000308003
0	1.375	14.9	0.0329152	0.000290659
0	1.375	15.1	0.0281091	0.000270138
0	1.375	15.3	0.0272381	0.000266352
0	1.375	15.5	0.0277273	0.00026808
0	1.375	15.7	0.0253569	0.000256097
0	1.375	15.9	0.0245784	0.000251539
0	1.385	0.1	0.923174	0.00043544
0	1.385	0.3	0.918945	0.000446207
0	1.385	0.5	0.924888	0.000430616
0	1.385	0.7	0.923765	0.000432213
0	1.385	0.9	0.922096	0.000437895
0	1.385	1.1	0.920133	0.000442591
0	1.385	1.3	0.920136	0.000444521
0	1.385	1.5	0.92123	0.000441307
0	1.385	1.7	0.92225	0.000436863
0	1.385	1.9	0.922722	0.000437456
0	1.385	2.1	0.919502	0.000446274
0	1.385	2.3	0.919488	0.000441023
0	1.385	2.5	0.914086	0.00045867
0	1.385	2.7	0.91416	0.000458802
0	1.385	2.9	0.910918	0.000467825
0	1.385	3.1	0.907784	0.000473884
0	1.385	3.3	0.905466	0.000477233
0	1.385	3.5	0.8923	0.00050829
0	1.385	3.7	0.876861	0.000538294
0	1.385	3.9	0.853684	0.00057548
0	1.385	4.1	0.821411	0.0006225
0	1.385	4.3	0.780984	0.000679134
0	1.385	4.5	0.731407	0.000722858
0	1.385	4.7	0.684881	0.000757887
0	1.385	4.9	0.636924	0.000783357
0	1.385	5.1	0.592933	0.000800303
0	1.385	5.3	0.554316	0.000808486
0	1.385	5.5	0.525988	0.000814961
0	1.385	5.7	0.485633	0.000816398
0	1.385	5.9	0.452238	0.000817873
0	1.385	6.1	0.412186	0.000804591
0	1.385	6.3	0.381213	0.000792352
0	1.385	6.5	0.355129	0.000784158
0	1.385	6.7	0.328153	0.000765271
0	1.385	6.9	0.29664	0.000748424
0	1.385	7.1	0.275599	0.000731225
0	1.385	7.3	0.256557	0.000713159
0	1.385	7.5	0.243088	0.0007016
0	1.385	7.7	0.219597	0.000676954
0	1.385	7.9	0.20988	0.000664511
0	1.385	8.1	0.198237	0.000645274
0	1.385	8.3	0.186792	0.000635517
0	1.385	8.5	0.173598	0.000617879
0	1.385	8.7	0.164641	0.000605657
0	1.385	8.9	0.158654	0.000597856
0	1.385	9.1	0.148461	0.000578934
0	1.385	9.3	0.137482	0.00056465
0	1.385	9.5	0.136192	0.000557026
0	1.385	9.7	0.130227	0.000550061
0	1.385	9.9	0.120506	0.000536969
0	1.385	10.1	0.119555	0.000526911
0	1.385	10.3	0.109791	0.000510377
0	1.385	10.5	0.107945	0.000507002
0	1.385	10.7	0.105033	0.000498868
0	1.385	10.9	0.0948234	0.00047981
0	1.385	11.1	0.0880565	0.000462733
0	1.385	11.3	0.0890151	0.000467044
0	1.385	11.5	0.0810868	0.000445321
0	1.385	11.7	0.0836968	0.000453723
0	1.385	11.9	0.0775572	0.000438436
0	1.385	12.1	0.0748485	0.000430863
0	1.385	12.3	0.075172	0.000429197
0	1.385	12.5	0.0726439	0.000426313
0	1.385	12.7	0.0679926	0.000407799
0	1.385	12.9	0.06531	0.000402345
0	1.385	13.1	0.0633182	0.000399218
0	1.385	13.3	0.0578202	0.000381071
0	1.385	13.5	0.0570726	0.000378623
0	1.385	13.7	0.0521328	0.000361932
0	1.385	13.9	0.0500154	0.000356886
0	1.385	14.1	0.046798	0.000344684
0	1.385	14.3	0.0457869	0.000340226
0	1.385	14.5	0.0430603	0.000330247
0	1.385	14.7	0.0410992	0.000327364
0	1.385	14.9	0.0370713	0.000307822
0	1.385	15.1	0.0346853	0.000298624
0	1.385	15.3	0.0321881	0.000287243
0	1.385	15.5	0.0296672	0.00027728
0	1.385	15.7	0.0313422	0.000284392
0	1.385	15.9	0.0270547	0.000264298
0	1.395	0.1	0.92428	0.000431332
0	1.395	0.3	0.926133	0.000424409
0	1.395	0.5	0.921629	0.000436908
0	1.395	0.7	0.923287	0.00043411
0	1.395	0.9	0.922499	0.000437063
0	1.395	1.1	0.924598	0.000432644
0	1.395	1.3	0.92334	0.000434101
0	1.395	1.5	0.921236	0.000441281
0	1.395	1.7	0.923018	0.000435371
0	1.395	1.9	0.920709	0.000441156
0	1.395	2.1	0.919613	0.000441848
0	1.395	2.3	0.91891	0.000444573
0	1.395	2.5	0.920618	0.000441858
0	1.395	2.7	0.91772	0.000451602
0	1.395	2.9	0.914511	0.000457908
0	1.395	3.1	0.909387	0.000469557
0	1.395	3.3	0.906142	0.000476832
0	1.395	3.5	0.894379	0.000503207
0	1.395	3.7	0.881194	0.000526298
0	1.395	3.9	0.854965	0.000573731
0	1.395	4.1	0.826911	0.000618541
0	1.395	4.3	0.784774	0.000666903
0	1.395	4.5	0.741208	0.000716942
0	1.395	4.7	0.68617	0.000751176
0	1.395	4.9	0.645354	0.000779257
0	1.395	5.1	0.598223	0.000798959
0	1.395	5.3	0.563387	0.000811501
0	1.395	5.5	0.521529	0.000811348
0	1.395	5.7	0.483648	0.000819431
0	1.395	5.9	0.454926	0.000811552
0	1.395	6.1	0.420861	0.000801116
0	1.395	6.3	0.385449	0.000793345
0	1.395	6.5	0.355948	0.000783897
0	1.395	6.7	0.326755	0.000765349
0	1.395	6.9	0.299501	0.000748908
0	1.395	7.1	0.280701	0.000732451
0	1.395	7.3	0.258731	0.000717509
0	1.395	7.5	0.242475	0.000700501
0	1.395	7.7	0.221916	0.000677157
0	1.395	7.9	0.206289	0.00066718
0	1.395	8.1	0.201296	0.000656144
0	1.395	8.3	0.184829	0.000632362
0	1.395	8.5	0.178213	0.000627217
0	1.395	8.7	0.163658	0.000606375
0	1.395	8.9	0.157795	0.00059713
0	1.395	9.1	0.150245	0.000580716
0	1.395	9.3	0.14396	0.000576634
0	1.395	9.5	0.133815	0.000552101
0	1.395	9.7	0.127728	0.00054551
0	1.395	9.9	0.122474	0.000534722
0	1.395	10.1	0.119521	0.000530659
0	1.395	10.3	0.111894	0.000515247
0	1.395	10.5	0.107075	0.000506051
0	1.395	10.7	0.100634	0.000491245
0	1.395	10.9	0.096684	0.000483311
0	1.395	11.1	0.0904691	0.000466746
0	1.395	11.3	0.0889595	0.000462344
0	1.395	11.5	0.0854897	0.000457318
0	1.395	11.7	0.0791673	0.000441017
0	1.395	11.9	0.0809699	0.000446034
0	1.395	12.1	0.0734375	0.000423154
0	1.395	12.3	0.0703174	0.00041891
0	1.395	12.5	0.0711531	0.000418397
0	1.395	12.7	0.066904	0.000406484
0	1.395	12.9	0.0664879	0.000406327
0	1.395	13.1	0.0630009	0.000396251
0	1.395	13.3	0.0585355	0.000384868
0	1.395	13.5	0.0587245	0.000384548
0	1.395	13.7	0.0531237	0.000366887
0	1.395	13.9	0.0518256	0.000364245
0	1.395	14.1	0.0478326	0.000347333
0	1.395	14.3	0.0458632	0.000340621
0	1.395	14.5	0.0431037	0.00033282
0	1.395	14.7	0.0409047	0.000324775
0	1.395	14.9	0.0378301	0.000310245
0	1.395	15.1	0.0377189	0.000311216
0	1.395	15.3	0.0365531	0.000306365
0	1.395	15.5	0.0353952	0.000303357
0	1.395	15.7	0.0311126	0.000283332
0	1.395	15.9	0.0284451	0.000271928
0	1.405	0.1	0.924441	0.000433385
0	1.405	0.3	0.926034	0.000428638
0	1.405	0.5	0.923677	0.000433144
0	1.405	0.7	0.922293	0.000435635
0	1.405	0.9	0.9237	0.000433608
0	1.405	1.1	0.926176	0.000426634
0	1.405	1.3	0.923292	0.000435963
0	1.405	1.5	0.925876	0.000425255
0	1.405	1.7	0.922915	0.000435134
0	1.405	1.9	0.921707	0.000437736
0	1.405	2.1	0.921719	0.000439747
0	1.405	2.3	0.925513	0.000427899
0	1.405	2.5	0.922288	0.000439228
0	1.405	2.7	0.916132	0.00045194
0	1.405	2.9	0.915817	0.000452252
0	1.405	3.1	0.908817	0.000469928
0	1.405	3.3	0.907426	0.000472329
0	1.405	3.5	0.894523	0.000504706
0	1.405	3.7	0.882172	0.00052862
0	1.405	3.9	0.856724	0.000574002
0	1.405	4.1	0.829313	0.000615445
0	1.405	4.3	0.789604	0.000667235
0	1.405	4.5	0.73641	0.000722582
0	1.405	4.7	0.691609	0.000758962
0	1.405	4.9	0.645021	0.000780605
0	1.405	5.1	0.601176	0.000799857
0	1.405	5.3	0.556426	0.000809983
0	1.405	5.5	0.522424	0.000816937
0	1.405	5.7	0.483843	0.000816138
0	1.405	5.9	0.453711	0.00081218
0	1.405	6.1	0.418761	0.000803764
0	1.405	6.3	0.376458	0.000795377
0	1.405	6.5	0.352132	0.000783069
0	1.405	6.7	0.329055	0.000763967
0	1.405	6.9	0.295933	0.000742263
0	1.405	7.1	0.274538	0.000733451
0	1.405	7.3	0.252958	0.000706797
0	1.405	7.5	0.237308	0.000697105
0	1.405	7.7	0.21892	0.000675726
0	1.405	7.9	0.20386	0.000656243
0	1.405	8.1	0.194514	0.000647264
0	1.405	8.3	0.181406	0.000628849
0	1.405	8.5	0.17621	0.000621472
0	1.405	8.7	0.164017	0.000605377
0	1.405	8.9	0.151178	0.00058172
0	1.405	9.1	0.147086	0.000575248
0	1.405	9.3	0.141222	0.000570894
0	1.405	9.5	0.129895	0.000548409
0	1.405	9.7	0.127534	0.000542777
0	1.405	9.9	0.123611	0.000537603
0	1.405	10.1	0.116202	0.000525056
0	1.405	10.3	0.108123	0.000505993
0	1.405	10.5	0.105898	0.000502733
0	1.405	10.7	0.103506	0.000498186
0	1.405	10.9	0.0967992	0.000479583
0	1.405	11.1	0.091349	0.000470287
0	1.405	11.3	0.0858341	0.000457012
0	1.405	11.5	0.0850717	0.000456014
0	1.405	11.7	0.0813596	0.000444779
0	1.405	11.9	0.0783835	0.000440444
0	1.405	12.1	0.0760192	0.00043418
0	1.405	12.3	0.0697998	0.000416173
0	1.405	12.5	0.0704369	0.000417056
0	1.405	12.7	0.070624	0.000418453
0	1.405	12.9	0.0657486	0.000404526
0	1.405	13.1	0.0659064	0.000407682
0	1.405	13.3	0.0587085	0.000384158
0	1.405	13.5	0.0597757	0.000388009
0	1.405	13.7	0.0535391	0.000364909
0	1.405	13.9	0.0495013	0.000354178
0	1.405	14.1	0.0460805	0.000341762
0	1.405	14.3	0.0506332	0.000358062
0	1.405	14.5	0.0468592	0.000343709
0	1.405	14.7	0.0423524	0.000330469
0	1.405	14.9	0.0395256	0.000316241
0	1.405	15.1	0.0362888	0.000304793
0	1.405	15.3	0.038543	0.000314646
0	1.405	15.5	0.0358471	0.000303167
0	1.405	15.7	0.035106	0.000300946
0	1.405	15.9	0.0338316	0.000294922
0	1.415	0.1	0.927178	0.000424387
0	1.415	0.3	0.929082	0.000419142
0	1.415	0.5	0.925022	0.000429468
0	1.415	0.7	0.924541	0.000432811
0	1.415	0.9	0.923298	0.000436206
0	1.415	1.1	0.926105	0.000427859
0	1.415	1.3	0.925929	0.000428901
0	1.415	1.5	0.923572	0.000433565
0	1.415	1.7	0.924045	0.000432455
0	1.415	1.9	0.923787	0.000433159
0	1.415	2.1	0.928852	0.000420288
0	1.415	2.3	0.922574	0.000437803
0	1.415	2.5	0.922069	0.000438037
0	1.415	2.7	0.920257	0.000445203
0	1.415	2.9	0.917785	0.000448611
0	1.415	3.1	0.913552	0.000459515
0	1.415	3.3	0.910488	0.000466392
0	1.415	3.5	0.89714	0.000497578
0	1.415	3.7	0.87905	0.000532393
0	1.415	3.9	0.859092	0.000562316
0	1.415	4.1	0.831274	0.00060999
0	1.415	4.3	0.786788	0.000668666
0	1.415	4.5	0.738396	0.000719788
0	1.415	4.7	0.691215	0.000753927
0	1.415	4.9	0.646545	0.000782964
0	1.415	5.1	0.602015	0.0008017
0	1.415	5.3	0.561386	0.000809211
0	1.415	5.5	0.527753	0.000812446
0	1.415	5.7	0.485716	0.00081769
0	1.415	5.9	0.453138	0.000810686
0	1.415	6.1	0.418775	0.000805589
0	1.415	6.3	0.386056	0.000789658
0	1.415	6.5	0.357889	0.000781744
0	1.415	6.7	0.325757	0.000765997
0	1.415	6.9	0.297414	0.000744989
0	1.415	7.1	0.276848	0.000729261
0	1.415	7.3	0.258338	0.000712149
0	1.415	7.5	0.236698	0.000691337
0	1.415	7.7	0.220737	0.00067595
0	1.415	7.9	0.209412	0.000664416
0	1.415	8.1	0.189098	0.000639724
0	1.415	8.3	0.179019	0.000623362
0	1.415	8.5	0.172281	0.000620632
0	1.415	8.7	0.164554	0.000602476
0	1.415	8.9	0.157713	0.000597134
0	1.415	9.1	0.146488	0.000579133
0	1.415	9.3	0.137784	0.000563737
0	1.415	9.5	0.133331	0.000553818
0	1.415	9.7	0.125295	0.000540581
0	1.415	9.9	0.12235	0.00053627
0	1.415	10.1	0.111613	0.000515052
0	1.415	10.3	0.110775	0.000513596
0	1.415	10.5	0.101137	0.000493704
0	1.415	10.7	0.0979421	0.000482707
0	1.415	10.9	0.0944512	0.000480402
0	1.415	11.1	0.0935007	0.000478524
0	1.415	11.3	0.0859956	0.000458786
0	1.415	11.5	0.0839258	0.000454434
0	1.415	11.7	0.0829966	0.000450866
0	1.415	11.9	0.0772646	0.000437594
0	1.415	12.1	0.0733231	0.000424204
0	1.415	12.3	0.0736798	0.000423638
0	1.415	12.5	0.072125	0.000421877
0	1.415	12.7	0.069001	0.000411539
0	1.415	12.9	0.0635792	0.000398865
0	1.415	13.1	0.0654059	0.000405634
0	1.415	13.3	0.0578534	0.000380504
0	1.415	13.5	0.0572895	0.000378117
0	1.415	13.7	0.0546958	0.000372464
0	1.415	13.9	0.0505225	0.000358549
0	1.415	14.1	0.0469499	0.000344825
0	1.415	14.3	0.0496818	0.000354444
0	1.415	14.5	0.0493602	0.00035438
0	1.415	14.7	0.045826	0.00034044
0	1.415	14.9	0.0441569	0.000336126
0	1.415	15.1	0.041036	0.000322205
0	1.415	15.3	0.0386166	0.000314051
0	1.415	15.5	0.0401866	0.000321451
0	1.415	15.7	0.037409	0.000307536
0	1.415	15.9	0.0370575	0.000309712
0	1.425	0.1	0.931051	0.000414757
0	1.425	0.3	0.928992	0.000420651
0	1.425	0.5	0.925948	0.000429662
0	1.425	0.7	0.927386	0.000423496
0	1.425	0.9	0.928876	0.000418373
0	1.425	1.1	0.924545	0.000430482
0	1.425	1.3	0.926989	0.000425281
0	1.425	1.5	0.926594	0.000426712
0	1.425	1.7	0.92663	0.000426109
0	1.425	1.9	0.926938	0.000423989
0	1.425	2.1	0.927426	0.000423362
0	1.425	2.3	0.924272	0.000431103
0	1.425	2.5	0.924428	0.000432099
0	1.425	2.7	0.924022	0.000429729
0	1.425	2.9	0.920049	0.000442401
0	1.425	3.1	0.916824	0.000449493
0	1.425	3.3	0.909647	0.000470116
0	1.425	3.5	0.89544	0.000499685
0	1.425	3.7	0.880643	0.000526397
0	1.425	3.9	0.854551	0.000576726
0	1.425	4.1	0.827405	0.000613466
0	1.425	4.3	0.781127	0.000676399
0	1.425	4.5	0.738567	0.000719947
0	1.425	4.7	0.686959	0.000755685
0	1.425	4.9	0.644589	0.000783328
0	1.425	5.1	0.598419	0.000800831
0	1.425	5.3	0.562536	0.000810481
0	1.425	5.5	0.516094	0.00081808
0	1.425	5.7	0.484958	0.000816714
0	1.425	5.9	0.445709	0.000813802
0	1.425	6.1	0.415042	0.000807858
0	1.425	6.3	0.383135	0.000793085
0	1.425	6.5	0.35262	0.000779974
0	1.425	6.7	0.323782	0.00075818
0	1.425	6.9	0.303749	0.000751514
0	1.425	7.1	0.271464	0.000723996
0	1.425	7.3	0.25768	0.0007116
0	1.425	7.5	0.24008	0.000699141
0	1.425	7.7	0.223189	0.000681202
0	1.425	7.9	0.202062	0.000653631
0	1.425	8.1	0.19201	0.000647361
0	1.425	8.3	0.187558	0.00064626
0	1.425	8.5	0.170417	0.000612617
0	1.425	8.7	0.163885	0.000601999
0	1.425	8.9	0.153965	0.000588936
0	1.425	9.1	0.144286	0.000574331
0	1.425	9.3	0.134948	0.000556685
0	1.425	9.5	0.132669	0.000550684
0	1.425	9.7	0.125677	0.000537545
0	1.425	9.9	0.118145	0.000525903
0	1.425	10.1	0.111835	0.000512048
0	1.425	10.3	0.105701	0.000503215
0	1.425	10.5	0.103961	0.000498675
0	1.425	10.7	0.0983532	0.000485919
0	1.425	10.9	0.0938333	0.000476199
0	1.425	11.1	0.0904872	0.000466493
0	1.425	11.3	0.0831352	0.000450463
0	1.425	11.5	0.079229	0.000441488
0	1.425	11.7	0.0764515	0.000434785
0	1.425	11.9	0.0756267	0.000432442
0	1.425	12.1	0.0726565	0.000424528
0	1.425	12.3	0.0693606	0.000414222
0	1.425	12.5	0.066961	0.000410092
0	1.425	12.7	0.0672078	0.000407266
0	1.425	12.9	0.0658957	0.000405925
0	1.425	13.1	0.0597778	0.000389184
0	1.425	13.3	0.0582422	0.000380337
0	1.425	13.5	0.0565312	0.000376255
0	1.425	13.7	0.0529173	0.000367189
0	1.425	13.9	0.0510735	0.00036247
0	1.425	14.1	0.049686	0.000354076
0	1.425	14.3	0.0478982	0.000349475
0	1.425	14.5	0.0449636	0.00033963
0	1.425	14.7	0.04514	0.000338943
0	1.425	14.9	0.0442444	0.000337186
0	1.425	15.1	0.0411084	0.000323772
0	1.425	15.3	0.0398795	0.000318346
0	1.425	15.5	0.0390953	0.000317744
0	1.425	15.7	0.0383008	0.000314083
0	1.425	15.9	0.037254	0.000311108
0	1.435	0.1	0.925938	0.000428806
0	1.435	0.3	0.927844	0.000423418
0	1.435	0.5	0.929587	0.000415815
0	1.435	0.7	0.931214	0.000415537
0	1.435	0.9	0.930372	0.000412327
0	1.435	1.1	0.928385	0.000418976
0	1.435	1.3	0.930397	0.0004165
0	1.435	1.5	0.928983	0.00041918
0	1.435	1.7	0.924203	0.000430604
0	1.435	1.9	0.928758	0.000419023
0	1.435	2.1	0.923506	0.00043398
0	1.435	2.3	0.925301	0.00042804
0	1.435	2.5	0.922992	0.000435295
0	1.435	2.7	0.922512	0.000440396
0	1.435	2.9	0.920039	0.000446658
0	1.435	3.1	0.917561	0.00044905
0	1.435	3.3	0.90787	0.000470835
0	1.435	3.5	0.894307	0.0005049
0	1.435	3.7	0.875031	0.000541662
0	1.435	3.9	0.850958	0.000581371
0	1.435	4.1	0.8105	0.000640647
0	1.435	4.3	0.771456	0.000683137
0	1.435	4.5	0.723575	0.000730701
0	1.435	4.7	0.680895	0.000760103
0	1.435	4.9	0.631977	0.000788488
0	1.435	5.1	0.590373	0.000804281
0	1.435	5.3	0.549529	0.000815373
0	1.435	5.5	0.504471	0.000818436
0	1.435	5.7	0.476185	0.00081958
0	1.435	5.9	0.438669	0.000812467
0	1.435	6.1	0.409542	0.000800354
0	1.435	6.3	0.382277	0.000799544
0	1.435	6.5	0.350441	0.000774963
0	1.435	6.7	0.323735	0.000761733
0	1.435	6.9	0.297113	0.000744615
0	1.435	7.1	0.273618	0.000726228
0	1.435	7.3	0.248909	0.00070831
0	1.435	7.5	0.229328	0.000683073
0	1.435	7.7	0.218805	0.000674985
0	1.435	7.9	0.201462	0.000655061
0	1.435	8.1	0.188321	0.000635906
0	1.435	8.3	0.180925	0.000633963
0	1.435	8.5	0.168894	0.000612313
0	1.435	8.7	0.159328	0.000597867
0	1.435	8.9	0.153293	0.000588756
0	1.435	9.1	0.143477	0.000575809
0	1.435	9.3	0.1328	0.000557834
0	1.435	9.5	0.13	0.000550097
0	1.435	9.7	0.123733	0.000537808
0	1.435	9.9	0.120451	0.000529161
0	1.435	10.1	0.112008	0.000514978
0	1.435	10.3	0.10363	0.000496886
0	1.435	10.5	0.100251	0.000485478
0	1.435	10.7	0.0940064	0.00047583
0	1.435	10.9	0.0921394	0.00047119
0	1.435	11.1	0.0863936	0.000460508
0	1.435	11.3	0.0811557	0.000445208
0	1.435	11.5	0.0775385	0.000437419
0	1.435	11.7	0.0780193	0.000439078
0	1.435	11.9	0.0729144	0.000424881
0	1.435	12.1	0.0740894	0.000426692
0	1.435	12.3	0.0720265	0.000424751
0	1.435	12.5	0.0703934	0.000419506
0	1.435	12.7	0.0668224	0.000406852
0	1.435	12.9	0.0613023	0.000389594
0	1.435	13.1	0.059767	0.000388355
0	1.435	13.3	0.0570864	0.000378173
0	1.435	13.5	0.0532383	0.000367176
0	1.435	13.7	0.0536749	0.000368532
0	1.435	13.9	0.0501339	0.000353241
0	1.435	14.1	0.0507352	0.000359219
0	1.435	14.3	0.0452487	0.000339
0	1.435	14.5	0.045497	0.000340395
0	1.435	14.7	0.0449777	0.000336849
0	1.435	14.9	0.0434637	0.000332912
0	1.435	15.1	0.040414	0.000320813
0	1.435	15.3	0.0394961	0.000320902
0	1.435	15.5	0.0396748	0.000318965
0	1.435	15.7	0.0380153	0.000313027
0	1.435	15.9	0.0394736	0.000319354
0	1.445	0.1	0.929111	0.00041985
0	1.445	0.3	0.927732	0.000423111
0	1.445	0.5	0.931573	0.000412011
0	1.445	0.7	0.930268	0.000415607
0	1.445	0.9	0.932368	0.000408837
0	1.445	1.1	0.926402	0.000426527
0	1.445	1.3	0.929922	0.000417604
0	1.445	1.5	0.92842	0.000418351
0	1.445	1.7	0.93005	0.000414925
0	1.445	1.9	0.930228	0.000415324
0	1.445	2.1	0.928592	0.000418896
0	1.445	2.3	0.926927	0.00042718
0	1.445	2.5	0.926306	0.000425492
0	1.445	2.7	0.922851	0.000437653
0	1.445	2.9	0.917901	0.000447494
0	1.445	3.1	0.912523	0.000461781
0	1.445	3.3	0.905605	0.000477742
0	1.445	3.5	0.88648	0.000520375
0	1.445	3.7	0.864738	0.000560088
0	1.445	3.9	0.830454	0.000611403
0	1.445	4.1	0.791159	0.000665197
0	1.445	4.3	0.742799	0.000715692
0	1.445	4.5	0.702445	0.00074971
0	1.445	4.7	0.659604	0.000773526
0	1.445	4.9	0.612233	0.000797552
0	1.445	5.1	0.568502	0.000801443
0	1.445	5.3	0.53553	0.00081243
0	1.445	5.5	0.496617	0.000819153
0	1.445	5.7	0.464356	0.000815123
0	1.445	5.9	0.437413	0.000815438
0	1.445	6.1	0.40355	0.000802681
0	1.445	6.3	0.37368	0.000787524
0	1.445	6.5	0.345204	0.000777766
0	1.445	6.7	0.319724	0.000761184
0	1.445	6.9	0.295353	0.000741399
0	1.445	7.1	0.263423	0.000721944
0	1.445	7.3	0.249398	0.000702427
0	1.445	7.5	0.229543	0.000687176
0	1.445	7.7	0.212203	0.000669985
0	1.445	7.9	0.198956	0.000654189
0	1.445	8.1	0.187443	0.000637722
0	1.445	8.3	0.176242	0.000621666
0	1.445	8.5	0.165221	0.000604721
0	1.445	8.7	0.159759	0.000597251
0	1.445	8.9	0.148506	0.000579471
0	1.445	9.1	0.139642	0.000564824
0	1.445	9.3	0.13029	0.000549222
0	1.445	9.5	0.126971	0.000542342
0	1.445	9.7	0.118488	0.000527262
0	1.445	9.9	0.112841	0.000520288
0	1.445	10.1	0.109775	0.000508316
0	1.445	10.3	0.0975905	0.000482833
0	1.445	10.5	0.0990382	0.000488595
0	1.445	10.7	0.0952337	0.000479154
0	1.445	10.9	0.0871466	0.000459995
0	1.445	11.1	0.0845446	0.000451853
0	1.445	11.3	0.0789553	0.000438691
0	1.445	11.5	0.0769929	0.000434342
0	1.445	11.7	0.0750388	0.000430376
0	1.445	11.9	0.070069	0.000415823
0	1.445	12.1	0.0706874	0.000418167
0	1.445	12.3	0.0668761	0.000407913
0	1.445	12.5	0.0678659	0.000411012
0	1.445	12.7	0.0622076	0.000394462
0	1.445	12.9	0.0604122	0.000388978
0	1.445	13.1	0.055779	0.000377179
0	1.445	13.3	0.0556454	0.000373269
0	1.445	13.5	0.0541821	0.000368669
0	1.445	13.7	0.0498843	0.000354082
0	1.445	13.9	0.0510418	0.00035989
0	1.445	14.1	0.0489198	0.000353579
0	1.445	14.3	0.0471749	0.000346133
0	1.445	14.5	0.0463164	0.000344005
0	1.445	14.7	0.0459142	0.000340391
0	1.445	14.9	0.0431979	0.000332981
0	1.445	15.1	0.0418706	0.000326294
0	1.445	15.3	0.0422786	0.000327366
0	1.445	15.5	0.0405267	0.000322144
0	1.445	15.7	0.0429055	0.000330707
0	1.445	15.9	0.0397227	0.000318561
0	1.455	0.1	0.932726	0.000407964
0	1.455	0.3	0.932085	0.0004101
0	1.455	0.5	0.933154	0.00040703
0	1.455	0.7	0.934823	0.000402693
0	1.455	0.9	0.928671	0.000420066
0	1.455	1.1	0.932805	0.000409104
0	1.455	1.3	0.929192	0.000420529
0	1.455	1.5	0.930556	0.000417354
0	1.455	1.7	0.929965	0.000415896
0	1.455	1.9	0.927279	0.000424489
0	1.455	2.1	0.927562	0.000425565
0	1.455	2.3	0.926625	0.000425816
0	1.455	2.5	0.923925	0.000432153
0	1.455	2.7	0.924097	0.000433172
0	1.455	2.9	0.917554	0.000447834
0	1.455	3.1	0.903866	0.000479424
0	1.455	3.3	0.88825	0.000517411
0	1.455	3.5	0.863868	0.000558778
0	1.455	3.7	0.828837	0.000616532
0	1.455	3.9	0.793632	0.00066104
0	1.455	4.1	0.747857	0.000708923
0	1.455	4.3	0.709205	0.000742022
0	1.455	4.5	0.673273	0.000765681
0	1.455	4.7	0.626483	0.000788113
0	1.455	4.9	0.58761	0.000802473
0	1.455	5.1	0.545423	0.000816814
0	1.455	5.3	0.518569	0.000815976
0	1.455	5.5	0.487642	0.000811284
0	1.455	5.7	0.45568	0.00081532
0	1.455	5.9	0.434164	0.000807736
0	1.455	6.1	0.398384	0.00079419
0	1.455	6.3	0.368179	0.000781295
0	1.455	6.5	0.341675	0.000774452
0	1.455	6.7	0.317901	0.000759774
0	1.455	6.9	0.287979	0.000740588
0	1.455	7.1	0.264356	0.000721957
0	1.455	7.3	0.242524	0.000700766
0	1.455	7.5	0.224625	0.000683017
0	1.455	7.7	0.216093	0.000669446
0	1.455	7.9	0.199056	0.000650181
0	1.455	8.1	0.18412	0.000632082
0	1.455	8.3	0.171821	0.000613082
0	1.455	8.5	0.166128	0.000607397
0	1.455	8.7	0.153472	0.000592086
0	1.455	8.9	0.146257	0.000576039
0	1.455	9.1	0.136741	0.00056501
0	1.455	9.3	0.131089	0.000552528
0	1.455	9.5	0.126746	0.00054433
0	1.455	9.7	0.118163	0.000527031
0	1.455	9.9	0.114271	0.000520087
0	1.455	10.1	0.103953	0.000499077
0	1.455	10.3	0.100939	0.000488738
0	1.455	10.5	0.0971452	0.000482934
0	1.455	10.7	0.0926626	0.000475182
0	1.455	10.9	0.0843343	0.000456602
0	1.455	11.1	0.0808163	0.000444302
0	1.455	11.3	0.076452	0.000435942
0	1.455	11.5	0.0767487	0.000437241
0	1.455	11.7	0.07332	0.000425875
0	1.455	11.9	0.0700357	0.000417367
0	1.455	12.1	0.0684075	0.000410735
0	1.455	12.3	0.0658446	0.000404318
0	1.455	12.5	0.0607614	0.000390362
0	1.455	12.7	0.0598594	0.000387875
0	1.455	12.9	0.0587795	0.000382991
0	1.455	13.1	0.0567069	0.000378985
0	1.455	13.3	0.0537905	0.000370078
0	1.455	13.5	0.0534218	0.000367035
0	1.455	13.7	0.0505623	0.000358216
0	1.455	13.9	0.0492084	0.000352726
0	1.455	14.1	0.0464618	0.000342074
0	1.455	14.3	0.0469314	0.000342969
0	1.455	14.5	0.0464822	0.000341126
0	1.455	14.7	0.0432998	0.000331828
0	1.455	14.9	0.0432057	0.000332484
0	1.455	15.1	0.0455839	0.00034077
0	1.455	15.3	0.0413536	0.000325756
0	1.455	15.5	0.0403219	0.000321217
0	1.455	15.7	0.0420711	0.000327583
0	1.455	15.9	0.0400308	0.000320551
0	1.465	0.1	0.93486	0.000404533
0	1.465	0.3	0.932265	0.000410532
0	1.465	0.5	0.93416	0.000405094
0	1.465	0.7	0.932875	0.000408784
0	1.465	0.9	0.933689	0.000405962
0	1.465	1.1	0.931957	0.00041111
0	1.465	1.3	0.930372	0.000414287
0	1.465	1.5	0.930643	0.000414957
0	1.465	1.7	0.926664	0.000426296
0	1.465	1.9	0.924688	0.000430793
0	1.465	2.1	0.929218	0.00041985
0	1.465	2.3	0.927646	0.000422753
0	1.465	2.5	0.923193	0.000434043
0	1.465	2.7	0.919421	0.000442573
0	1.465	2.9	0.904069	0.000481214
0	1.465	3.1	0.883466	0.000520855
0	1.465	3.3	0.856416	0.00057222
0	1.465	3.5	0.819605	0.000630696
0	1.465	3.7	0.789565	0.000668073
0	1.465	3.9	0.751424	0.000705471
0	1.465	4.1	0.712368	0.00074107
0	1.465	4.3	0.677558	0.000765294
0	1.465	4.5	0.638754	0.000786449
0	1.465	4.7	0.594367	0.000798568
0	1.465	4.9	0.562022	0.000809082
0	1.465	5.1	0.526003	0.000813955
0	1.465	5.3	0.492917	0.000816808
0	1.465	5.5	0.469395	0.000815429
0	1.465	5.7	0.439248	0.000809718
0	1.465	5.9	0.416777	0.00079992
0	1.465	6.1	0.387247	0.000792397
0	1.465	6.3	0.363679	0.000783471
0	1.465	6.5	0.339787	0.000772286
0	1.465	6.7	0.304094	0.000752849
0	1.465	6.9	0.283161	0.000739033
0	1.465	7.1	0.258828	0.000716308
0	1.465	7.3	0.243974	0.00070358
0	1.465	7.5	0.224224	0.000681279
0	1.465	7.7	0.210973	0.00066863
0	1.465	7.9	0.19411	0.000647825
0	1.465	8.1	0.184117	0.000631813
0	1.465	8.3	0.172838	0.000618484
0	1.465	8.5	0.158659	0.000597951
0	1.465	8.7	0.150462	0.000582426
0	1.465	8.9	0.140709	0.000565953
0	1.465	9.1	0.131615	0.000548756
0	1.465	9.3	0.127368	0.00054558
0	1.465	9.5	0.119696	0.000531418
0	1.465	9.7	0.110814	0.000512122
0	1.465	9.9	0.108479	0.000508921
0	1.465	10.1	0.101421	0.000490008
0	1.465	10.3	0.0952334	0.000477672
0	1.465	10.5	0.0910351	0.000468766
0	1.465	10.7	0.0835192	0.000453
0	1.465	10.9	0.0809895	0.000442283
0	1.465	11.1	0.0750716	0.000428579
0	1.465	11.3	0.0777181	0.000439391
0	1.465	11.5	0.0719972	0.000424037
0	1.465	11.7	0.0691409	0.000413268
0	1.465	11.9	0.0653222	0.000404783
0	1.465	12.1	0.0676875	0.000408806
0	1.465	12.3	0.0618682	0.000393555
0	1.465	12.5	0.0594433	0.000385919
0	1.465	12.7	0.0584465	0.000384637
0	1.465	12.9	0.0573943	0.00038031
0	1.465	13.1	0.0531648	0.00036745
0	1.465	13.3	0.0524469	0.00036371
0	1.465	13.5	0.0517364	0.000362411
0	1.465	13.7	0.0493519	0.000354025
0	1.465	13.9	0.0434885	0.000332569
0	1.465	14.1	0.0456432	0.000341503
0	1.465	14.3	0.0452422	0.000340184
0	1.465	14.5	0.0426544	0.000328947
0	1.465	14.7	0.0403988	0.000323123
0	1.465	14.9	0.0412695	0.000323479
0	1.465	15.1	0.0436836	0.000335765
0	1.465	15.3	0.0412387	0.000324586
0	1.465	15.5	0.0425759	0.000330539
0	1.465	15.7	0.0404823	0.000322287
0	1.465	15.9	0.0415324	0.000325609
0	1.475	0.1	0.935147	0.000404611
0	1.475	0.3	0.934932	0.000402536
0	1.475	0.5	0.933889	0.000408507
0	1.475	0.7	0.937006	0.000396045
0	1.475	0.9	0.934576	0.000403637
0	1.475	1.1	0.934177	0.000405536
0	1.475	1.3	0.930769	0.000414565
0	1.475	1.5	0.932206	0.000411554
0	1.475	1.7	0.931048	0.000413764
0	1.475	1.9	0.927266	0.00042242
0	1.475	2.1	0.93089	0.000414135
0	1.475	2.3	0.923471	0.000433367
0	1.475	2.5	0.915012	0.000454355
0	1.475	2.7	0.898563	0.000494036
0	1.475	2.9	0.875225	0.000539529
0	1.475	3.1	0.841232	0.000598539
0	1.475	3.3	0.809537	0.000640969
0	1.475	3.5	0.773289	0.000687309
0	1.475	3.7	0.736423	0.000721467
0	1.475	3.9	0.707699	0.000744599
0	1.475	4.1	0.675641	0.000762435
0	1.475	4.3	0.642801	0.000786814
0	1.475	4.5	0.611315	0.000795035
0	1.475	4.7	0.566486	0.000808537
0	1.475	4.9	0.527209	0.000812179
0	1.475	5.1	0.502745	0.000818487
0	1.475	5.3	0.475681	0.000817064
0	1.475	5.5	0.452435	0.000812851
0	1.475	5.7	0.429455	0.000808228
0	1.475	5.9	0.40105	0.000799042
0	1.475	6.1	0.369779	0.000784103
0	1.475	6.3	0.351232	0.000777983
0	1.475	6.5	0.327052	0.000764619
0	1.475	6.7	0.300579	0.000750466
0	1.475	6.9	0.27794	0.000732791
0	1.475	7.1	0.255804	0.000715126
0	1.475	7.3	0.233142	0.000689434
0	1.475	7.5	0.217256	0.000673786
0	1.475	7.7	0.205501	0.000657459
0	1.475	7.9	0.191674	0.000638026
0	1.475	8.1	0.175833	0.000621751
0	1.475	8.3	0.169631	0.000613424
0	1.475	8.5	0.153536	0.000588047
0	1.475	8.7	0.143018	0.00057324
0	1.475	8.9	0.142261	0.000566404
0	1.475	9.1	0.128915	0.000550332
0	1.475	9.3	0.120738	0.000532111
0	1.475	9.5	0.11768	0.000526347
0	1.475	9.7	0.11237	0.000516524
0	1.475	9.9	0.105022	0.00049707
0	1.475	10.1	0.0979757	0.000484379
0	1.475	10.3	0.0896751	0.000464855
0	1.475	10.5	0.0857203	0.000456208
0	1.475	10.7	0.0831967	0.000449458
0	1.475	10.9	0.078166	0.000439914
0	1.475	11.1	0.074014	0.00042764
0	1.475	11.3	0.0684118	0.0004154
0	1.475	11.5	0.0673915	0.000409704
0	1.475	11.7	0.0680812	0.000410671
0	1.475	11.9	0.0651245	0.000403808
0	1.475	12.1	0.0618339	0.000391977
0	1.475	12.3	0.0585168	0.000382144
0	1.475	12.5	0.056668	0.000376882
0	1.475	12.7	0.0547658	0.000372964
0	1.475	12.9	0.0517751	0.000361368
0	1.475	13.1	0.0485313	0.000350122
0	1.475	13.3	0.051343	0.000360739
0	1.475	13.5	0.0491103	0.000351046
0	1.475	13.7	0.0477686	0.000348495
0	1.475	13.9	0.0437995	0.000332272
0	1.475	14.1	0.0432655	0.000332143
0	1.475	14.3	0.0423396	0.000329191
0	1.475	14.5	0.0445671	0.000337401
0	1.475	14.7	0.0426925	0.000330076
0	1.475	14.9	0.0421908	0.000328319
0	1.475	15.1	0.0404017	0.00032096
0	1.475	15.3	0.0410296	0.000325116
0	1.475	15.5	0.0405037	0.000320459
0	1.475	15.7	0.0390072	0.00031676
0	1.475	15.9	0.037679	0.000310871
0	1.485	0.1	0.936854	0.000395998
0	1.485	0.3	0.932884	0.000408018
0	1.485	0.5	0.93623	0.000402599
0	1.485	0.7	0.936989	0.000397087
0	1.485	0.9	0.935244	0.000400689
0	1.485	1.1	0.93526	0.000399615
0	1.485	1.3	0.931274	0.000412074
0	1.485	1.5	0.932907	0.000406746
0	1.485	1.7	0.930014	0.000414947
0	1.485	1.9	0.92813	0.000420102
0	1.485	2.1	0.92461	0.000433806
0	1.485	2.3	0.910732	0.000465669
0	1.485	2.5	0.891559	0.000507502
0	1.485	2.7	0.862097	0.000564149
0	1.485	2.9	0.826204	0.000617682
0	1.485	3.1	0.794341	0.000657813
0	1.485	3.3	0.76097	0.000693546
0	1.485	3.5	0.728292	0.000730906
0	1.485	3.7	0.699755	0.000752386
0	1.485	3.9	0.669595	0.000772681
0	1.485	4.1	0.649636	0.000775941
0	1.485	4.3	0.615343	0.000793499
0	1.485	4.5	0.578228	0.000804659
0	1.485	4.7	0.540258	0.000814733
0	1.485	4.9	0.511749	0.000821163
0	1.485	5.1	0.479159	0.000819802
0	1.485	5.3	0.44639	0.000814618
0	1.485	5.5	0.429106	0.00080665
0	1.485	5.7	0.406237	0.00080691
0	1.485	5.9	0.376895	0.000792719
0	1.485	6.1	0.35848	0.000784133
0	1.485	6.3	0.342592	0.000770935
0	1.485	6.5	0.315854	0.000759693
0	1.485	6.7	0.289722	0.000739884
0	1.485	6.9	0.271374	0.000727003
0	1.485	7.1	0.24533	0.000706921
0	1.485	7.3	0.22477	0.000682751
0	1.485	7.5	0.211281	0.000667122
0	1.485	7.7	0.20097	0.000650203
0	1.485	7.9	0.183877	0.000634311
0	1.485	8.1	0.173106	0.000617571
0	1.485	8.3	0.158682	0.000598832
0	1.485	8.5	0.154087	0.000594908
0	1.485	8.7	0.14282	0.000566799
0	1.485	8.9	0.131362	0.000551049
0	1.485	9.1	0.124872	0.000538069
0	1.485	9.3	0.114938	0.00051983
0	1.485	9.5	0.110833	0.000513135
0	1.485	9.7	0.106339	0.000501454
0	1.485	9.9	0.0998842	0.000491576
0	1.485	10.1	0.0914663	0.000471204
0	1.485	10.3	0.0877932	0.000464849
0	1.485	10.5	0.0791156	0.000439735
0	1.485	10.7	0.0748484	0.000430994
0	1.485	10.9	0.0747136	0.000430968
0	1.485	11.1	0.0691339	0.000413402
0	1.485	11.3	0.0649704	0.000402291
0	1.485	11.5	0.0620296	0.0003937
0	1.485	11.7	0.06051	0.000389107
0	1.485	11.9	0.0592474	0.000387935
0	1.485	12.1	0.0557601	0.000375982
0	1.485	12.3	0.0529958	0.000366029
0	1.485	12.5	0.0532279	0.000368134
0	1.485	12.7	0.0508776	0.000359536
0	1.485	12.9	0.046483	0.000343567
0	1.485	13.1	0.0483112	0.000349974
0	1.485	13.3	0.044611	0.000338376
0	1.485	13.5	0.0453488	0.000339822
0	1.485	13.7	0.0420753	0.000327253
0	1.485	13.9	0.0403961	0.000320453
0	1.485	14.1	0.0427605	0.000329512
0	1.485	14.3	0.0429308	0.000332012
0	1.485	14.5	0.0386227	0.000314359
0	1.485	14.7	0.0413871	0.000324891
0	1.485	14.9	0.0412793	0.00032371
0	1.485	15.1	0.0411989	0.000326492
0	1.485	15.3	0.0408488	0.000322031
0	1.485	15.5	0.0406299	0.000321826
0	1.485	15.7	0.0378723	0.0003115
0	1.485	15.9	0.03454	0.000297784
0	1.495	0.1	0.938019	0.000395326
0	1.495	0.3	0.940081	0.000387514
0	1.495	0.5	0.935245	0.000401488
0	1.495	0.7	0.934759	0.000401237
0	1.495	0.9	0.934847	0.000403211
0	1.495	1.1	0.934244	0.000407087
0	1.495	1.3	0.934019	0.000407062
0	1.495	1.5	0.929596	0.000415834
0	1.495	1.7	0.927213	0.00042728
0	1.495	1.9	0.916872	0.000450975
0	1.495	2.1	0.902223	0.000482314
0	1.495	2.3	0.876135	0.00053816
0	1.495	2.5	0.842495	0.000599108
0	1.495	2.7	0.810657	0.000640062
0	1.495	2.9	0.775614	0.000680403
0	1.495	3.1	0.741058	0.000717408
0	1.495	3.3	0.712381	0.00073734
0	1.495	3.5	0.688078	0.000756223
0	1.495	3.7	0.665111	0.000766537
0	1.495	3.9	0.647126	0.00078237
0	1.495	4.1	0.620855	0.000787227
0	1.495	4.3	0.583412	0.000806265
0	1.495	4.5	0.557811	0.000811079
0	1.495	4.7	0.523597	0.000814838
0	1.495	4.9	0.481264	0.000815636
0	1.495	5.1	0.457996	0.000815668
0	1.495	5.3	0.426053	0.000806406
0	1.495	5.5	0.403584	0.000800079
0	1.495	5.7	0.380837	0.000791891
0	1.495	5.9	0.360306	0.000784246
0	1.495	6.1	0.33988	0.000769864
0	1.495	6.3	0.326788	0.000763392
0	1.495	6.5	0.300063	0.000745332
0	1.495	6.7	0.285123	0.000743124
0	1.495	6.9	0.259635	0.00071287
0	1.495	7.1	0.238427	0.000696699
0	1.495	7.3	0.221039	0.000673444
0	1.495	7.5	0.204728	0.000657825
0	1.495	7.7	0.192116	0.000641729
0	1.495	7.9	0.175549	0.000620904
0	1.495	8.1	0.169025	0.00060854
0	1.495	8.3	0.160266	0.00059567
0	1.495	8.5	0.145134	0.00057323
0	1.495	8.7	0.131979	0.000552657
0	1.495	8.9	0.123963	0.000539483
0	1.495	9.1	0.117929	0.000523079
0	1.495	9.3	0.115293	0.00052064
0	1.495	9.5	0.102901	0.00049361
0	1.495	9.7	0.0988746	0.000487971
0	1.495	9.9	0.0954129	0.000478698
0	1.495	10.1	0.0864675	0.000458289
0	1.495	10.3	0.0818884	0.000449254
0	1.495	10.5	0.0749482	0.000430122
0	1.495	10.7	0.07073	0.000419954
0	1.495	10.9	0.0664118	0.000406988
0	1.495	11.1	0.0651752	0.000403184
0	1.495	11.3	0.0581519	0.000381131
0	1.495	11.5	0.0552547	0.000372513
0	1.495	11.7	0.056578	0.000377463
0	1.495	11.9	0.0544961	0.000371545
0	1.495	12.1	0.05166	0.000364426
0	1.495	12.3	0.0520892	0.000363127
0	1.495	12.5	0.0485083	0.000349951
0	1.495	12.7	0.0475184	0.000346851
0	1.495	12.9	0.043139	0.000332136
0	1.495	13.1	0.0442138	0.000337112
0	1.495	13.3	0.0409046	0.000324273
0	1.495	13.5	0.0389072	0.000316279
0	1.495	13.7	0.0382353	0.000311258
0	1.495	13.9	0.0413237	0.000324133
0	1.495	14.1	0.0381152	0.000312035
0	1.495	14.3	0.0401396	0.000321598
0	1.495	14.5	0.0378961	0.00031201
0	1.495	14.7	0.0381511	0.000312454
0	1.495	14.9	0.0381902	0.000313392
0	1.495	15.1	0.0380802	0.00031104
0	1.495	15.3	0.0374204	0.000309943
0	1.495	15.5	0.038474	0.000316039
0	1.495	15.7	0.0350544	0.000300169
0	1.495	15.9	0.0346567	0.00029898
0	1.505	0.1	0.937379	0.000398107
0	1.505	0.3	0.940186	0.00038689
0	1.505	0.5	0.939383	0.000389259
0	1.505	0.7	0.936671	0.000396356
0	1.505	0.9	0.937701	0.000393749
0	1.505	1.1	0.934014	0.000406914
0	1.505	1.3	0.934676	0.000404404
0	1.505	1.5	0.929075	0.000418981
0	1.505	1.7	0.912996	0.000461184
0	1.505	1.9	0.89285	0.000510545
0	1.505	2.1	0.859554	0.000568893
0	1.505	2.3	0.823679	0.000620757
0	1.505	2.5	0.787241	0.000667571
0	1.505	2.7	0.750926	0.000704382
0	1.505	2.9	0.726028	0.000730276
0	1.505	3.1	0.697994	0.00075179
0	1.505	3.3	0.677121	0.00076105
0	1.505	3.5	0.651043	0.000779104
0	1.505	3.7	0.636502	0.000788951
0	1.505	3.9	0.610797	0.000794958
0	1.505	4.1	0.590094	0.000801723
0	1.505	4.3	0.562878	0.00080991
0	1.505	4.5	0.535024	0.000813047
0	1.505	4.7	0.500341	0.000814991
0	1.505	4.9	0.474101	0.000815928
0	1.505	5.1	0.435394	0.000807749
0	1.505	5.3	0.411388	0.000804484
0	1.505	5.5	0.384209	0.000792357
0	1.505	5.7	0.362237	0.000784806
0	1.505	5.9	0.341312	0.00077662
0	1.505	6.1	0.319616	0.00076237
0	1.505	6.3	0.299112	0.000744215
0	1.505	6.5	0.279176	0.000732666
0	1.505	6.7	0.265136	0.000724561
0	1.505	6.9	0.245452	0.000701462
0	1.505	7.1	0.222087	0.000679636
0	1.505	7.3	0.203871	0.000656738
0	1.505	7.5	0.19959	0.000653827
0	1.505	7.7	0.185897	0.000636577
0	1.505	7.9	0.170792	0.000612981
0	1.505	8.1	0.158852	0.00059366
0	1.505	8.3	0.146838	0.000577409
0	1.505	8.5	0.140896	0.000566868
0	1.505	8.7	0.128784	0.000547646
0	1.505	8.9	0.123019	0.000540335
0	1.505	9.1	0.117745	0.000526576
0	1.505	9.3	0.107208	0.000503151
0	1.505	9.5	0.101878	0.000495403
0	1.505	9.7	0.093003	0.000473664
0	1.505	9.9	0.0859449	0.000456923
0	1.505	10.1	0.0815817	0.000450386
0	1.505	10.3	0.0766022	0.000434596
0	1.505	10.5	0.0682925	0.000410293
0	1.505	10.7	0.0665018	0.000406483
0	1.505	10.9	0.0613361	0.00039212
0	1.505	11.1	0.0570734	0.000379372
0	1.505	11.3	0.0528764	0.000364219
0	1.505	11.5	0.0512525	0.000360223
0	1.505	11.7	0.0516529	0.000360807
0	1.505	11.9	0.0510193	0.00036033
0	1.505	12.1	0.0474571	0.000349418
0	1.505	12.3	0.0435096	0.000332178
0	1.505	12.5	0.0423988	0.00033076
0	1.505	12.7	0.0412211	0.000325061
0	1.505	12.9	0.0394002	0.000316814
0	1.505	13.1	0.0383931	0.000313871
0	1.505	13.3	0.0393142	0.000316637
0	1.505	13.5	0.0372555	0.000309654
0	1.505	13.7	0.0385516	0.000314171
0	1.505	13.9	0.0360152	0.000304269
0	1.505	14.1	0.0362599	0.000305574
0	1.505	14.3	0.0365796	0.00030626
0	1.505	14.5	0.0356828	0.000301602
0	1.505	14.7	0.0326763	0.000289133
0	1.505	14.9	0.0357815	0.000304732
0	1.505	15.1	0.0349542	0.000301174
0	1.505	15.3	0.0371472	0.000307845
0	1.505	15.5	0.0335568	0.000294076
0	1.505	15.7	0.0334989	0.00029353
0	1.505	15.9	0.0308577	0.000282149
0	1.515	0.1	0.937864	0.000393659
0	1.515	0.3	0.940655	0.000387133
0	1.515	0.5	0.937764	0.000395211
0	1.515	0.7	0.936396	0.000398624
0	1.515	0.9	0.938322	0.000393478
0	1.515	1.1	0.93675	0.000400255
0	1.515	1.3	0.924569	0.000431294
0	1.515	1.5	0.907403	0.000474169
0	1.515	1.7	0.876559	0.00053619
0	1.515	1.9	0.839324	0.000597081
0	1.515	2.1	0.801963	0.000648214
0	1.515	2.3	0.765841	0.000693154
0	1.515	2.5	0.735256	0.000722742
0	1.515	2.7	0.707861	0.00074133
0	1.515	2.9	0.688252	0.000754334
0	1.515	3.1	0.661478	0.000771529
0	1.515	3.3	0.644197	0.000785604
0	1.515	3.5	0.623663	0.000789714
0	1.515	3.7	0.604821	0.000797909
0	1.515	3.9	0.589501	0.000806201
0	1.515	4.1	0.558282	0.0008145
0	1.515	4.3	0.540035	0.000814844
0	1.515	4.5	0.509472	0.000817375
0	1.515	4.7	0.479497	0.000816763
0	1.515	4.9	0.446656	0.000812759
0	1.515	5.1	0.417794	0.000800379
0	1.515	5.3	0.389412	0.00079505
0	1.515	5.5	0.363867	0.000787352
0	1.515	5.7	0.343046	0.000774871
0	1.515	5.9	0.3133	0.0007563
0	1.515	6.1	0.298031	0.000748406
0	1.515	6.3	0.274404	0.000729464
0	1.515	6.5	0.264174	0.000720997
0	1.515	6.7	0.236246	0.000692231
0	1.515	6.9	0.218733	0.000678262
0	1.515	7.1	0.20795	0.00065861
0	1.515	7.3	0.192297	0.000644883
0	1.515	7.5	0.186367	0.000637878
0	1.515	7.7	0.171074	0.000613076
0	1.515	7.9	0.158941	0.000593246
0	1.515	8.1	0.146535	0.00057766
0	1.515	8.3	0.139244	0.000567613
0	1.515	8.5	0.128628	0.000548138
0	1.515	8.7	0.123011	0.000536045
0	1.515	8.9	0.112751	0.000517718
0	1.515	9.1	0.106881	0.000502625
0	1.515	9.3	0.100263	0.00049259
0	1.515	9.5	0.0937192	0.000476899
0	1.515	9.7	0.0860589	0.000458366
0	1.515	9.9	0.0770801	0.000435181
0	1.515	10.1	0.0736807	0.000425753
0	1.515	10.3	0.0707006	0.000419182
0	1.515	10.5	0.0619151	0.000392399
0	1.515	10.7	0.058139	0.000380633
0	1.515	10.9	0.0552292	0.000374387
0	1.515	11.1	0.0521239	0.000363343
0	1.515	11.3	0.0471961	0.000344557
0	1.515	11.5	0.0442911	0.000334488
0	1.515	11.7	0.0436709	0.000334988
0	1.515	11.9	0.0416825	0.000327097
0	1.515	12.1	0.0402345	0.000320229
0	1.515	12.3	0.0393122	0.000315961
0	1.515	12.5	0.0394385	0.000316466
0	1.515	12.7	0.0376928	0.000310074
0	1.515	12.9	0.0357753	0.000301923
0	1.515	13.1	0.0369874	0.00030811
0	1.515	13.3	0.0353649	0.000301737
0	1.515	13.5	0.0336334	0.000293225
0	1.515	13.7	0.0307705	0.000281777
0	1.515	13.9	0.031031	0.000284593
0	1.515	14.1	0.0317455	0.000286102
0	1.515	14.3	0.0317158	0.000285599
0	1.515	14.5	0.0343317	0.000297965
0	1.515	14.7	0.031774	0.000286535
0	1.515	14.9	0.0337821	0.000296653
0	1.515	15.1	0.0304435	0.000280215
0	1.515	15.3	0.0341153	0.00029582
0	1.515	15.5	0.0297877	0.000278602
0	1.515	15.7	0.0292789	0.000275171
0	1.515	15.9	0.0278683	0.000270951
0	1.525	0.1	0.94315	0.000377285
0	1.525	0.3	0.939584	0.000391128
0	1.525	0.5	0.943487	0.000375475
0	1.525	0.7	0.936936	0.000394929
0	1.525	0.9	0.932027	0.000409178
0	1.525	1.1	0.921686	0.000439399
0	1.525	1.3	0.897254	0.000496702
0	1.525	1.5	0.867039	0.000554725
0	1.525	1.7	0.821864	0.000625236
0	1.525	1.9	0.779891	0.000674907
0	1.525	2.1	0.745766	0.000710083
0	1.525	2.3	0.712078	0.000737045
0	1.525	2.5	0.68687	0.000760011
0	1.525	2.7	0.668679	0.000766547
0	1.525	2.9	0.647023	0.0007802
0	1.525	3.1	0.62849	0.000788183
0	1.525	3.3	0.608158	0.000798641
0	1.525	3.5	0.59226	0.000801367
0	1.525	3.7	0.581352	0.000807264
0	1.525	3.9	0.562752	0.000811785
0	1.525	4.1	0.543302	0.000811875
0	1.525	4.3	0.516969	0.000812919
0	1.525	4.5	0.49164	0.000821662
0	1.525	4.7	0.460936	0.00081806
0	1.525	4.9	0.433293	0.000808901
0	1.525	5.1	0.400657	0.000800365
0	1.525	5.3	0.366654	0.000787221
0	1.525	5.5	0.345497	0.000774969
0	1.525	5.7	0.321287	0.00076171
0	1.525	5.9	0.304802	0.000752423
0	1.525	6.1	0.284331	0.000740634
0	1.525	6.3	0.264874	0.000716952
0	1.525	6.5	0.245301	0.000703258
0	1.525	6.7	0.221788	0.000676924
0	1.525	6.9	0.20464	0.000659806
0	1.525	7.1	0.183488	0.000632449
0	1.525	7.3	0.170134	0.000613363
0	1.525	7.5	0.166451	0.000607565
0	1.525	7.7	0.153862	0.000586916
0	1.525	7.9	0.143423	0.000572473
0	1.525	8.1	0.13596	0.00055958
0	1.525	8.3	0.123984	0.000539714
0	1.525	8.5	0.11685	0.0005232
0	1.525	8.7	0.108868	0.000508937
0	1.525	8.9	0.100745	0.000493295
0	1.525	9.1	0.102273	0.000495847
0	1.525	9.3	0.090498	0.000466703
0	1.525	9.5	0.0862622	0.000459391
0	1.525	9.7	0.079105	0.000441953
0	1.525	9.9	0.0733744	0.000425235
0	1.525	10.1	0.0671364	0.000409632
0	1.525	10.3	0.0623514	0.000394103
0	1.525	10.5	0.0542534	0.000370101
0	1.525	10.7	0.050374	0.000355334
0	1.525	10.9	0.0471798	0.000346217
0	1.525	11.1	0.0434295	0.000332728
0	1.525	11.3	0.0422568	0.000329666
0	1.525	11.5	0.0403474	0.000320897
0	1.525	11.7	0.0379008	0.0003109
0	1.525	11.9	0.039758	0.000318849
0	1.525	12.1	0.0350225	0.000299628
0	1.525	12.3	0.0343449	0.000296623
0	1.525	12.5	0.0314781	0.000284495
0	1.525	12.7	0.029808	0.000277355
0	1.525	12.9	0.0291394	0.000274154
0	1.525	13.1	0.0290004	0.000274536
0	1.525	13.3	0.0289824	0.000274292
0	1.525	13.5	0.0300617	0.000278686
0	1.525	13.7	0.0289499	0.000274865
0	1.525	13.9	0.02665	0.000260769
0	1.525	14.1	0.0289924	0.000274537
0	1.525	14.3	0.0298183	0.000278533
0	1.525	14.5	0.0278458	0.000269976
0	1.525	14.7	0.0288189	0.000274137
0	1.525	14.9	0.0281402	0.000270228
0	1.525	15.1	0.0289539	0.000272472
0	1.525	15.3	0.0304516	0.000280399
0	1.525	15.5	0.0276194	0.000267838
0	1.525	15.7	0.0262286	0.000260747
0	1.525	15.9	0.0237446	0.00024788
0	1.535	0.1	0.940076	0.000388873
0	1.535	0.3	0.936733	0.00039803
0	1.535	0.5	0.937653	0.000393179
0	1.535	0.7	0.931894	0.000410855
0	1.535	0.9	0.915336	0.000454754
0	1.535	1.1	0.883396	0.000521084
0	1.535	1.3	0.851335	0.000582858
0	1.535	1.5	0.797932	0.000658185
0	1.535	1.7	0.760667	0.000700942
0	1.535	1.9	0.725514	0.000729665
0	1.535	2.1	0.700253	0.000748362
0	1.535	2.3	0.671266	0.000767007
0	1.535	2.5	0.648133	0.000778967
0	1.535	2.7	0.634086	0.000786921
0	1.535	2.9	0.607513	0.000798784
0	1.535	3.1	0.600343	0.000803919
0	1.535	3.3	0.586688	0.000801465
0	1.535	3.5	0.569622	0.000808988
0	1.535	3.7	0.556868	0.000809943
0	1.535	3.9	0.54832	0.000811507
0	1.535	4.1	0.521175	0.000813918
0	1.535	4.3	0.499489	0.000812441
0	1.535	4.5	0.475154	0.000818754
0	1.535	4.7	0.446211	0.00081586
0	1.535	4.9	0.417621	0.000799708
0	1.535	5.1	0.384441	0.000793577
0	1.535	5.3	0.358938	0.000781805
0	1.535	5.5	0.334856	0.000771247
0	1.535	5.7	0.306846	0.000750803
0	1.535	5.9	0.285954	0.000739533
0	1.535	6.1	0.268793	0.000721359
0	1.535	6.3	0.247914	0.000707491
0	1.535	6.5	0.226383	0.000680278
0	1.535	6.7	0.204067	0.000660967
0	1.535	6.9	0.189723	0.000638757
0	1.535	7.1	0.169591	0.00061106
0	1.535	7.3	0.156085	0.000592257
0	1.535	7.5	0.14511	0.000573452
0	1.535	7.7	0.134961	0.000555595
0	1.535	7.9	0.128483	0.000546088
0	1.535	8.1	0.120817	0.000532029
0	1.535	8.3	0.110022	0.000508558
0	1.535	8.5	0.103114	0.000496726
0	1.535	8.7	0.0949439	0.000478067
0	1.535	8.9	0.0920265	0.000469165
0	1.535	9.1	0.087316	0.000458577
0	1.535	9.3	0.081244	0.000446622
0	1.535	9.5	0.0748286	0.000429364
0	1.535	9.7	0.0706865	0.000417471
0	1.535	9.9	0.0653788	0.000403616
0	1.535	10.1	0.0575227	0.000377988
0	1.535	10.3	0.0521788	0.00036026
0	1.535	10.5	0.0479708	0.000350463
0	1.535	10.7	0.0448634	0.000337893
0	1.535	10.9	0.0407796	0.000323018
0	1.535	11.1	0.0379101	0.000312509
0	1.535	11.3	0.0350959	0.000300667
0	1.535	11.5	0.035475	0.000301254
0	1.535	11.7	0.0315866	0.000285822
0	1.535	11.9	0.0322909	0.000290339
0	1.535	12.1	0.0286928	0.000273044
0	1.535	12.3	0.0294454	0.000275836
0	1.535	12.5	0.0291025	0.000276279
0	1.535	12.7	0.0265602	0.000263331
0	1.535	12.9	0.0267176	0.000263398
0	1.535	13.1	0.0239134	0.000249927
0	1.535	13.3	0.0243668	0.000251901
0	1.535	13.5	0.0220351	0.000239809
0	1.535	13.7	0.023291	0.000243746
0	1.535	13.9	0.0241521	0.000250354
0	1.535	14.1	0.0255331	0.000258109
0	1.535	14.3	0.0240417	0.000251182
0	1.535	14.5	0.0239328	0.000248191
0	1.535	14.7	0.0259295	0.000260013
0	1.535	14.9	0.0257931	0.000259306
0	1.535	15.1	0.0248628	0.000254153
0	1.535	15.3	0.0248553	0.000254118
0	1.535	15.5	0.0237503	0.000247869
0	1.535	15.7	0.0217577	0.000238519
0	1.535	15.9	0.0210915	0.000235468
0	1.545	0.1	0.939292	0.000390614
0	1.545	0.3	0.937618	0.000395232
0	1.545	0.5	0.927138	0.00042667
0	1.545	0.7	0.904267	0.000481317
0	1.545	0.9	0.87196	0.000542082
0	1.545	1.1	0.825363	0.000620645
0	1.545	1.3	0.776878	0.000680779
0	1.545	1.5	0.740163	0.000716191
0	1.545	1.7	0.705194	0.000745569
0	1.545	1.9	0.675727	0.000767467
0	1.545	2.1	0.655598	0.00077906
0	1.545	2.3	0.628522	0.000788839
0	1.545	2.5	0.614711	0.000793697
0	1.545	2.7	0.601502	0.00079709
0	1.545	2.9	0.586003	0.000805938
0	1.545	3.1	0.573745	0.000807951
0	1.545	3.3	0.558187	0.000811073
0	1.545	3.5	0.548629	0.000814311
0	1.545	3.7	0.533058	0.000814848
0	1.545	3.9	0.520036	0.000815599
0	1.545	4.1	0.496954	0.000816687
0	1.545	4.3	0.479411	0.00081543
0	1.545	4.5	0.456862	0.000810466
0	1.545	4.7	0.433228	0.000806037
0	1.545	4.9	0.40204	0.000800862
0	1.545	5.1	0.371672	0.000787842
0	1.545	5.3	0.338109	0.000770016
0	1.545	5.5	0.318496	0.000765234
0	1.545	5.7	0.291935	0.000744914
0	1.545	5.9	0.266929	0.000725879
0	1.545	6.1	0.254044	0.000709463
0	1.545	6.3	0.227345	0.000683456
0	1.545	6.5	0.209388	0.000665133
0	1.545	6.7	0.189007	0.000638941
0	1.545	6.9	0.17272	0.000618276
0	1.545	7.1	0.155908	0.000592452
0	1.545	7.3	0.141467	0.000566603
0	1.545	7.5	0.12828	0.000546496
0	1.545	7.7	0.115622	0.000520301
0	1.545	7.9	0.109529	0.000512101
0	1.545	8.1	0.102861	0.000498076
0	1.545	8.3	0.09324	0.000475292
0	1.545	8.5	0.0877423	0.000462501
0	1.545	8.7	0.0786413	0.000440474
0	1.545	8.9	0.0790545	0.000440906
0	1.545	9.1	0.0729898	0.000424163
0	1.545	9.3	0.0699398	0.000417455
0	1.545	9.5	0.0610925	0.000390367
0	1.545	9.7	0.06201	0.000395255
0	1.545	9.9	0.0513645	0.000360764
0	1.545	10.1	0.0497805	0.000355006
0	1.545	10.3	0.0429464	0.000330779
0	1.545	10.5	0.0412215	0.00032364
0	1.545	10.7	0.0375681	0.000310106
0	1.545	10.9	0.0333441	0.000292605
0	1.545	11.1	0.0329192	0.000292169
0	1.545	11.3	0.0311249	0.000283551
0	1.545	11.5	0.0305079	0.0002802
0	1.545	11.7	0.0302923	0.000279764
0	1.545	11.9	0.0252979	0.000256341
0	1.545	12.1	0.0229422	0.000243929
0	1.545	12.3	0.0239585	0.000249877
0	1.545	12.5	0.0241482	0.000249847
0	1.545	12.7	0.0222867	0.000241858
0	1.545	12.9	0.0184854	0.000220408
0	1.545	13.1	0.019439	0.000226367
0	1.545	13.3	0.0198119	0.000229118
0	1.545	13.5	0.0201084	0.000227388
0	1.545	13.7	0.0193066	0.000224128
0	1.545	13.9	0.0188833	0.000222732
0	1.545	14.1	0.0205999	0.000231966
0	1.545	14.3	0.0208061	0.000233915
0	1.545	14.5	0.0204005	0.000230808
0	1.545	14.7	0.0218932	0.000238138
0	1.545	14.9	0.0204294	0.000231282
0	1.545	15.1	0.0210164	0.000234147
0	1.545	15.3	0.021433	0.000236045
0	1.545	15.5	0.0217403	0.000237792
0	1.545	15.7	0.0230309	0.000245572
0	1.545	15.9	0.0186292	0.000222122
0	1.555	0.1	0.928591	0.000418349
0	1.555	0.3	0.918636	0.000446505
0	1.555	0.5	0.896091	0.000500826
0	1.555	0.7	0.856238	0.000573298
0	1.555	0.9	0.811448	0.000638847
0	1.555	1.1	0.757504	0.000697721
0	1.555	1.3	0.714972	0.000740009
0	1.555	1.5	0.682691	0.000760498
0	1.555	1.7	0.650681	0.0007843
0	1.555	1.9	0.633337	0.000788305
0	1.555	2.1	0.614588	0.000797212
0	1.555	2.3	0.596081	0.000800068
0	1.555	2.5	0.58287	0.000806031
0	1.555	2.7	0.567361	0.000808721
0	1.555	2.9	0.5591	0.000809516
0	1.555	3.1	0.550786	0.000815237
0	1.555	3.3	0.539437	0.000815126
0	1.555	3.5	0.527442	0.000818364
0	1.555	3.7	0.50676	0.000812322
0	1.555	3.9	0.509845	0.000814358
0	1.555	4.1	0.490894	0.000817331
0	1.555	4.3	0.473564	0.000816882
0	1.555	4.5	0.443706	0.000812717
0	1.555	4.7	0.418837	0.000801878
0	1.555	4.9	0.380023	0.000793105
0	1.555	5.1	0.357142	0.000783274
0	1.555	5.3	0.33053	0.000767516
0	1.555	5.5	0.302445	0.000752851
0	1.555	5.7	0.282169	0.000734805
0	1.555	5.9	0.256013	0.000715892
0	1.555	6.1	0.233925	0.000689735
0	1.555	6.3	0.213265	0.000668132
0	1.555	6.5	0.186719	0.000636994
0	1.555	6.7	0.170783	0.000615964
0	1.555	6.9	0.153423	0.00058848
0	1.555	7.1	0.141316	0.000569067
0	1.555	7.3	0.128321	0.000545002
0	1.555	7.5	0.113564	0.000514874
0	1.555	7.7	0.101494	0.000494274
0	1.555	7.9	0.0982829	0.00048393
0	1.555	8.1	0.0872312	0.000460504
0	1.555	8.3	0.0788458	0.000437764
0	1.555	8.5	0.0746849	0.000430654
0	1.555	8.7	0.0692815	0.000413847
0	1.555	8.9	0.0638904	0.000399727
0	1.555	9.1	0.0603805	0.000386941
0	1.555	9.3	0.0553939	0.000373576
0	1.555	9.5	0.0527913	0.000365384
0	1.555	9.7	0.0474137	0.000346241
0	1.555	9.9	0.0414864	0.000325601
0	1.555	10.1	0.0396719	0.000320108
0	1.555	10.3	0.0361528	0.00030271
0	1.555	10.5	0.0312002	0.000283984
0	1.555	10.7	0.0292688	0.000275933
0	1.555	10.9	0.0244309	0.000250844
0	1.555	11.1	0.024134	0.000250902
0	1.555	11.3	0.0234959	0.000247592
0	1.555	11.5	0.0219941	0.000238992
0	1.555	11.7	0.0219184	0.000238337
0	1.555	11.9	0.0228799	0.000246329
0	1.555	12.1	0.0206562	0.000233228
0	1.555	12.3	0.0185011	0.000220163
0	1.555	12.5	0.0162259	0.00020667
0	1.555	12.7	0.0167131	0.000209364
0	1.555	12.9	0.0153257	0.000201397
0	1.555	13.1	0.0169295	0.00021086
0	1.555	13.3	0.0153545	0.000200493
0	1.555	13.5	0.0137566	0.000189162
0	1.555	13.7	0.0152476	0.000199732
0	1.555	13.9	0.0151136	0.000199033
0	1.555	14.1	0.0146864	0.000195985
0	1.555	14.3	0.0152013	0.000199967
0	1.555	14.5	0.0166355	0.000208018
0	1.555	14.7	0.0166385	0.000208971
0	1.555	14.9	0.0167128	0.00021054
0	1.555	15.1	0.0180877	0.00021848
0	1.555	15.3	0.0182867	0.000217416
0	1.555	15.5	0.0184555	0.000219721
0	1.555	15.7	0.0194866	0.000225239
0	1.555	15.9	0.0163815	0.00020582
0	1.565	0.1	0.893021	0.000503055
0	1.565	0.3	0.877261	0.000536587
0	1.565	0.5	0.830869	0.000610455
0	1.565	0.7	0.780166	0.000675503
0	1.565	0.9	0.731065	0.000722741
0	1.565	1.1	0.695512	0.000753489
0	1.565	1.3	0.662897	0.000771252
0	1.565	1.5	0.63214	0.000789296
0	1.565	1.7	0.612893	0.000791721
0	1.565	1.9	0.591244	0.000801211
0	1.565	2.1	0.577305	0.000808262
0	1.565	2.3	0.566218	0.000805843
0	1.565	2.5	0.55541	0.000811113
0	1.565	2.7	0.545412	0.000815144
0	1.565	2.9	0.532546	0.000816089
0	1.565	3.1	0.525984	0.000816273
0	1.565	3.3	0.51992	0.000821196
0	1.565	3.5	0.511498	0.000818727
0	1.565	3.7	0.499606	0.000817258
0	1.565	3.9	0.486585	0.000820143
0	1.565	4.1	0.475246	0.000814673
0	1.565	4.3	0.454854	0.000809919
0	1.565	4.5	0.432172	0.000809497
0	1.565	4.7	0.401771	0.000802853
0	1.565	4.9	0.375665	0.000786861
0	1.565	5.1	0.342976	0.000769321
0	1.565	5.3	0.314278	0.000756495
0	1.565	5.5	0.288076	0.000743267
0	1.565	5.7	0.263923	0.000715674
0	1.565	5.9	0.2469	0.000703512
0	1.565	6.1	0.224245	0.000681412
0	1.565	6.3	0.19922	0.000649165
0	1.565	6.5	0.177559	0.000629003
0	1.565	6.7	0.162252	0.000600333
0	1.565	6.9	0.138101	0.000562464
0	1.565	7.1	0.126261	0.000539314
0	1.565	7.3	0.114921	0.000522172
0	1.565	7.5	0.102286	0.000495089
0	1.565	7.7	0.0946777	0.000477037
0	1.565	7.9	0.0853089	0.000458727
0	1.565	8.1	0.0756375	0.000430014
0	1.565	8.3	0.0705797	0.000418461
0	1.565	8.5	0.0650856	0.000402583
0	1.565	8.7	0.0564526	0.000378197
0	1.565	8.9	0.0531167	0.000366287
0	1.565	9.1	0.0502682	0.000356424
0	1.565	9.3	0.0443622	0.000334853
0	1.565	9.5	0.0416561	0.000328289
0	1.565	9.7	0.0386351	0.000315427
0	1.565	9.9	0.0348756	0.000300324
0	1.565	10.1	0.0286474	0.000272618
0	1.565	10.3	0.0270486	0.000265361
0	1.565	10.5	0.0227417	0.000245529
0	1.565	10.7	0.0211288	0.000233967
0	1.565	10.9	0.0210594	0.000234207
0	1.565	11.1	0.0180453	0.000217311
0	1.565	11.3	0.0192135	0.000223473
0	1.565	11.5	0.0182081	0.000217717
0	1.565	11.7	0.0161927	0.0002062
0	1.565	11.9	0.0156781	0.000202487
0	1.565	12.1	0.0133115	0.000187843
0	1.565	12.3	0.0131348	0.000185929
0	1.565	12.5	0.0124058	0.000180272
0	1.565	12.7	0.0135318	0.000188326
0	1.565	12.9	0.0115578	0.000175478
0	1.565	13.1	0.0112233	0.000172533
0	1.565	13.3	0.0108955	0.000170419
0	1.565	13.5	0.0101975	0.000164971
0	1.565	13.7	0.0110708	0.000170734
0	1.565	13.9	0.0117599	0.000175584
0	1.565	14.1	0.0119561	0.000178194
0	1.565	14.3	0.0124847	0.000181763
0	1.565	14.5	0.0131125	0.000185749
0	1.565	14.7	0.0121893	0.000179345
0	1.565	14.9	0.0131551	0.000185296
0	1.565	15.1	0.0133601	0.0001879
0	1.565	15.3	0.0155268	0.00020168
0	1.565	15.5	0.0170206	0.000210807
0	1.565	15.7	0.0157937	0.000203247
0	1.565	15.9	0.0148689	0.000196931
0	1.575	0.1	0.818473	0.000632393
0	1.575	0.3	0.782614	0.000671539
0	1.575	0.5	0.742143	0.00071336
0	1.575	0.7	0.696112	0.000749366
0	1.575	0.9	0.667918	0.00076598
0	1.575	1.1	0.630551	0.000791031
0	1.575	1.3	0.606702	0.000797327
0	1.575	1.5	0.586444	0.00080822
0	1.575	1.7	0.573525	0.000810943
0	1.575	1.9	0.559837	0.000811904
0	1.575	2.1	0.546336	0.000818999
0	1.575	2.3	0.53339	0.000809812
0	1.575	2.5	0.528447	0.000816515
0	1.575	2.7	0.525614	0.000814335
0	1.575	2.9	0.513464	0.000815582
0	1.575	3.1	0.507761	0.000817179
0	1.575	3.3	0.505869	0.000816703
0	1.575	3.5	0.491666	0.000812985
0	1.575	3.7	0.482074	0.000821942
0	1.575	3.9	0.475912	0.000817525
0	1.575	4.1	0.454739	0.000814066
0	1.575	4.3	0.439259	0.000808946
0	1.575	4.5	0.418436	0.000802165
0	1.575	4.7	0.38909	0.00079772
0	1.575	4.9	0.360515	0.000785067
0	1.575	5.1	0.336123	0.00076988
0	1.575	5.3	0.301535	0.000751541
0	1.575	5.5	0.277247	0.000732161
0	1.575	5.7	0.252596	0.000710801
0	1.575	5.9	0.225794	0.000685257
0	1.575	6.1	0.211311	0.000663272
0	1.575	6.3	0.191516	0.000639788
0	1.575	6.5	0.16815	0.000608931
0	1.575	6.7	0.146649	0.000575304
0	1.575	6.9	0.134581	0.000557565
0	1.575	7.1	0.111432	0.000512728
0	1.575	7.3	0.102258	0.000496606
0	1.575	7.5	0.0924596	0.00047381
0	1.575	7.7	0.0843844	0.000452621
0	1.575	7.9	0.0707257	0.000416119
0	1.575	8.1	0.0660777	0.000405045
0	1.575	8.3	0.0576331	0.000378656
0	1.575	8.5	0.0514188	0.000362144
0	1.575	8.7	0.0479695	0.00034865
0	1.575	8.9	0.0439615	0.000334541
0	1.575	9.1	0.0378159	0.000311045
0	1.575	9.3	0.0351422	0.000299095
0	1.575	9.5	0.0324986	0.000288523
0	1.575	9.7	0.02784	0.00026736
0	1.575	9.9	0.0254305	0.00025824
0	1.575	10.1	0.0222982	0.000242215
0	1.575	10.3	0.0210582	0.000233633
0	1.575	10.5	0.0175667	0.000213581
0	1.575	10.7	0.0160953	0.000204582
0	1.575	10.9	0.0150918	0.000198976
0	1.575	11.1	0.0135271	0.000188483
0	1.575	11.3	0.0128365	0.000183381
0	1.575	11.5	0.0131916	0.000186709
0	1.575	11.7	0.0113779	0.000172904
0	1.575	11.9	0.0112964	0.00017297
0	1.575	12.1	0.0106652	0.000168638
0	1.575	12.3	0.00941091	0.000156239
0	1.575	12.5	0.00979795	0.000160286
0	1.575	12.7	0.00925222	0.000155866
0	1.575	12.9	0.00946702	0.000158562
0	1.575	13.1	0.00857261	0.000150564
0	1.575	13.3	0.00900965	0.000153659
0	1.575	13.5	0.00798446	0.00014617
0	1.575	13.7	0.00857045	0.000151234
0	1.575	13.9	0.00825801	0.000146761
0	1.575	14.1	0.0092188	0.000157209
0	1.575	14.3	0.00819741	0.000147992
0	1.575	14.5	0.0100736	0.000163432
0	1.575	14.7	0.00968975	0.000160223
0	1.575	14.9	0.00932762	0.000156593
0	1.575	15.1	0.0114548	0.000173398
0	1.575	15.3	0.0118649	0.000176665
0	1.575	15.5	0.0135589	0.000189296
0	1.575	15.7	0.0135637	0.000188379
0	1.575	15.9	0.0136978	0.000189232
0	1.585	0.1	0.682448	0.000756853
0	1.585	0.3	0.661792	0.000776294
0	1.585	0.5	0.642636	0.000782727
0	1.585	0.7	0.612331	0.000798259
0	1.585	0.9	0.590769	0.000801916
0	1.585	1.1	0.566737	0.000807009
0	1.585	1.3	0.552987	0.000813007
0	1.585	1.5	0.546851	0.000816448
0	1.585	1.7	0.532941	0.000813463
0	1.585	1.9	0.518782	0.000819556
0	1.585	2.1	0.518129	0.000813583
0	1.585	2.3	0.512396	0.000814319
0	1.585	2.5	0.501041	0.000817817
0	1.585	2.7	0.498673	0.0008162
0	1.585	2.9	0.491605	0.000812268
0	1.585	3.1	0.491531	0.000813352
0	1.585	3.3	0.480199	0.000813079
0	1.585	3.5	0.479467	0.000818034
0	1.585	3.7	0.46911	0.000815037
0	1.585	3.9	0.45808	0.000818001
0	1.585	4.1	0.444087	0.000803065
0	1.585	4.3	0.436209	0.000809414
0	1.585	4.5	0.40395	0.000803762
0	1.585	4.7	0.373579	0.000789983
0	1.585	4.9	0.348641	0.000781742
0	1.585	5.1	0.317434	0.000758136
0	1.585	5.3	0.292895	0.000741654
0	1.585	5.5	0.263699	0.000721276
0	1.585	5.7	0.240485	0.000697106
0	1.585	5.9	0.218455	0.00067597
0	1.585	6.1	0.197735	0.000651788
0	1.585	6.3	0.177085	0.000623042
0	1.585	6.5	0.15778	0.00059511
0	1.585	6.7	0.133209	0.000554415
0	1.585	6.9	0.118859	0.000529712
0	1.585	7.1	0.102876	0.000494941
0	1.585	7.3	0.0914214	0.000473139
0	1.585	7.5	0.0796796	0.000441484
0	1.585	7.7	0.0679804	0.000411599
0	1.585	7.9	0.0659314	0.000401508
0	1.585	8.1	0.0574193	0.000379333
0	1.585	8.3	0.0536729	0.00036932
0	1.585	8.5	0.0445958	0.000338928
0	1.585	8.7	0.0400814	0.000320606
0	1.585	8.9	0.0349831	0.000299934
0	1.585	9.1	0.0324343	0.000289988
0	1.585	9.3	0.0282234	0.000270132
0	1.585	9.5	0.0247638	0.000252627
0	1.585	9.7	0.0229611	0.000244099
0	1.585	9.9	0.0197977	0.000227485
0	1.585	10.1	0.0164048	0.000208107
0	1.585	10.3	0.0161503	0.000206311
0	1.585	10.5	0.0143049	0.000194825
0	1.585	10.7	0.0119518	0.000177396
0	1.585	10.9	0.0106239	0.000167504
0	1.585	11.1	0.0110254	0.000170325
0	1.585	11.3	0.00903391	0.000155144
0	1.585	11.5	0.00963457	0.000160179
0	1.585	11.7	0.00945346	0.000157205
0	1.585	11.9	0.00812852	0.000146657
0	1.585	12.1	0.00699	0.000136109
0	1.585	12.3	0.00687373	0.000135918
0	1.585	12.5	0.00646798	0.000131272
0	1.585	12.7	0.00652847	0.000130772
0	1.585	12.9	0.00701846	0.000135936
0	1.585	13.1	0.00672925	0.000133413
0	1.585	13.3	0.00561847	0.000122202
0	1.585	13.5	0.0067148	0.000133551
0	1.585	13.7	0.00586158	0.000124518
0	1.585	13.9	0.00644722	0.000130072
0	1.585	14.1	0.00733215	0.000139027
0	1.585	14.3	0.00611304	0.000127436
0	1.585	14.5	0.00649631	0.000131954
0	1.585	14.7	0.00654282	0.000132239
0	1.585	14.9	0.00793102	0.000144393
0	1.585	15.1	0.0089757	0.000154264
0	1.585	15.3	0.0110381	0.00017011
0	1.585	15.5	0.0108737	0.000170079
0	1.585	15.7	0.0119897	0.000177914
0	1.585	15.9	0.0117449	0.000175719
0	1.595	0.1	0.520948	0.000811828
0	1.595	0.3	0.525268	0.000811907
0	1.595	0.5	0.5304	0.000812792
0	1.595	0.7	0.522847	0.000816702
0	1.595	0.9	0.525782	0.00081307
0	1.595	1.1	0.517503	0.000823913
0	1.595	1.3	0.507251	0.000817202
0	1.595	1.5	0.503008	0.000815946
0	1.595	1.7	0.497541	0.000820633
0	1.595	1.9	0.491473	0.000817018
0	1.595	2.1	0.487145	0.00081538
0	1.595	2.3	0.4944	0.000815839
0	1.595	2.5	0.486211	0.000817611
0	1.595	2.7	0.477539	0.000812341
0	1.595	2.9	0.472938	0.000815649
0	1.595	3.1	0.472912	0.000811234
0	1.595	3.3	0.464305	0.000811622
0	1.595	3.5	0.460412	0.000816866
0	1.595	3.7	0.451316	0.000813696
0	1.595	3.9	0.438485	0.000804485
0	1.595	4.1	0.428382	0.000805754
0	1.595	4.3	0.409549	0.000801885
0	1.595	4.5	0.391325	0.000797381
0	1.595	4.7	0.362961	0.000783598
0	1.595	4.9	0.338879	0.000773361
0	1.595	5.1	0.30691	0.000753508
0	1.595	5.3	0.282942	0.000736864
0	1.595	5.5	0.25003	0.000711314
0	1.595	5.7	0.236012	0.000695336
0	1.595	5.9	0.209524	0.000663635
0	1.595	6.1	0.182169	0.000629482
0	1.595	6.3	0.160154	0.000596011
0	1.595	6.5	0.141729	0.000571001
0	1.595	6.7	0.121569	0.000532107
0	1.595	6.9	0.105758	0.000502355
0	1.595	7.1	0.0899371	0.000469442
0	1.595	7.3	0.0824746	0.000450982
0	1.595	7.5	0.0691157	0.000416786
0	1.595	7.7	0.0624135	0.000394988
0	1.595	7.9	0.0554928	0.00037193
0	1.595	8.1	0.0486505	0.000350185
0	1.595	8.3	0.0399936	0.000320292
0	1.595	8.5	0.0382307	0.000313651
0	1.595	8.7	0.0312851	0.000283931
0	1.595	8.9	0.0295634	0.000277994
0	1.595	9.1	0.0256835	0.000258554
0	1.595	9.3	0.0212362	0.00023532
0	1.595	9.5	0.020056	0.000229666
0	1.595	9.7	0.0167803	0.000210333
0	1.595	9.9	0.0153893	0.000201521
0	1.595	10.1	0.0130368	0.000185344
0	1.595	10.3	0.0124231	0.00018091
0	1.595	10.5	0.0093031	0.000156877
0	1.595	10.7	0.00881693	0.000152689
0	1.595	10.9	0.00795793	0.000145613
0	1.595	11.1	0.00784802	0.000144738
0	1.595	11.3	0.00733975	0.000139146
0	1.595	11.5	0.00694058	0.000135878
0	1.595	11.7	0.00674533	0.000132866
0	1.595	11.9	0.00690562	0.000135118
0	1.595	12.1	0.00687462	0.000134956
0	1.595	12.3	0.00577967	0.000123656
0	1.595	12.5	0.00564199	0.000122537
0	1.595	12.7	0.00474562	0.000111995
0	1.595	12.9	0.00433609	0.000107266
0	1.595	13.1	0.00436674	0.000106879
0	1.595	13.3	0.00490555	0.000113588
0	1.595	13.5	0.00432349	0.000106693
0	1.595	13.7	0.00413135	0.000105643
0	1.595	13.9	0.00449591	0.000109312
0	1.595	14.1	0.00477899	0.000111969
0	1.595	14.3	0.0039945	0.000102966
0	1.595	14.5	0.005371	0.000119152
0	1.595	14.7	0.00461705	0.000110589
0	1.595	14.9	0.00505504	0.000115769
0	1.595	15.1	0.00695064	0.000135526
0	1.595	15.3	0.00815337	0.000146719
0	1.595	15.5	0.00811488	0.00014591
0	1.595	15.7	0.0115211	0.000174497
0	1.595	15.9	0.00906259	0.000155082
0	1.605	0.1	0.373533	0.000792184
0	1.605	0.3	0.386215	0.000796244
0	1.605	0.5	0.419121	0.000804229
0	1.605	0.7	0.436714	0.000808086
0	1.605	0.9	0.446236	0.000810701
0	1.605	1.1	0.456805	0.000813245
0	1.605	1.3	0.457255	0.000818047
0	1.605	1.5	0.461469	0.000815514
0	1.605	1.7	0.455822	0.000812489
0	1.605	1.9	0.453698	0.000816823
0	1.605	2.1	0.462979	0.000816282
0	1.605	2.3	0.464336	0.000814747
0	1.605	2.5	0.457563	0.000814646
0	1.605	2.7	0.455889	0.000812471
0	1.605	2.9	0.451109	0.000810371
0	1.605	3.1	0.449841	0.000814117
0	1.605	3.3	0.449166	0.000818589
0	1.605	3.5	0.445108	0.000814505
0	1.605	3.7	0.434444	0.000810782
0	1.605	3.9	0.431038	0.000806368
0	1.605	4.1	0.419996	0.000810356
0	1.605	4.3	0.402396	0.000805914
0	1.605	4.5	0.38103	0.000789185
0	1.605	4.7	0.359032	0.000785424
0	1.605	4.9	0.33323	0.000771651
0	1.605	5.1	0.293214	0.000739416
0	1.605	5.3	0.274029	0.000728294
0	1.605	5.5	0.248658	0.000703478
0	1.605	5.7	0.219378	0.000676398
0	1.605	5.9	0.195235	0.000648149
0	1.605	6.1	0.172068	0.000613234
0	1.605	6.3	0.151295	0.000585106
0	1.605	6.5	0.126275	0.000538825
0	1.605	6.7	0.113209	0.000515805
0	1.605	6.9	0.0955765	0.00048009
0	1.605	7.1	0.0803749	0.00044114
0	1.605	7.3	0.0707877	0.00041717
0	1.605	7.5	0.0608592	0.000390876
0	1.605	7.7	0.0539863	0.000368631
0	1.605	7.9	0.0460421	0.000343701
0	1.605	8.1	0.0408001	0.000322882
0	1.605	8.3	0.0354679	0.000302395
0	1.605	8.5	0.0306622	0.000282012
0	1.605	8.7	0.0284978	0.000271051
0	1.605	8.9	0.0234253	0.000246395
0	1.605	9.1	0.0186136	0.000220678
0	1.605	9.3	0.0186738	0.000220786
0	1.605	9.5	0.0146996	0.00019707
0	1.605	9.7	0.0128027	0.00018393
0	1.605	9.9	0.0109164	0.00017028
0	1.605	10.1	0.00986466	0.000161678
0	1.605	10.3	0.00798994	0.000145462
0	1.605	10.5	0.00743141	0.000140269
0	1.605	10.7	0.00684336	0.000134606
0	1.605	10.9	0.00616249	0.000127685
0	1.605	11.1	0.0074206	0.000140015
0	1.605	11.3	0.00535762	0.000119568
0	1.605	11.5	0.00469792	0.000111974
0	1.605	11.7	0.0043006	0.000106619
0	1.605	11.9	0.00519755	0.000117546
0	1.605	12.1	0.00463905	0.000110669
0	1.605	12.3	0.00470908	0.000111699
0	1.605	12.5	0.00290242	8.79457e-05
0	1.605	12.7	0.00381389	0.000100558
0	1.605	12.9	0.00332085	9.43776e-05
0	1.605	13.1	0.00376318	0.000100243
0	1.605	13.3	0.00355628	9.73778e-05
0	1.605	13.5	0.00324859	9.33931e-05
0	1.605	13.7	0.0033696	9.45801e-05
0	1.605	13.9	0.0031573	9.14195e-05
0	1.605	14.1	0.00373641	9.93895e-05
0	1.605	14.3	0.00348788	9.58694e-05
0	1.605	14.5	0.00373195	9.95899e-05
0	1.605	14.7	0.00385221	0.000101958
0	1.605	14.9	0.00392586	0.000102367
0	1.605	15.1	0.00415033	0.000104828
0	1.605	15.3	0.0052167	0.000118558
0	1.605	15.5	0.00592065	0.000125286
0	1.605	15.7	0.00654878	0.000131576
0	1.605	15.9	0.0072223	0.00013867
0	1.615	0.1	0.175928	0.000620334
0	1.615	0.3	0.189987	0.000640437
0	1.615	0.5	0.23884	0.000698349
0	1.615	0.7	0.291487	0.000738182
0	1.615	0.9	0.333812	0.000773506
0	1.615	1.1	0.364211	0.000785945
0	1.615	1.3	0.380303	0.000796234
0	1.615	1.5	0.397341	0.000800685
0	1.615	1.7	0.407215	0.000805248
0	1.615	1.9	0.415081	0.000807116
0	1.615	2.1	0.418172	0.000808099
0	1.615	2.3	0.419844	0.000807552
0	1.615	2.5	0.427644	0.000806198
0	1.615	2.7	0.427622	0.000804602
0	1.615	2.9	0.427743	0.000808939
0	1.615	3.1	0.421987	0.0008055
0	1.615	3.3	0.424446	0.00080637
0	1.615	3.5	0.424646	0.000806944
0	1.615	3.7	0.419588	0.000806134
0	1.615	3.9	0.403028	0.000801865
0	1.615	4.1	0.4024	0.000798566
0	1.615	4.3	0.380751	0.000790771
0	1.615	4.5	0.367605	0.000786175
0	1.615	4.7	0.344375	0.000772872
0	1.615	4.9	0.315401	0.000757355
0	1.615	5.1	0.276272	0.000730377
0	1.615	5.3	0.253987	0.000709818
0	1.615	5.5	0.228304	0.000690601
0	1.615	5.7	0.206504	0.000660752
0	1.615	5.9	0.183191	0.000633849
0	1.615	6.1	0.158173	0.000594064
0	1.615	6.3	0.138308	0.000562941
0	1.615	6.5	0.112069	0.000515763
0	1.615	6.7	0.101092	0.000491601
0	1.615	6.9	0.0812575	0.000444223
0	1.615	7.1	0.0748859	0.000428658
0	1.615	7.3	0.0619899	0.000394508
0	1.615	7.5	0.0493836	0.000353291
0	1.615	7.7	0.0442736	0.000336342
0	1.615	7.9	0.03938	0.000318385
0	1.615	8.1	0.0351116	0.000299842
0	1.615	8.3	0.03052	0.000280823
0	1.615	8.5	0.0230008	0.000244474
0	1.615	8.7	0.0218727	0.000237716
0	1.615	8.9	0.0190169	0.000222656
0	1.615	9.1	0.0154749	0.000202088
0	1.615	9.3	0.0130269	0.000184526
0	1.615	9.5	0.0109978	0.000170435
0	1.615	9.7	0.00818223	0.000147116
0	1.615	9.9	0.00912144	0.000155511
0	1.615	10.1	0.006868	0.000134488
0	1.615	10.3	0.00625092	0.000128707
0	1.615	10.5	0.00528557	0.000118321
0	1.615	10.7	0.00466533	0.000111936
0	1.615	10.9	0.00476975	0.000111845
0	1.615	11.1	0.00459318	0.000110113
0	1.615	11.3	0.00362658	9.78735e-05
0	1.615	11.5	0.00305341	9.06547e-05
0	1.615	11.7	0.00289083	8.71149e-05
0	1.615	11.9	0.00202808	7.34432e-05
0	1.615	12.1	0.00285297	8.74207e-05
0	1.615	12.3	0.00237459	7.99068e-05
0	1.615	12.5	0.00231023	7.83689e-05
0	1.615	12.7	0.00261925	8.32623e-05
0	1.615	12.9	0.00259877	8.40729e-05
0	1.615	13.1	0.00225006	7.7455e-05
0	1.615	13.3	0.00183994	7.00823e-05
0	1.615	13.5	0.00282322	8.64292e-05
0	1.615	13.7	0.0024609	8.03808e-05
0	1.615	13.9	0.00205208	7.38759e-05
0	1.615	14.1	0.00213902	7.54037e-05
0	1.615	14.3	0.00252776	8.24739e-05
0	1.615	14.5	0.00205595	7.41596e-05
0	1.615	14.7	0.00237534	7.94378e-05
0	1.615	14.9	0.00323667	9.26294e-05
0	1.615	15.1	0.00342136	9.51694e-05
0	1.615	15.3	0.00303678	8.99233e-05
0	1.615	15.5	0.00305957	9.00836e-05
0	1.615	15.7	0.00304424	8.99463e-05
0	1.615	15.9	0.00346786	9.59404e-05
0	1.625	0.1	0.0662912	0.0004084
0	1.625	0.3	0.0736793	0.000424812
0	1.625	0.5	0.0918974	0.000473756
0	1.625	0.7	0.13546	0.0005594
0	1.625	0.9	0.177912	0.000624926
0	1.625	1.1	0.229085	0.000687031
0	1.625	1.3	0.273564	0.000727604
0	1.625	1.5	0.312301	0.000758721
0	1.625	1.7	0.330564	0.00076701
0	1.625	1.9	0.349903	0.000777224
0	1.625	2.1	0.369092	0.000786546
0	1.625	2.3	0.371866	0.000783181
0	1.625	2.5	0.376949	0.000791043
0	1.625	2.7	0.384148	0.000794088
0	1.625	2.9	0.388934	0.000794898
0	1.625	3.1	0.386054	0.000794645
0	1.625	3.3	0.392198	0.000798394
0	1.625	3.5	0.385702	0.000793073
0	1.625	3.7	0.382266	0.000795918
0	1.625	3.9	0.378398	0.000790154
0	1.625	4.1	0.374021	0.000785562
0	1.625	4.3	0.360738	0.000782335
0	1.625	4.5	0.347032	0.000776033
0	1.625	4.7	0.32321	0.000762524
0	1.625	4.9	0.294227	0.000750212
0	1.625	5.1	0.262938	0.00071726
0	1.625	5.3	0.235835	0.000693368
0	1.625	5.5	0.211651	0.000666585
0	1.625	5.7	0.186986	0.000637877
0	1.625	5.9	0.16229	0.000602238
0	1.625	6.1	0.138308	0.000562921
0	1.625	6.3	0.121692	0.000533323
0	1.625	6.5	0.10269	0.000492614
0	1.625	6.7	0.0841429	0.000453873
0	1.625	6.9	0.0690284	0.000411964
0	1.625	7.1	0.0570205	0.000378996
0	1.625	7.3	0.0495826	0.00035403
0	1.625	7.5	0.0396347	0.000319435
0	1.625	7.7	0.0352577	0.00030059
0	1.625	7.9	0.0295204	0.000276777
0	1.625	8.1	0.0258821	0.000259853
0	1.625	8.3	0.0208665	0.000234617
0	1.625	8.5	0.0186135	0.000220662
0	1.625	8.7	0.0159626	0.000205749
0	1.625	8.9	0.0130406	0.00018555
0	1.625	9.1	0.0110152	0.000169738
0	1.625	9.3	0.0101958	0.000164726
0	1.625	9.5	0.0079183	0.000144744
0	1.625	9.7	0.00671715	0.000133945
0	1.625	9.9	0.00566581	0.000123287
0	1.625	10.1	0.00499954	0.000115479
0	1.625	10.3	0.00346899	9.60823e-05
0	1.625	10.5	0.0031199	9.12638e-05
0	1.625	10.7	0.00269349	8.4555e-05
0	1.625	10.9	0.00318197	9.19395e-05
0	1.625	11.1	0.00264405	8.40923e-05
0	1.625	11.3	0.00228202	7.78634e-05
0	1.625	11.5	0.00229297	7.84199e-05
0	1.625	11.7	0.00187435	7.04759e-05
0	1.625	11.9	0.00173414	6.80119e-05
0	1.625	12.1	0.0018618	7.02536e-05
0	1.625	12.3	0.0018323	6.99954e-05
0	1.625	12.5	0.000978442	5.11889e-05
0	1.625	12.7	0.00164439	6.59859e-05
0	1.625	12.9	0.00116483	5.54985e-05
0	1.625	13.1	0.00192542	7.13903e-05
0	1.625	13.3	0.00127242	5.84688e-05
0	1.625	13.5	0.0013867	6.07685e-05
0	1.625	13.7	0.00127804	5.7936e-05
0	1.625	13.9	0.00154838	6.40776e-05
0	1.625	14.1	0.00123291	5.72631e-05
0	1.625	14.3	0.00132719	5.96733e-05
0	1.625	14.5	0.00123844	5.77066e-05
0	1.625	14.7	0.00123769	5.72994e-05
0	1.625	14.9	0.00110909	5.43473e-05
0	1.625	15.1	0.00175607	6.86598e-05
0	1.625	15.3	0.00131427	5.91529e-05
0	1.625	15.5	0.000608313	4.00988e-05
0	1.625	15.7	0.00103595	5.27013e-05
0	1.625	15.9	0.00139155	6.0864e-05
0	1.635	0.1	0.0228404	0.000242522
0	1.635	0.3	0.0285325	0.000270609
0	1.635	0.5	0.0362523	0.000303937
0	1.635	0.7	0.0497742	0.000353293
0	1.635	0.9	0.0736925	0.00042668
0	1.635	1.1	0.111862	0.000515558
0	1.635	1.3	0.155924	0.000591383
0	1.635	1.5	0.208964	0.000663501
0	1.635	1.7	0.251668	0.000708138
0	1.635	1.9	0.284145	0.000736627
0	1.635	2.1	0.304168	0.000750995
0	1.635	2.3	0.320611	0.000762406
0	1.635	2.5	0.330616	0.000770446
0	1.635	2.7	0.345256	0.000779769
0	1.635	2.9	0.355249	0.000781034
0	1.635	3.1	0.354434	0.000784041
0	1.635	3.3	0.358651	0.000780731
0	1.635	3.5	0.358987	0.000781682
0	1.635	3.7	0.359821	0.000782864
0	1.635	3.9	0.356577	0.00078428
0	1.635	4.1	0.352404	0.000774535
0	1.635	4.3	0.339911	0.00077022
0	1.635	4.5	0.323592	0.000762017
0	1.635	4.7	0.302997	0.000748491
0	1.635	4.9	0.279281	0.000734311
0	1.635	5.1	0.248835	0.000706733
0	1.635	5.3	0.224971	0.0006806
0	1.635	5.5	0.195565	0.000645567
0	1.635	5.7	0.173144	0.000619123
0	1.635	5.9	0.146603	0.000571214
0	1.635	6.1	0.128184	0.000547889
0	1.635	6.3	0.105841	0.000505825
0	1.635	6.5	0.0895837	0.000465181
0	1.635	6.7	0.0709996	0.000418457
0	1.635	6.9	0.0561496	0.000374654
0	1.635	7.1	0.046549	0.000345281
0	1.635	7.3	0.0383211	0.000314543
0	1.635	7.5	0.0315039	0.000284821
0	1.635	7.7	0.0270096	0.000265023
0	1.635	7.9	0.0230817	0.000245693
0	1.635	8.1	0.0175479	0.000213627
0	1.635	8.3	0.0146557	0.000196128
0	1.635	8.5	0.0127923	0.000183476
0	1.635	8.7	0.0112554	0.000172942
0	1.635	8.9	0.00848229	0.000149826
0	1.635	9.1	0.00691317	0.000134979
0	1.635	9.3	0.00634473	0.000129397
0	1.635	9.5	0.00452978	0.00010955
0	1.635	9.7	0.00329408	9.36183e-05
0	1.635	9.9	0.00259533	8.33089e-05
0	1.635	10.1	0.00240152	8.04929e-05
0	1.635	10.3	0.00224731	7.74064e-05
0	1.635	10.5	0.00173165	6.77578e-05
0	1.635	10.7	0.00122906	5.68393e-05
0	1.635	10.9	0.00108531	5.37676e-05
0	1.635	11.1	0.00101759	5.22437e-05
0	1.635	11.3	0.00140846	6.05678e-05
0	1.635	11.5	0.00131715	5.91626e-05
0	1.635	11.7	0.000763877	4.49168e-05
0	1.635	11.9	0.000933604	4.99514e-05
0	1.635	12.1	0.000913174	4.94285e-05
0	1.635	12.3	0.00102686	5.2104e-05
0	1.635	12.5	0.000901533	4.89425e-05
0	1.635	12.7	0.00100011	5.16888e-05
0	1.635	12.9	0.000709799	4.34236e-05
0	1.635	13.1	0.000841218	4.73023e-05
0	1.635	13.3	0.000581925	3.93114e-05
0	1.635	13.5	0.00055172	3.84295e-05
0	1.635	13.7	0.000641464	4.12216e-05
0	1.635	13.9	0.000519596	3.72951e-05
0	1.635	14.1	0.00077812	4.5675e-05
0	1.635	14.3	0.000557964	3.85844e-05
0	1.635	14.5	0.000554389	3.8522e-05
0	1.635	14.7	0.000276991	2.74224e-05
0	1.635	14.9	0.000565376	3.86374e-05
0	1.635	15.1	0.00032963	2.97168e-05
0	1.635	15.3	0.000124654	1.81815e-05
0	1.635	15.5	0.000141654	1.94562e-05
0	1.635	15.7	0.000383477	3.18399e-05
0	1.635	15.9	0.000309751	2.87552e-05
0	1.645	0.1	0.00641755	0.000130495
0	1.645	0.3	0.00689773	0.00013607
0	1.645	0.5	0.01228	0.000181228
0	1.645	0.7	0.0188455	0.000221585
0	1.645	0.9	0.0321472	0.000285862
0	1.645	1.1	0.0472279	0.000345868
0	1.645	1.3	0.0733116	0.000423429
0	1.645	1.5	0.107582	0.000506331
0	1.645	1.7	0.157848	0.000594235
0	1.645	1.9	0.201756	0.000657402
0	1.645	2.1	0.247929	0.00070423
0	1.645	2.3	0.265846	0.000721029
0	1.645	2.5	0.293629	0.000745571
0	1.645	2.7	0.294748	0.000747608
0	1.645	2.9	0.309309	0.000755889
0	1.645	3.1	0.321354	0.000766717
0	1.645	3.3	0.329718	0.000768045
0	1.645	3.5	0.328334	0.000773321
0	1.645	3.7	0.330808	0.000767977
0	1.645	3.9	0.333788	0.000772446
0	1.645	4.1	0.323407	0.000762744
0	1.645	4.3	0.317181	0.000756321
0	1.645	4.5	0.307025	0.000752002
0	1.645	4.7	0.282046	0.000734848
0	1.645	4.9	0.258153	0.00071508
0	1.645	5.1	0.229238	0.000688891
0	1.645	5.3	0.208714	0.000660997
0	1.645	5.5	0.18086	0.000624199
0	1.645	5.7	0.156116	0.000591288
0	1.645	5.9	0.131892	0.000554698
0	1.645	6.1	0.113931	0.000518392
0	1.645	6.3	0.0912067	0.000469311
0	1.645	6.5	0.0715567	0.000421764
0	1.645	6.7	0.0592104	0.00038474
0	1.645	6.9	0.0478641	0.000347797
0	1.645	7.1	0.0387661	0.000313553
0	1.645	7.3	0.0313548	0.000285356
0	1.645	7.5	0.0239359	0.00024981
0	1.645	7.7	0.0175382	0.000213785
0	1.645	7.9	0.0165281	0.000207613
0	1.645	8.1	0.0128269	0.000184102
0	1.645	8.3	0.00937581	0.000157264
0	1.645	8.5	0.00886731	0.000153003
0	1.645	8.7	0.00653068	0.000131428
0	1.645	8.9	0.00474018	0.000112086
0	1.645	9.1	0.00459312	0.000110144
0	1.645	9.3	0.00349628	9.65771e-05
0	1.645	9.5	0.00282994	8.68797e-05
0	1.645	9.7	0.00187217	7.06446e-05
0	1.645	9.9	0.00123937	5.75008e-05
0	1.645	10.1	0.00167131	6.66899e-05
0	1.645	10.3	0.00108317	5.32058e-05
0	1.645	10.5	0.000642992	4.14055e-05
0	1.645	10.7	0.000544341	3.80081e-05
0	1.645	10.9	0.000518792	3.75287e-05
0	1.645	11.1	0.000769206	4.55463e-05
0	1.645	11.3	0.000648002	4.13859e-05
0	1.645	11.5	0.000296308	2.79943e-05
0	1.645	11.7	0.000283878	2.74397e-05
0	1.645	11.9	0.00048352	3.58323e-05
0	1.645	12.1	0.000199871	2.32323e-05
0	1.645	12.3	0.000289247	2.77009e-05
0	1.645	12.5	0.000134323	1.89948e-05
0	1.645	12.7	0.000405677	3.27904e-05
0	1.645	12.9	0.000297275	2.80856e-05
0	1.645	13.1	0.000161283	2.06486e-05
0	1.645	13.3	0.000637641	4.13189e-05
0	1.645	13.5	0.000504008	3.65554e-05
0	1.645	13.7	0.00042633	3.36972e-05
0	1.645	13.9	0.000420797	3.36836e-05
0	1.645	14.1	0.000110687	1.72854e-05
0	1.645	14.3	0.00015007	2.00524e-05
0	1.645	14.5	0.000209826	2.36048e-05
0	1.645	14.7	6.65028e-05	1.33001e-05
0	1.645	14.9	1.33074e-05	5.95122e-06
0	1.645	15.1	5.32897e-05	1.19156e-05
0	1.645	15.3	9.91582e-05	1.63007e-05
0	1.645	15.5	3.76697e-05	1.00675e-05
0	1.645	15.7	6.89408e-05	1.35199e-05
0	1.645	15.9	3.74189e-05	1.00004e-05
0	1.655	0.1	0.000125613	1.83213e-05
0	1.655	0.3	0.00151214	6.35117e-05
0	1.655	0.5	0.00397327	0.000102901
0	1.655	0.7	0.00783185	0.00014346
0	1.655	0.9	0.0139834	0.00019213
0	1.655	1.1	0.0208841	0.000233505
0	1.655	1.3	0.0337195	0.000293639
0	1.655	1.5	0.0514742	0.000361635
0	1.655	1.7	0.0781059	0.000439688
0	1.655	1.9	0.117668	0.000525323
0	1.655	2.1	0.16284	0.000602146
0	1.655	2.3	0.202046	0.000655214
0	1.655	2.5	0.231826	0.000690283
0	1.655	2.7	0.257738	0.000710508
0	1.655	2.9	0.273313	0.000730031
0	1.655	3.1	0.280425	0.000731806
0	1.655	3.3	0.304158	0.000753353
0	1.655	3.5	0.304559	0.000755151
0	1.655	3.7	0.307579	0.000753384
0	1.655	3.9	0.301154	0.000748233
0	1.655	4.1	0.308273	0.00075576
0	1.655	4.3	0.291647	0.00074154
0	1.655	4.5	0.283247	0.000736548
0	1.655	4.7	0.264001	0.000723365
0	1.655	4.9	0.243594	0.000698695
0	1.655	5.1	0.216451	0.000673433
0	1.655	5.3	0.189131	0.000639703
0	1.655	5.5	0.164068	0.000605136
0	1.655	5.7	0.137804	0.000562032
0	1.655	5.9	0.11367	0.000517797
0	1.655	6.1	0.100456	0.000490572
0	1.655	6.3	0.0772922	0.000438133
0	1.655	6.5	0.0614806	0.000391533
0	1.655	6.7	0.046824	0.000343855
0	1.655	6.9	0.0363066	0.000305376
0	1.655	7.1	0.0279185	0.000268448
0	1.655	7.3	0.0218689	0.000239066
0	1.655	7.5	0.0163899	0.000207277
0	1.655	7.7	0.0126445	0.000183075
0	1.655	7.9	0.010206	0.000164198
0	1.655	8.1	0.00912931	0.000156011
0	1.655	8.3	0.00589065	0.000124485
0	1.655	8.5	0.00480908	0.000113173
0	1.655	8.7	0.00325836	9.38684e-05
0	1.655	8.9	0.00264099	8.39527e-05
0	1.655	9.1	0.00210726	7.49415e-05
0	1.655	9.3	0.00143941	6.17265e-05
0	1.655	9.5	0.00145589	6.22039e-05
0	1.655	9.7	0.000678787	4.25764e-05
0	1.655	9.9	0.000138924	1.9264e-05
0	1.655	10.1	0.000482734	3.59722e-05
0	1.655	10.3	0.000353098	3.07278e-05
0	1.655	10.5	0.000265476	2.66778e-05
0	1.655	10.7	0.000137204	1.90255e-05
0	1.655	10.9	0.000115214	1.75689e-05
0	1.655	11.1	8.5342e-05	1.50858e-05
0	1.655	11.3	0.000159681	2.06131e-05
0	1.655	11.5	4.73987e-05	1.11717e-05
0	1.655	11.7	0.000175779	2.1635e-05
0	1.655	11.9	9.56307e-05	1.59377e-05
0	1.655	12.1	7.15505e-05	1.37694e-05
0	1.655	12.3	4.29269e-05	1.07315e-05
0	1.655	12.5	5.84121e-05	1.24531e-05
0	1.655	12.7	3.73506e-05	9.98217e-06
0	1.655	12.9	0	0
0	1.655	13.1	0	0
0	1.655	13.3	4.27161e-05	1.06788e-05
0	1.655	13.5	0.00013721	1.92119e-05
0	1.655	13.7	3.9952e-05	1.03153e-05
0	1.655	13.9	0	0
0	1.655	14.1	0	0
0	1.655	14.3	3.74028e-05	9.99612e-06
0	1.655	14.5	0	0
0	1.655	14.7	3.18119e-05	9.18317e-06
0	1.655	14.9	8.03641e-06	4.63981e-06
0	1.655	15.1	0	0
0	1.655	15.3	2.13091e-05	7.53381e-06
0	1.655	15.5	0	0
0	1.655	15.7	0	0
0	1.655	15.9	0.000107747	1.70353e-05
0	1.665	0.1	0	0
0	1.665	0.3	2.67494e-05	8.45879e-06
0	1.665	0.5	0.000288331	2.77406e-05
0	1.665	0.7	0.00221823	7.72367e-05
0	1.665	0.9	0.00454394	0.000109315
0	1.665	1.1	0.00804798	0.000145689
0	1.665	1.3	0.014687	0.000194939
0	1.665	1.5	0.0239867	0.000249735
0	1.665	1.7	0.036489	0.000306757
0	1.665	1.9	0.0586645	0.00038074
0	1.665	2.1	0.0875782	0.000456656
0	1.665	2.3	0.129106	0.000550322
0	1.665	2.5	0.170942	0.000618174
0	1.665	2.7	0.199861	0.000650765
0	1.665	2.9	0.22775	0.000687367
0	1.665	3.1	0.248348	0.000702997
0	1.665	3.3	0.265065	0.000721821
0	1.665	3.5	0.268643	0.000723953
0	1.665	3.7	0.280829	0.000732848
0	1.665	3.9	0.282499	0.000735649
0	1.665	4.1	0.285553	0.000732158
0	1.665	4.3	0.275886	0.000727958
0	1.665	4.5	0.262824	0.000717771
0	1.665	4.7	0.247518	0.000704002
0	1.665	4.9	0.226855	0.000682039
0	1.665	5.1	0.19569	0.000647386
0	1.665	5.3	0.176481	0.000621747
0	1.665	5.5	0.145072	0.00057245
0	1.665	5.7	0.12409	0.000535604
0	1.665	5.9	0.10358	0.000496762
0	1.665	6.1	0.080338	0.000443166
0	1.665	6.3	0.0656986	0.00040231
0	1.665	6.5	0.0493973	0.000353787
0	1.665	6.7	0.0344513	0.000298044
0	1.665	6.9	0.0271447	0.000266766
0	1.665	7.1	0.0208713	0.000232977
0	1.665	7.3	0.0143302	0.000194528
0	1.665	7.5	0.0105649	0.000166977
0	1.665	7.7	0.00773928	0.000143232
0	1.665	7.9	0.00576668	0.000123692
0	1.665	8.1	0.00379972	9.98716e-05
0	1.665	8.3	0.00312118	9.1067e-05
0	1.665	8.5	0.00218273	7.61409e-05
0	1.665	8.7	0.00196758	7.23561e-05
0	1.665	8.9	0.000786574	4.57781e-05
0	1.665	9.1	0.000586151	3.94172e-05
0	1.665	9.3	0.000549409	3.83619e-05
0	1.665	9.5	0.000235936	2.51479e-05
0	1.665	9.7	0.000447709	3.44315e-05
0	1.665	9.9	8.05497e-06	4.65052e-06
0	1.665	10.1	6.77679e-05	1.35531e-05
0	1.665	10.3	0.000208851	2.36452e-05
0	1.665	10.5	4.00066e-05	1.03295e-05
0	1.665	10.7	3.22007e-05	9.29538e-06
0	1.665	10.9	4.01561e-05	1.03681e-05
0	1.665	11.1	0	0
0	1.665	11.3	9.02177e-05	1.54715e-05
0	1.665	11.5	1.87802e-05	7.09818e-06
0	1.665	11.7	0	0
0	1.665	11.9	0	0
0	1.665	12.1	1.0613e-05	5.30649e-06
0	1.665	12.3	0	0
0	1.665	12.5	0	0
0	1.665	12.7	0	0
0	1.665	12.9	0	0
0	1.665	13.1	2.65547e-06	2.65547e-06
0	1.665	13.3	0	0
0	1.665	13.5	0	0
0	1.665	13.7	0	0
0	1.665	13.9	0	0
0	1.665	14.1	0	0
0	1.665	14.3	0	0
0	1.665	14.5	0	0
0	1.665	14.7	0	0
0	1.665	14.9	2.6271e-06	2.6271e-06
0	1.665	15.1	0	0
0	1.665	15.3	0	0
0	1.665	15.5	0	0
0	1.665	15.7	0	0
0	1.665	15.9	0	0
0	1.675	0.1	0	0
0	1.675	0.3	0	0
0	1.675	0.5	0	0
0	1.675	0.7	0.000116874	1.76184e-05
0	1.675	0.9	0.001306	5.90811e-05
0	1.675	1.1	0.00279996	8.65767e-05
0	1.675	1.3	0.00606185	0.000126677
0	1.675	1.5	0.0121667	0.000178722
0	1.675	1.7	0.0173013	0.000213472
0	1.675	1.9	0.0316242	0.000284871
0	1.675	2.1	0.0460859	0.000340449
0	1.675	2.3	0.070405	0.000419132
0	1.675	2.5	0.106477	0.000504268
0	1.675	2.7	0.143478	0.000570359
0	1.675	2.9	0.177283	0.000623615
0	1.675	3.1	0.203819	0.000656482
0	1.675	3.3	0.225385	0.000679402
0	1.675	3.5	0.237905	0.000693824
0	1.675	3.7	0.250585	0.00070922
0	1.675	3.9	0.25596	0.000714057
0	1.675	4.1	0.252237	0.000706342
0	1.675	4.3	0.246306	0.000701534
0	1.675	4.5	0.245311	0.000702503
0	1.675	4.7	0.230251	0.000689203
0	1.675	4.9	0.21027	0.000666208
0	1.675	5.1	0.184673	0.00063647
0	1.675	5.3	0.157934	0.000598857
0	1.675	5.5	0.133722	0.000556859
0	1.675	5.7	0.109583	0.000513119
0	1.675	5.9	0.0851152	0.000454265
0	1.675	6.1	0.0675891	0.000413584
0	1.675	6.3	0.0502944	0.00035978
0	1.675	6.5	0.0391277	0.000314668
0	1.675	6.7	0.0244002	0.000250886
0	1.675	6.9	0.0181185	0.000218476
0	1.675	7.1	0.0120371	0.000178594
0	1.675	7.3	0.00868014	0.000151691
0	1.675	7.5	0.00536134	0.000119412
0	1.675	7.7	0.00452582	0.00010939
0	1.675	7.9	0.00257998	8.32044e-05
0	1.675	8.1	0.00142983	6.14292e-05
0	1.675	8.3	0.000861963	4.78662e-05
0	1.675	8.5	0.00068174	4.26776e-05
0	1.675	8.7	0.000569476	3.89175e-05
0	1.675	8.9	0.000219692	2.42583e-05
0	1.675	9.1	0.000167854	2.11459e-05
0	1.675	9.3	0.000171123	2.13886e-05
0	1.675	9.5	7.44457e-05	1.40684e-05
0	1.675	9.7	7.78254e-05	1.44513e-05
0	1.675	9.9	0	0
0	1.675	10.1	3.95733e-05	1.02176e-05
0	1.675	10.3	0	0
0	1.675	10.5	5.62556e-05	1.22756e-05
0	1.675	10.7	0	0
0	1.675	10.9	7.96929e-06	4.60105e-06
0	1.675	11.1	0	0
0	1.675	11.3	0	0
0	1.675	11.5	0	0
0	1.675	11.7	0	0
0	1.675	11.9	0	0
0	1.675	12.1	0	0
0	1.675	12.3	0	0
0	1.675	12.5	0	0
0	1.675	12.7	0	0
0	1.675	12.9	0	0
0	1.675	13.1	0	0
0	1.675	13.3	0	0
0	1.675	13.5	0	0
0	1.675	13.7	0	0
0	1.675	13.9	0	0
0	1.675	14.1	0	0
0	1.675	14.3	0	0
0	1.675	14.5	0	0
0	1.675	14.7	0	0
0	1.675	14.9	0	0
0	1.675	15.1	0	0
0	1.675	15.3	0	0
0	1.675	15.5	0	0
0	1.675	15.7	0	0
0	1.675	15.9	0	0
0	1.685	0.1	0	0
0	1.685	0.3	0	0
0	1.685	0.5	0	0
0	1.685	0.7	0	0
0	1.685	0.9	2.11689e-05	7.48425e-06
0	1.685	1.1	0.00101267	5.20596e-05
0	1.685	1.3	0.00204289	7.34027e-05
0	1.685	1.5	0.00435439	0.000108017
0	1.685	1.7	0.00980065	0.000160374
0	1.685	1.9	0.0145929	0.000195991
0	1.685	2.1	0.0259815	0.000257931
0	1.685	2.3	0.0369118	0.000306282
0	1.685	2.5	0.0603836	0.000391137
0	1.685	2.7	0.0893148	0.00046497
0	1.685	2.9	0.120891	0.000534845
0	1.685	3.1	0.156337	0.000596735
0	1.685	3.3	0.188288	0.000639378
0	1.685	3.5	0.208572	0.000662994
0	1.685	3.7	0.224023	0.000684484
0	1.685	3.9	0.230002	0.000688421
0	1.685	4.1	0.241809	0.000699606
0	1.685	4.3	0.237174	0.000693819
0	1.685	4.5	0.226606	0.000682163
0	1.685	4.7	0.212409	0.000668966
0	1.685	4.9	0.192862	0.000647782
0	1.685	5.1	0.167894	0.000607863
0	1.685	5.3	0.141186	0.000570429
0	1.685	5.5	0.121922	0.000533953
0	1.685	5.7	0.0957525	0.000479984
0	1.685	5.9	0.0785775	0.000438648
0	1.685	6.1	0.0577888	0.00037997
0	1.685	6.3	0.0431714	0.000333134
0	1.685	6.5	0.0286811	0.00027282
0	1.685	6.7	0.0175464	0.000213096
0	1.685	6.9	0.0110441	0.000171296
0	1.685	7.1	0.0070445	0.000136827
0	1.685	7.3	0.00343963	9.56025e-05
0	1.685	7.5	0.00266552	8.44323e-05
0	1.685	7.7	0.00145983	6.23155e-05
0	1.685	7.9	0.0010532	5.2831e-05
0	1.685	8.1	0.000447183	3.44932e-05
0	1.685	8.3	0.000350692	3.04035e-05
0	1.685	8.5	0.000274321	2.70259e-05
0	1.685	8.7	0.000157767	2.05379e-05
0	1.685	8.9	5.6285e-05	1.22821e-05
0	1.685	9.1	6.41718e-05	1.30986e-05
0	1.685	9.3	1.88159e-05	7.11167e-06
0	1.685	9.5	0	0
0	1.685	9.7	0	0
0	1.685	9.9	0	0
0	1.685	10.1	0	0
0	1.685	10.3	0	0
0	1.685	10.5	0	0
0	1.685	10.7	0	0
0	1.685	10.9	0	0
0	1.685	11.1	0	0
0	1.685	11.3	0	0
0	1.685	11.5	0	0
0	1.685	11.7	0	0
0	1.685	11.9	0	0
0	1.685	12.1	0	0
0	1.685	12.3	0	0
0	1.685	12.5	0	0
0	1.685	12.7	0	0
0	1.685	12.9	0	0
0	1.685	13.1	0	0
0	1.685	13.3	0	0
0	1.685	13.5	0	0
0	1.685	13.7	0	0
0	1.685	13.9	0	0
0	1.685	14.1	0	0
0	1.685	14.3	0	0
0	1.685	14.5	0	0
0	1.685	14.7	0	0
0	1.685	14.9	0	0
0	1.685	15.1	0	0
0	1.685	15.3	0	0
0	1.685	15.5	0	0
0	1.685	15.7	0	0
0	1.685	15.9	0	0
0	1.695	0.1	0	0
0	1.695	0.3	0	0
0	1.695	0.5	0	0
0	1.695	0.7	0	0
0	1.695	0.9	0	0
0	1.695	1.1	0	0
0	1.695	1.3	0.000552765	3.83168e-05
0	1.695	1.5	0.00139223	6.05466e-05
0	1.695	1.7	0.00487484	0.000113615
0	1.695	1.9	0.00757499	0.000141329
0	1.695	2.1	0.0126397	0.00018231
0	1.695	2.3	0.0219581	0.000239431
0	1.695	2.5	0.033588	0.000293575
0	1.695	2.7	0.050717	0.000357773
0	1.695	2.9	0.0763672	0.000433461
0	1.695	3.1	0.107451	0.00050712
0	1.695	3.3	0.140339	0.000562254
0	1.695	3.5	0.168271	0.00061214
0	1.695	3.7	0.191902	0.000642238
0	1.695	3.9	0.200873	0.000653576
0	1.695	4.1	0.209182	0.000662278
0	1.695	4.3	0.217487	0.000672937
0	1.695	4.5	0.204284	0.0006589
0	1.695	4.7	0.19421	0.000647962
0	1.695	4.9	0.174273	0.000619548
0	1.695	5.1	0.155737	0.000590774
0	1.695	5.3	0.128041	0.000543397
0	1.695	5.5	0.106661	0.000504145
0	1.695	5.7	0.0833472	0.000452494
0	1.695	5.9	0.0631418	0.000395889
0	1.695	6.1	0.047812	0.000348463
0	1.695	6.3	0.0319618	0.000285539
0	1.695	6.5	0.0194174	0.000226494
0	1.695	6.7	0.0101272	0.000163472
0	1.695	6.9	0.00585083	0.00012503
0	1.695	7.1	0.00350782	9.71185e-05
0	1.695	7.3	0.00217668	7.55625e-05
0	1.695	7.5	0.0011538	5.56089e-05
0	1.695	7.7	0.0005252	3.75044e-05
0	1.695	7.9	0.000304533	2.83935e-05
0	1.695	8.1	0.000140218	1.94434e-05
0	1.695	8.3	2.40932e-05	8.03098e-06
0	1.695	8.5	9.6807e-05	1.61337e-05
0	1.695	8.7	0	0
0	1.695	8.9	0	0
0	1.695	9.1	0	0
0	1.695	9.3	0	0
0	1.695	9.5	0	0
0	1.695	9.7	0	0
0	1.695	9.9	0	0
0	1.695	10.1	0	0
0	1.695	10.3	0	0
0	1.695	10.5	0	0
0	1.695	10.7	0	0
0	1.695	10.9	0	0
0	1.695	11.1	0	0
0	1.695	11.3	0	0
0	1.695	11.5	0	0
0	1.695	11.7	0	0
0	1.695	11.9	0	0
0	1.695	12.1	0	0
0	1.695	12.3	0	0
0	1.695	12.5	0	0
0	1.695	12.7	0	0
0	1.695	12.9	0	0
0	1.695	13.1	0	0
0	1.695	13.3	0	0
0	1.695	13.5	0	0
0	1.695	13.7	0	0
0	1.695	13.9	0	0
0	1.695	14.1	0	0
0	1.695	14.3	0	0
0	1.695	14.5	0	0
0	1.695	14.7	0	0
0	1.695	14.9	0	0
0	1.695	15.1	0	0
0	1.695	15.3	0	0
0	1.695	15.5	0	0
0	1.695	15.7	0	0
0	1.695	15.9	0	0
0	1.705	0.1	0	0
0	1.705	0.3	0	0
0	1.705	0.5	0	0
0	1.705	0.7	0	0
0	1.705	0.9	0	0
0	1.705	1.1	0	0
0	1.705	1.3	5.38905e-05	1.205e-05
0	1.705	1.5	0.000293964	2.81525e-05
0	1.705	1.7	0.00158439	6.48479e-05
0	1.705	1.9	0.00383985	0.000101135
0	1.705	2.1	0.00594451	0.000125255
0	1.705	2.3	0.0112623	0.000172882
0	1.705	2.5	0.0198314	0.000226984
0	1.705	2.7	0.028295	0.000271525
0	1.705	2.9	0.0439213	0.000335249
0	1.705	3.1	0.0707085	0.000417682
0	1.705	3.3	0.0967028	0.000479666
0	1.705	3.5	0.130467	0.000545977
0	1.705	3.7	0.153761	0.000589452
0	1.705	3.9	0.176538	0.000621225
0	1.705	4.1	0.185345	0.000633576
0	1.705	4.3	0.19343	0.000648627
0	1.705	4.5	0.189737	0.000643528
0	1.705	4.7	0.174784	0.000621027
0	1.705	4.9	0.165741	0.000607215
0	1.705	5.1	0.137346	0.000565353
0	1.705	5.3	0.120963	0.000533854
0	1.705	5.5	0.0910045	0.000469383
0	1.705	5.7	0.0731195	0.000426694
0	1.705	5.9	0.052706	0.000365587
0	1.705	6.1	0.0376922	0.000310037
0	1.705	6.3	0.023523	0.000245676
0	1.705	6.5	0.0148602	0.000197609
0	1.705	6.7	0.00774952	0.000143669
0	1.705	6.9	0.00359985	9.77989e-05
0	1.705	7.1	0.00199192	7.25171e-05
0	1.705	7.3	0.000895981	4.89307e-05
0	1.705	7.5	0.000482161	3.60297e-05
0	1.705	7.7	0.000140536	1.93027e-05
0	1.705	7.9	1.61207e-05	6.5812e-06
0	1.705	8.1	7.95087e-05	1.45157e-05
0	1.705	8.3	5.3708e-05	1.20092e-05
0	1.705	8.5	0	0
0	1.705	8.7	0	0
0	1.705	8.9	0	0
0	1.705	9.1	0	0
0	1.705	9.3	0	0
0	1.705	9.5	0	0
0	1.705	9.7	0	0
0	1.705	9.9	0	0
0	1.705	10.1	0	0
0	1.705	10.3	0	0
0	1.705	10.5	0	0
0	1.705	10.7	0	0
0	1.705	10.9	0	0
0	1.705	11.1	0	0
0	1.705	11.3	0	0
0	1.705	11.5	0	0
0	1.705	11.7	0	0
0	1.705	11.9	0	0
0	1.705	12.1	0	0
0	1.705	12.3	0	0
0	1.705	12.5	0	0
0	1.705	12.7	0	0
0	1.705	12.9	0	0
0	1.705	13.1	0	0
0	1.705	13.3	0	0
0	1.705	13.5	0	0
0	1.705	13.7	0	0
0	1.705	13.9	0	0
0	1.705	14.1	0	0
0	1.705	14.3	0	0
0	1.705	14.5	0	0
0	1.705	14.7	0	0
0	1.705	14.9	0	0
0	1.705	15.1	0	0
0	1.705	15.3	0	0
0	1.705	15.5	0	0
0	1.705	15.7	0	0
0	1.705	15.9	0	0
0	1.715	0.1	0	0
0	1.715	0.3	0	0
0	1.715	0.5	0	0
0	1.715	0.7	0	0
0	1.715	0.9	0	0
0	1.715	1.1	0	0
0	1.715	1.3	0	0
0	1.715	1.5	2.69204e-06	2.69204e-06
0	1.715	1.7	0.000537055	3.78708e-05
0	1.715	1.9	0.00163113	6.60429e-05
0	1.715	2.1	0.00360264	9.82026e-05
0	1.715	2.3	0.006264	0.000129141
0	1.715	2.5	0.0110651	0.000170441
0	1.715	2.7	0.0172995	0.000213698
0	1.715	2.9	0.0261682	0.000260724
0	1.715	3.1	0.0379526	0.000310708
0	1.715	3.3	0.0608946	0.000390624
0	1.715	3.5	0.0901168	0.000468841
0	1.715	3.7	0.120673	0.000530765
0	1.715	3.9	0.143377	0.000573198
0	1.715	4.1	0.160548	0.000598213
0	1.715	4.3	0.17284	0.000616081
0	1.715	4.5	0.169044	0.000613512
0	1.715	4.7	0.161876	0.000598338
0	1.715	4.9	0.142426	0.000568071
0	1.715	5.1	0.12326	0.000540108
0	1.715	5.3	0.1043	0.000501673
0	1.715	5.5	0.0789396	0.000440673
0	1.715	5.7	0.0610781	0.00039072
0	1.715	5.9	0.042184	0.000329751
0	1.715	6.1	0.0274097	0.000267324
0	1.715	6.3	0.0177743	0.000216277
0	1.715	6.5	0.00864256	0.0001512
0	1.715	6.7	0.0041661	0.000105361
0	1.715	6.9	0.00233827	7.90912e-05
0	1.715	7.1	0.00101594	5.1886e-05
0	1.715	7.3	0.000734533	4.43585e-05
0	1.715	7.5	0.000412369	3.31154e-05
0	1.715	7.7	1.32323e-05	5.91763e-06
0	1.715	7.9	0	0
0	1.715	8.1	0	0
0	1.715	8.3	0	0
0	1.715	8.5	0	0
0	1.715	8.7	0	0
0	1.715	8.9	0	0
0	1.715	9.1	0	0
0	1.715	9.3	0	0
0	1.715	9.5	0	0
0	1.715	9.7	0	0
0	1.715	9.9	0	0
0	1.715	10.1	0	0
0	1.715	10.3	0	0
0	1.715	10.5	0	0
0	1.715	10.7	0	0
0	1.715	10.9	0	0
0	1.715	11.1	0	0
0	1.715	11.3	0	0
0	1.715	11.5	0	0
0	1.715	11.7	0	0
0	1.715	11.9	0	0
0	1.715	12.1	0	0
0	1.715	12.3	0	0
0	1.715	12.5	0	0
0	1.715	12.7	0	0
0	1.715	12.9	0	0
0	1.715	13.1	0	0
0	1.715	13.3	0	0
0	1.715	13.5	0	0
0	1.715	13.7	0	0
0	1.715	13.9	0	0
0	1.715	14.1	0	0
0	1.715	14.3	0	0
0	1.715	14.5	0	0
0	1.715	14.7	0	0
0	1.715	14.9	0	0
0	1.715	15.1	0	0
0	1.715	15.3	0	0
0	1.715	15.5	0	0
0	1.715	15.7	0	0
0	1.715	15.9	0	0
0	1.725	0.1	0	0
0	1.725	0.3	0	0
0	1.725	0.5	0	0
0	1.725	0.7	0	0
0	1.725	0.9	0	0
0	1.725	1.1	0	0
0	1.725	1.3	0	0
0	1.725	1.5	0	0
0	1.725	1.7	0	0
0	1.725	1.9	0.000591023	3.94777e-05
0	1.725	2.1	0.00147217	6.26137e-05
0	1.725	2.3	0.00407819	0.000104253
0	1.725	2.5	0.00622852	0.000127921
0	1.725	2.7	0.00992725	0.000161693
0	1.725	2.9	0.0152529	0.00020015
0	1.725	3.1	0.0236619	0.000248698
0	1.725	3.3	0.036991	0.00030892
0	1.725	3.5	0.0532489	0.00036675
0	1.725	3.7	0.0816876	0.000448157
0	1.725	3.9	0.105912	0.000502293
0	1.725	4.1	0.130176	0.000553878
0	1.725	4.3	0.142472	0.000568393
0	1.725	4.5	0.151947	0.000588986
0	1.725	4.7	0.147666	0.000578953
0	1.725	4.9	0.130871	0.00055202
0	1.725	5.1	0.114442	0.000520934
0	1.725	5.3	0.0911611	0.00047334
0	1.725	5.5	0.0745092	0.000429489
0	1.725	5.7	0.0520735	0.000365085
0	1.725	5.9	0.0357418	0.000306074
0	1.725	6.1	0.0228559	0.000244842
0	1.725	6.3	0.0143327	0.000193946
0	1.725	6.5	0.00716738	0.000137569
0	1.725	6.7	0.00284117	8.68556e-05
0	1.725	6.9	0.0018101	6.93004e-05
0	1.725	7.1	0.000962628	5.06402e-05
0	1.725	7.3	0.000561898	3.86718e-05
0	1.725	7.5	8.20138e-05	1.47295e-05
0	1.725	7.7	3.97747e-05	1.02696e-05
0	1.725	7.9	3.49679e-05	9.69817e-06
0	1.725	8.1	0	0
0	1.725	8.3	0	0
0	1.725	8.5	0	0
0	1.725	8.7	0	0
0	1.725	8.9	0	0
0	1.725	9.1	0	0
0	1.725	9.3	0	0
0	1.725	9.5	0	0
0	1.725	9.7	0	0
0	1.725	9.9	0	0
0	1.725	10.1	0	0
0	1.725	10.3	0	0
0	1.725	10.5	0	0
0	1.725	10.7	0	0
0	1.725	10.9	0	0
0	1.725	11.1	0	0
0	1.725	11.3	0	0
0	1.725	11.5	0	0
0	1.725	11.7	0	0
0	1.725	11.9	0	0
0	1.725	12.1	0	0
0	1.725	12.3	0	0
0	1.725	12.5	0	0
0	1.725	12.7	0	0
0	1.725	12.9	0	0
0	1.725	13.1	0	0
0	1.725	13.3	0	0
0	1.725	13.5	0	0
0	1.725	13.7	0	0
0	1.725	13.9	0	0
0	1.725	14.1	0	0
0	1.725	14.3	0	0
0	1.725	14.5	0	0
0	1.725	14.7	0	0
0	1.725	14.9	0	0
0	1.725	15.1	0	0
0	1.725	15.3	0	0
0	1.725	15.5	0	0
0	1.725	15.7	0	0
0	1.725	15.9	0	0
0	1.735	0.1	0	0
0	1.735	0.3	0	0
0	1.735	0.5	0	0
0	1.735	0.7	0	0
0	1.735	0.9	0	0
0	1.735	1.1	0	0
0	1.735	1.3	0	0
0	1.735	1.5	0	0
0	1.735	1.7	0	0
0	1.735	1.9	0	0
0	1.735	2.1	0.000290387	2.781e-05
0	1.735	2.3	0.00167179	6.6709e-05
0	1.735	2.5	0.00354111	9.68174e-05
0	1.735	2.7	0.00505116	0.000115135
0	1.735	2.9	0.00821903	0.000147992
0	1.735	3.1	0.0138418	0.000190582
0	1.735	3.3	0.0224739	0.00024185
0	1.735	3.5	0.0348889	0.000299942
0	1.735	3.7	0.0522766	0.000364959
0	1.735	3.9	0.0755127	0.000430797
0	1.735	4.1	0.0975661	0.000483151
0	1.735	4.3	0.116183	0.000523238
0	1.735	4.5	0.12761	0.000543614
0	1.735	4.7	0.129283	0.000547193
0	1.735	4.9	0.112318	0.000517181
0	1.735	5.1	0.102349	0.000496426
0	1.735	5.3	0.0808684	0.000446377
0	1.735	5.5	0.0619135	0.000392642
0	1.735	5.7	0.0430889	0.000332398
0	1.735	5.9	0.0319021	0.000287153
0	1.735	6.1	0.0177597	0.000215711
0	1.735	6.3	0.0120319	0.000177747
0	1.735	6.5	0.00538581	0.00011948
0	1.735	6.7	0.00248532	8.16151e-05
0	1.735	6.9	0.000848687	4.74229e-05
0	1.735	7.1	0.00041162	3.30553e-05
0	1.735	7.3	7.50051e-05	1.41741e-05
0	1.735	7.5	0.000114408	1.74461e-05
0	1.735	7.7	9.94151e-05	1.63429e-05
0	1.735	7.9	0	0
0	1.735	8.1	0	0
0	1.735	8.3	0	0
0	1.735	8.5	0	0
0	1.735	8.7	0	0
0	1.735	8.9	0	0
0	1.735	9.1	0	0
0	1.735	9.3	0	0
0	1.735	9.5	0	0
0	1.735	9.7	0	0
0	1.735	9.9	0	0
0	1.735	10.1	0	0
0	1.735	10.3	0	0
0	1.735	10.5	0	0
0	1.735	10.7	0	0
0	1.735	10.9	0	0
0	1.735	11.1	0	0
0	1.735	11.3	0	0
0	1.735	11.5	0	0
0	1.735	11.7	0	0
0	1.735	11.9	0	0
0	1.735	12.1	0	0
0	1.735	12.3	0	0
0	1.735	12.5	0	0
0	1.735	12.7	0	0
0	1.735	12.9	0	0
0	1.735	13.1	0	0
0	1.735	13.3	0	0
0	1.735	13.5	0	0
0	1.735	13.7	0	0
0	1.735	13.9	0	0
0	1.735	14.1	0	0
0	1.735	14.3	0	0
0	1.735	14.5	0	0
0	1.735	14.7	0	0
0	1.735	14.9	0	0
0	1.735	15.1	0	0
0	1.735	15.3	0	0
0	1.735	15.5	0	0
0	1.735	15.7	0	0
0	1.735	15.9	0	0
0	1.745	0.1	0	0
0	1.745	0.3	0	0
0	1.745	0.5	0	0
0	1.745	0.7	0	0
0	1.745	0.9	0	0
0	1.745	1.1	0	0
0	1.745	1.3	0	0
0	1.745	1.5	0	0
0	1.745	1.7	0	0
0	1.745	1.9	0	0
0	1.745	2.1	4.24214e-05	1.06051e-05
0	1.745	2.3	0.000690116	4.29499e-05
0	1.745	2.5	0.00117874	5.61609e-05
0	1.745	2.7	0.00333406	9.44088e-05
0	1.745	2.9	0.00468959	0.000112
0	1.745	3.1	0.00732511	0.000139553
0	1.745	3.3	0.0105993	0.000167138
0	1.745	3.5	0.018732	0.000221483
0	1.745	3.7	0.0295285	0.000277848
0	1.745	3.9	0.0445002	0.000337028
0	1.745	4.1	0.0677263	0.00040932
0	1.745	4.3	0.0888601	0.000464547
0	1.745	4.5	0.0994427	0.000489846
0	1.745	4.7	0.106277	0.000501758
0	1.745	4.9	0.100635	0.000491378
0	1.745	5.1	0.0875222	0.000460332
0	1.745	5.3	0.0712987	0.000417746
0	1.745	5.5	0.054323	0.000369726
0	1.745	5.7	0.0394331	0.000318059
0	1.745	5.9	0.0267515	0.000264508
0	1.745	6.1	0.0173257	0.000211908
0	1.745	6.3	0.0103273	0.000165729
0	1.745	6.5	0.00387172	0.0001012
0	1.745	6.7	0.00177907	6.84662e-05
0	1.745	6.9	0.000995393	5.14449e-05
0	1.745	7.1	0.000231371	2.49465e-05
0	1.745	7.3	0.000247699	2.56821e-05
0	1.745	7.5	0.000111681	1.72318e-05
0	1.745	7.7	0	0
0	1.745	7.9	0	0
0	1.745	8.1	0	0
0	1.745	8.3	0	0
0	1.745	8.5	0	0
0	1.745	8.7	0	0
0	1.745	8.9	0	0
0	1.745	9.1	0	0
0	1.745	9.3	0	0
0	1.745	9.5	0	0
0	1.745	9.7	0	0
0	1.745	9.9	0	0
0	1.745	10.1	0	0
0	1.745	10.3	0	0
0	1.745	10.5	0	0
0	1.745	10.7	0	0
0	1.745	10.9	0	0
0	1.745	11.1	0	0
0	1.745	11.3	0	0
0	1.745	11.5	0	0
0	1.745	11.7	0	0
0	1.745	11.9	0	0
0	1.745	12.1	0	0
0	1.745	12.3	0	0
0	1.745	12.5	0	0
0	1.745	12.7	0	0
0	1.745	12.9	0	0
0	1.745	13.1	0	0
0	1.745	13.3	0	0
0	1.745	13.5	0	0
0	1.745	13.7	0	0
0	1.745	13.9	0	0
0	1.745	14.1	0	0
0	1.745	14.3	0	0
0	1.745	14.5	0	0
0	1.745	14.7	0	0
0	1.745	14.9	0	0
0	1.745	15.1	0	0
0	1.745	15.3	0	0
0	1.745	15.5	0	0
0	1.745	15.7	0	0
0	1.745	15.9	0	0
0	1.755	0.1	0	0
0	1.755	0.3	0	0
0	1.755	0.5	0	0
0	1.755	0.7	0	0
0	1.755	0.9	0	0
0	1.755	1.1	0	0
0	1.755	1.3	0	0
0	1.755	1.5	0	0
0	1.755	1.7	0	0
0	1.755	1.9	0	0
0	1.755	2.1	0	0
0	1.755	2.3	0	0
0	1.755	2.5	0.000215147	2.39027e-05
0	1.755	2.7	0.000600127	3.99079e-05
0	1.755	2.9	0.00173709	6.79183e-05
0	1.755	3.1	0.00315923	9.15137e-05
0	1.755	3.3	0.00537844	0.000119584
0	1.755	3.5	0.0097478	0.00016047
0	1.755	3.7	0.0152808	0.000200024
0	1.755	3.9	0.0248771	0.000254216
0	1.755	4.1	0.041227	0.000323453
0	1.755	4.3	0.0596823	0.000386946
0	1.755	4.5	0.0767763	0.000432262
0	1.755	4.7	0.0842621	0.000453472
0	1.755	4.9	0.0830246	0.00045075
0	1.755	5.1	0.0710232	0.000420283
0	1.755	5.3	0.0586246	0.000381429
0	1.755	5.5	0.0439597	0.000336336
0	1.755	5.7	0.0332254	0.000294853
0	1.755	5.9	0.0212453	0.000236356
0	1.755	6.1	0.0142066	0.000191719
0	1.755	6.3	0.00801152	0.000145561
0	1.755	6.5	0.00330197	9.35017e-05
0	1.755	6.7	0.00181004	6.94002e-05
0	1.755	6.9	0.000555481	3.85979e-05
0	1.755	7.1	0.000343308	3.02214e-05
0	1.755	7.3	0.000210161	2.36424e-05
0	1.755	7.5	3.75685e-05	1.00404e-05
0	1.755	7.7	0	0
0	1.755	7.9	0	0
0	1.755	8.1	0	0
0	1.755	8.3	0	0
0	1.755	8.5	0	0
0	1.755	8.7	0	0
0	1.755	8.9	0	0
0	1.755	9.1	0	0
0	1.755	9.3	0	0
0	1.755	9.5	0	0
0	1.755	9.7	0	0
0	1.755	9.9	0	0
0	1.755	10.1	0	0
0	1.755	10.3	0	0
0	1.755	10.5	0	0
0	1.755	10.7	0	0
0	1.755	10.9	0	0
0	1.755	11.1	0	0
0	1.755	11.3	0	0
0	1.755	11.5	0	0
0	1.755	11.7	0	0
0	1.755	11.9	0	0
0	1.755	12.1	0	0
0	1.755	12.3	0	0
0	1.755	12.5	0	0
0	1.755	12.7	0	0
0	1.755	12.9	0	0
0	1.755	13.1	0	0
0	1.755	13.3	0	0
0	1.755	13.5	0	0
0	1.755	13.7	0	0
0	1.755	13.9	0	0
0	1.755	14.1	0	0
0	1.755	14.3	0	0
0	1.755	14.5	0	0
0	1.755	14.7	0	0
0	1.755	14.9	0	0
0	1.755	15.1	0	0
0	1.755	15.3	0	0
0	1.755	15.5	0	0
0	1.755	15.7	0	0
0	1.755	15.9	0	0
0	1.765	0.1	0	0
0	1.765	0.3	0	0
0	1.765	0.5	0	0
0	1.765	0.7	0	0
0	1.765	0.9	0	0
0	1.765	1.1	0	0
0	1.765	1.3	0	0
0	1.765	1.5	0	0
0	1.765	1.7	0	0
0	1.765	1.9	0	0
0	1.765	2.1	0	0
0	1.765	2.3	0	0
0	1.765	2.5	0	0
0	1.765	2.7	0	0
0	1.765	2.9	6.16298e-05	1.28503e-05
0	1.765	3.1	0.000243227	2.5494e-05
0	1.765	3.3	0.000725992	4.41664e-05
0	1.765	3.5	0.00182179	6.97476e-05
0	1.765	3.7	0.00522237	0.000118441
0	1.765	3.9	0.011064	0.000170897
0	1.765	4.1	0.0205344	0.000231792
0	1.765	4.3	0.0306558	0.000280211
0	1.765	4.5	0.0464526	0.000343386
0	1.765	4.7	0.0583767	0.00038056
0	1.765	4.9	0.0622952	0.000396309
0	1.765	5.1	0.0571494	0.000377377
0	1.765	5.3	0.0462007	0.000343524
0	1.765	5.5	0.0357806	0.000304438
0	1.765	5.7	0.0251567	0.000255293
0	1.765	5.9	0.0172892	0.000213374
0	1.765	6.1	0.0113919	0.000173398
0	1.765	6.3	0.00520839	0.000116686
0	1.765	6.5	0.00311199	9.09161e-05
0	1.765	6.7	0.00112493	5.47947e-05
0	1.765	6.9	0.000458792	3.48733e-05
0	1.765	7.1	0.000274075	2.70018e-05
0	1.765	7.3	5.94355e-05	1.26713e-05
0	1.765	7.5	0	0
0	1.765	7.7	0	0
0	1.765	7.9	0	0
0	1.765	8.1	0	0
0	1.765	8.3	0	0
0	1.765	8.5	0	0
0	1.765	8.7	0	0
0	1.765	8.9	0	0
0	1.765	9.1	0	0
0	1.765	9.3	0	0
0	1.765	9.5	0	0
0	1.765	9.7	0	0
0	1.765	9.9	0	0
0	1.765	10.1	0	0
0	1.765	10.3	0	0
0	1.765	10.5	0	0
0	1.765	10.7	0	0
0	1.765	10.9	0	0
0	1.765	11.1	0	0
0	1.765	11.3	0	0
0	1.765	11.5	0	0
0	1.765	11.7	0	0
0	1.765	11.9	0	0
0	1.765	12.1	0	0
0	1.765	12.3	0	0
0	1.765	12.5	0	0
0	1.765	12.7	0	0
0	1.765	12.9	0	0
0	1.765	13.1	0	0
0	1.765	13.3	0	0
0	1.765	13.5	0	0
0	1.765	13.7	0	0
0	1.765	13.9	0	0
0	1.765	14.1	0	0
0	1.765	14.3	0	0
0	1.765	14.5	0	0
0	1.765	14.7	0	0
0	1.765	14.9	0	0
0	1.765	15.1	0	0
0	1.765	15.3	0	0
0	1.765	15.5	0	0
0	1.765	15.7	0	0
0	1.765	15.9	0	0
0	1.775	0.1	0	0
0	1.775	0.3	0	0
0	1.775	0.5	0	0
0	1.775	0.7	0	0
0	1.775	0.9	0	0
0	1.775	1.1	0	0
0	1.775	1.3	0	0
0	1.775	1.5	0	0
0	1.775	1.7	0	0
0	1.775	1.9	0	0
0	1.775	2.1	0	0
0	1.775	2.3	0	0
0	1.775	2.5	0	0
0	1.775	2.7	0	0
0	1.775	2.9	0	0
0	1.775	3.1	0	0
0	1.775	3.3	0	0
0	1.775	3.5	0	0
0	1.775	3.7	0	0
0	1.775	3.9	0.000373715	3.16922e-05
0	1.775	4.1	0.00209965	7.48134e-05
0	1.775	4.3	0.00583126	0.000124584
0	1.775	4.5	0.014021	0.000192038
0	1.775	4.7	0.022787	0.000244155
0	1.775	4.9	0.0318162	0.000285581
0	1.775	5.1	0.0332004	0.000292721
0	1.775	5.3	0.0300505	0.000279839
0	1.775	5.5	0.0220526	0.000239001
0	1.775	5.7	0.0151195	0.000198673
0	1.775	5.9	0.0111633	0.000171351
0	1.775	6.1	0.00574473	0.000123509
0	1.775	6.3	0.00329488	9.37549e-05
0	1.775	6.5	0.00180939	6.91718e-05
0	1.775	6.7	0.000737034	4.43479e-05
0	1.775	6.9	0.000626315	4.09307e-05
0	1.775	7.1	0.000251772	2.5828e-05
0	1.775	7.3	5.059e-05	1.16059e-05
0	1.775	7.5	0.000153756	2.01876e-05
0	1.775	7.7	0	0
0	1.775	7.9	0	0
0	1.775	8.1	0	0
0	1.775	8.3	0	0
0	1.775	8.5	0	0
0	1.775	8.7	0	0
0	1.775	8.9	0	0
0	1.775	9.1	0	0
0	1.775	9.3	0	0
0	1.775	9.5	0	0
0	1.775	9.7	0	0
0	1.775	9.9	0	0
0	1.775	10.1	0	0
0	1.775	10.3	0	0
0	1.775	10.5	0	0
0	1.775	10.7	0	0
0	1.775	10.9	0	0
0	1.775	11.1	0	0
0	1.775	11.3	0	0
0	1.775	11.5	0	0
0	1.775	11.7	0	0
0	1.775	11.9	0	0
0	1.775	12.1	0	0
0	1.775	12.3	0	0
0	1.775	12.5	0	0
0	1.775	12.7	0	0
0	1.775	12.9	0	0
0	1.775	13.1	0	0
0	1.775	13.3	0	0
0	1.775	13.5	0	0
0	1.775	13.7	0	0
0	1.775	13.9	0	0
0	1.775	14.1	0	0
0	1.775	14.3	0	0
0	1.775	14.5	0	0
0	1.775	14.7	0	0
0	1.775	14.9	0	0
0	1.775	15.1	0	0
0	1.775	15.3	0	0
0	1.775	15.5	0	0
0	1.775	15.7	0	0
0	1.775	15.9	0	0
0	1.785	0.1	0	0
0	1.785	0.3	0	0
0	1.785	0.5	0	0
0	1.785	0.7	0	0
0	1.785	0.9	0	0
0	1.785	1.1	0	0
0	1.785	1.3	0	0
0	1.785	1.5	0	0
0	1.785	1.7	0	0
0	1.785	1.9	0	0
0	1.785	2.1	0	0
0	1.785	2.3	0	0
0	1.785	2.5	0	0
0	1.785	2.7	0	0
0	1.785	2.9	0	0
0	1.785	3.1	0	0
0	1.785	3.3	0	0
0	1.785	3.5	0	0
0	1.785	3.7	0	0
0	1.785	3.9	0	0
0	1.785	4.1	0	0
0	1.785	4.3	0	0
0	1.785	4.5	1.34919e-05	6.03373e-06
0	1.785	4.7	0.000460934	3.50361e-05
0	1.785	4.9	0.00268559	8.44746e-05
0	1.785	5.1	0.00617986	0.000128656
0	1.785	5.3	0.00746519	0.000139928
0	1.785	5.5	0.00698359	0.000136114
0	1.785	5.7	0.00547777	0.000121215
0	1.785	5.9	0.00429292	0.000106102
0	1.785	6.1	0.00245128	8.0153e-05
0	1.785	6.3	0.00134552	5.99534e-05
0	1.785	6.5	0.00072941	4.41298e-05
0	1.785	6.7	0.000299404	2.82867e-05
0	1.785	6.9	0.000183576	2.20979e-05
0	1.785	7.1	3.98972e-05	1.03012e-05
0	1.785	7.3	8.00942e-05	1.46225e-05
0	1.785	7.5	2.646e-05	8.36727e-06
0	1.785	7.7	0	0
0	1.785	7.9	0	0
0	1.785	8.1	0	0
0	1.785	8.3	0	0
0	1.785	8.5	0	0
0	1.785	8.7	0	0
0	1.785	8.9	0	0
0	1.785	9.1	0	0
0	1.785	9.3	0	0
0	1.785	9.5	0	0
0	1.785	9.7	0	0
0	1.785	9.9	0	0
0	1.785	10.1	0	0
0	1.785	10.3	0	0
0	1.785	10.5	0	0
0	1.785	10.7	0	0
0	1.785	10.9	0	0
0	1.785	11.1	0	0
0	1.785	11.3	0	0
0	1.785	11.5	0	0
0	1.785	11.7	0	0
0	1.785	11.9	0	0
0	1.785	12.1	0	0
0	1.785	12.3	0	0
0	1.785	12.5	0	0
0	1.785	12.7	0	0
0	1.785	12.9	0	0
0	1.785	13.1	0	0
0	1.785	13.3	0	0
0	1.785	13.5	0	0
0	1.785	13.7	0	0
0	1.785	13.9	0	0
0	1.785	14.1	0	0
0	1.785	14.3	0	0
0	1.785	14.5	0	0
0	1.785	14.7	0	0
0	1.785	14.9	0	0
0	1.785	15.1	0	0
0	1.785	15.3	0	0
0	1.785	15.5	0	0
0	1.785	15.7	0	0
0	1.785	15.9	0	0
0	1.795	0.1	0	0
0	1.795	0.3	0	0
0	1.795	0.5	0	0
0	1.795	0.7	0	0
0	1.795	0.9	0	0
0	1.795	1.1	0	0
0	1.795	1.3	0	0
0	1.795	1.5	0	0
0	1.795	1.7	0	0
0	1.795	1.9	0	0
0	1.795	2.1	0	0
0	1.795	2.3	0	0
0	1.795	2.5	0	0
0	1.795	2.7	0	0
0	1.795	2.9	0	0
0	1.795	3.1	0	0
0	1.795	3.3	0	0
0	1.795	3.5	0	0
0	1.795	3.7	0	0
0	1.795	3.9	0	0
0	1.795	4.1	0	0
0	1.795	4.3	0	0
0	1.795	4.5	0	0
0	1.795	4.7	0	0
0	1.795	4.9	0	0
0	1.795	5.1	0	0
0	1.795	5.3	2.92266e-05	8.81203e-06
0	1.795	5.5	0.00013051	1.86431e-05
0	1.795	5.7	0.000280507	2.73709e-05
0	1.795	5.9	0.0002953	2.82804e-05
0	1.795	6.1	0.000448309	3.44776e-05
0	1.795	6.3	0.000134844	1.88807e-05
0	1.795	6.5	0.000222158	2.42367e-05
0	1.795	6.7	0.000125518	1.83075e-05
0	1.795	6.9	3.20915e-05	9.26386e-06
0	1.795	7.1	4.52395e-05	1.09719e-05
0	1.795	7.3	0	0
0	1.795	7.5	0	0
0	1.795	7.7	0	0
0	1.795	7.9	0	0
0	1.795	8.1	0	0
0	1.795	8.3	0	0
0	1.795	8.5	0	0
0	1.795	8.7	0	0
0	1.795	8.9	0	0
0	1.795	9.1	0	0
0	1.795	9.3	0	0
0	1.795	9.5	0	0
0	1.795	9.7	0	0
0	1.795	9.9	0	0
0	1.795	10.1	0	0
0	1.795	10.3	0	0
0	1.795	10.5	0	0
0	1.795	10.7	0	0
0	1.795	10.9	0	0
0	1.795	11.1	0	0
0	1.795	11.3	0	0
0	1.795	11.5	0	0
0	1.795	11.7	0	0
0	1.795	11.9	0	0
0	1.795	12.1	0	0
0	1.795	12.3	0	0
0	1.795	12.5	0	0
0	1.795	12.7	0	0
0	1.795	12.9	0	0
0	1.795	13.1	0	0
0	1.795	13.3	0	0
0	1.795	13.5	0	0
0	1.795	13.7	0	0
0	1.795	13.9	0	0
0	1.795	14.1	0	0
0	1.795	14.3	0	0
0	1.795	14.5	0	0
0	1.795	14.7	0	0
0	1.795	14.9	0	0
0	1.795	15.1	0	0
0	1.795	15.3	0	0
0	1.795	15.5	0	0
0	1.795	15.7	0	0
0	1.795	15.9	0	0
########################################################
##   Scatterd Kaon Absorption factor tag=1
########################################################
1	1.105	0	0
1	1.115	0.602583	0.0519323
1	1.125	0.684694	0.0149682
1	1.135	0.843926	0.010362
1	1.145	0.881605	0.00822871
1	1.155	0.914318	0.00723287
1	1.165	0.92673	0.00689316
1	1.175	0.930051	0.00667704
1	1.185	0.927791	0.0064891
1	1.195	0.931829	0.00637322
1	1.205	0.93196	0.00625319
1	1.215	0.936195	0.00614724
1	1.225	0.931329	0.00600828
1	1.235	0.935822	0.00591791
1	1.245	0.938332	0.00584154
1	1.255	0.939771	0.00575042
1	1.265	0.942137	0.00566884
1	1.275	0.941107	0.00558492
1	1.285	0.944871	0.00553329
1	1.295	0.94385	0.00546537
1	1.305	0.94903	0.00543094
1	1.315	0.947219	0.00537728
1	1.325	0.948615	0.00533407
1	1.335	0.951153	0.0053094
1	1.345	0.948189	0.00525532
1	1.355	0.948379	0.00522973
1	1.365	0.953428	0.00522426
1	1.375	0.951227	0.0051975
1	1.385	0.950642	0.0051726
1	1.395	0.954933	0.00519417
1	1.405	0.947817	0.00515297
1	1.415	0.953554	0.00519714
1	1.425	0.955682	0.00524188
1	1.435	0.955151	0.00530412
1	1.445	0.95248	0.00538012
1	1.455	0.954008	0.00551108
1	1.465	0.955197	0.0056656
1	1.475	0.962141	0.005889
1	1.485	0.960786	0.00608944
1	1.495	0.958825	0.00631401
1	1.505	0.964407	0.00663057
1	1.515	0.968389	0.00695885
1	1.525	0.964207	0.00725684
1	1.535	0.965337	0.00763892
1	1.545	0.967522	0.00804483
1	1.555	0.966682	0.00842769
1	1.565	0.964212	0.00882685
1	1.575	0.958792	0.00920112
1	1.585	0.960805	0.00964892
1	1.595	0.959294	0.0100506
1	1.605	0.960941	0.0105062
1	1.615	0.966458	0.0110201
1	1.625	0.964126	0.0114275
1	1.635	0.964435	0.0118966
1	1.645	0.968011	0.0124002
1	1.655	0.972525	0.0129324
1	1.665	0.984037	0.0137919
1	1.675	0.991635	0.0149409
1	1.685	0.993594	0.0162389
1	1.695	0.993363	0.0175515
1	1.705	1	0.019212
1	1.715	0.999782	0.0209137
1	1.725	0.99274	0.0227019
1	1.735	0.997872	0.0250657
1	1.745	1	0.0281177
1	1.755	1	0.0308605
1	1.765	1	0.0350308
1	1.775	1	0.04021
1	1.785	1	0.0468292
1	1.795	1	0.
########################################################
##   AC1 Veto factor tag=2
########################################################
2 	1.105	0.9875	0.0011155
2 	1.115	0.9875	0.0011155
2 	1.125	0.9875	0.0011155
2 	1.135	0.9875	0.0011155
2 	1.145	0.9875	0.0011155
2 	1.155	0.9875	0.0011155
2 	1.165	0.9875	0.0011155
2 	1.175	0.9875	0.0011155
2 	1.185	0.9875	0.0011155
2 	1.195	0.9875	0.0011155
2 	1.205	0.9875	0.0011155
2 	1.215	0.9875	0.0011155
2 	1.225	0.9875	0.0011155
2 	1.235	0.9875	0.0011155
2 	1.245	0.9875	0.0011155
2 	1.255	0.9875	0.0011155
2 	1.265	0.9875	0.0011155
2 	1.275	0.9875	0.0011155
2 	1.285	0.9875	0.0011155
2 	1.295	0.9875	0.0011155
2 	1.305	0.9875	0.0011155
2 	1.315	0.9875	0.0011155
2 	1.325	0.9875	0.0011155
2 	1.335	0.9875	0.0011155
2 	1.345	0.9875	0.0011155
2 	1.355	0.9875	0.0011155
2 	1.365	0.9875	0.0011155
2 	1.375	0.9875	0.0011155
2 	1.385	0.9875	0.0011155
2 	1.395	0.9875	0.0011155
2 	1.405	0.988049	0.000689324
2 	1.415	0.988049	0.000689324
2 	1.425	0.987124	0.000755155
2 	1.435	0.987124	0.000755155
2 	1.445	0.983864	0.00117357
2 	1.455	0.983864	0.00117357
2 	1.465	0.974505	0.00225105
2 	1.475	0.974505	0.00225105
2 	1.485	0.96569	0.000785151
2 	1.495	0.96569	0.000785151
2 	1.505	0.958161	0.000587834
2 	1.515	0.958161	0.000587834
2 	1.525	0.934932	0.00085325
2 	1.535	0.934932	0.00085325
2 	1.545	0.903224	0.00146119
2 	1.555	0.903224	0.00146119
2 	1.565	0.858935	0.0035016
2 	1.575	0.858935	0.0035016
2 	1.585	0.858935	0.0035016
2 	1.595	0.858935	0.0035016
2 	1.605	0.858935	0.0035016
2 	1.615	0.858935	0.0035016
2 	1.625	0.858935	0.0035016
2 	1.635	0.858935	0.0035016
2 	1.645	0.858935	0.0035016
2 	1.655	0.858935	0.0035016
2 	1.665	0.858935	0.0035016
2 	1.675	0.858935	0.0035016
2 	1.685	0.858935	0.0035016
2 	1.695	0.858935	0.0035016
2 	1.705	0.858935	0.0035016
2 	1.715	0.858935	0.0035016
2 	1.725	0.858935	0.0035016
2 	1.735	0.858935	0.0035016
2 	1.745	0.858935	0.0035016
2 	1.755	0.858935	0.0035016
2 	1.765	0.858935	0.0035016
2 	1.775	0.858935	0.0035016
2 	1.785	0.858935	0.0035016
2 	1.795	0.858935	0.0035016
########################################################
##   WC Efficiency tag=3
########################################################
3 	-682.5	0.926316	0.956419	0.673509
3 	-647.5	0.943581	0.948247	0.919533
3 	-612.5	0.941756	0.950176	0.939292
3 	-577.5	0.940449	0.942125	0.91856
3 	-542.5	0.914194	0.929475	0.913274
3 	-507.5	0.939635	0.956226	0.918812
3 	-472.5	0.958984	0.961485	0.954002
3 	-437.5	0.961313	0.962775	0.955464
3 	-402.5	0.955538	0.961687	0.952621
3 	-367.5	0.958155	0.959527	0.954386
3 	-332.5	0.939462	0.958903	0.912459
3 	-297.5	0.904238	0.922339	0.903381
3 	-262.5	0.954393	0.959063	0.934429
3 	-227.5	0.959184	0.960198	0.958673
3 	-192.5	0.960751	0.961319	0.959835
3 	-157.5	0.959196	0.960696	0.958042
3 	-122.5	0.960566	0.962968	0.94945
3 	-87.5	0.905762	0.939681	0.883752
3 	-52.5	0.896614	0.916399	0.880115
3 	-17.5	0.952924	0.954251	0.94881
3 	17.5	0.954959	0.955753	0.954056
3 	52.5	0.9481	0.948734	0.9466
3 	87.5	0.950742	0.951737	0.950092
3 	122.5	0.950895	0.951657	0.949736
3 	157.5	0.911352	0.935352	0.882434
3 	192.5	0.879772	0.897551	0.8733
3 	227.5	0.950314	0.952402	0.941278
3 	262.5	0.950829	0.952812	0.949622
3 	297.5	0.949528	0.950554	0.948054
3 	332.5	0.947965	0.949405	0.947069
3 	367.5	0.944064	0.946906	0.927693
3 	402.5	0.877189	0.900711	0.87204
3 	437.5	0.913959	0.944419	0.882006
3 	472.5	0.948155	0.949102	0.944122
3 	507.5	0.945894	0.949609	0.942501
3 	542.5	0.943415	0.946184	0.941208
3 	577.5	0.94072	0.943982	0.921606
3 	612.5	0.919872	0.94019	0.823682
3 	647.5	0.812678	0.916479	0.781874
3 	682.5	0.806485	0.81552	0.254691
########################################################
##   S2S Efficiency tag=4
########################################################
4 	0.1	0.285091	0.00525104
4 	0.3	0.323708	0.00301737
4 	0.5	0.37878	0.00258959
4 	0.7	0.451792	0.0026458
4 	0.9	0.534759	0.00281757
4 	1.1	0.607808	0.00296321
4 	1.3	0.659453	0.00303389
4 	1.5	0.69796	0.00304964
4 	1.7	0.728989	0.00304176
4 	1.9	0.751812	0.00301965
4 	2.1	0.767365	0.00298631
4 	2.3	0.779185	0.00295
4 	2.5	0.785575	0.00289208
4 	2.7	0.786113	0.00283109
4 	2.9	0.785872	0.0027837
4 	3.1	0.783195	0.00272942
4 	3.3	0.778778	0.00268675
4 	3.5	0.77172	0.00264172
4 	3.7	0.762996	0.00259505
4 	3.9	0.755033	0.0025642
4 	4.1	0.747207	0.00254138
4 	4.3	0.738526	0.0025297
4 	4.5	0.729497	0.00252976
4 	4.7	0.72298	0.00253977
4 	4.9	0.719526	0.00255882
4 	5.1	0.717251	0.00258745
4 	5.3	0.713187	0.00262036
4 	5.5	0.711896	0.00267056
4 	5.7	0.710826	0.0027213
4 	5.9	0.70952	0.00277073
4 	6.1	0.709483	0.00283539
4 	6.3	0.708703	0.00290628
4 	6.5	0.709764	0.00299154
4 	6.7	0.71037	0.00308021
4 	6.9	0.709309	0.00316863
4 	7.1	0.707189	0.00326106
4 	7.3	0.70839	0.00336812
4 	7.5	0.710054	0.00347343
4 	7.7	0.710037	0.00357527
4 	7.9	0.709459	0.00367214
4 	8.1	0.70528	0.00376106
4 	8.3	0.701105	0.0038495
4 	8.5	0.696801	0.00392252
4 	8.7	0.69407	0.00400643
4 	8.9	0.69226	0.00409117
4 	9.1	0.685902	0.00415516
4 	9.3	0.680985	0.00422694
4 	9.5	0.67534	0.00429355
4 	9.7	0.667005	0.00433948
4 	9.9	0.66092	0.0043966
4 	10.1	0.648573	0.00444228
4 	10.3	0.638234	0.00448839
4 	10.5	0.631286	0.00454134
4 	10.7	0.625586	0.00460502
4 	10.9	0.619522	0.00465422
4 	11.1	0.610063	0.0046909
4 	11.3	0.601622	0.00475902
4 	11.5	0.596854	0.00483269
4 	11.7	0.584289	0.00482609
4 	11.9	0.566542	0.00483811
4 	12.1	0.552371	0.00485652
4 	12.3	0.528002	0.00477821
4 	12.5	0.508871	0.0047688
4 	12.7	0.488491	0.00473969
4 	12.9	0.465169	0.00467001
4 	13.1	0.454884	0.004709
4 	13.3	0.448046	0.00474994
4 	13.5	0.443357	0.00478139
4 	13.7	0.440277	0.00487201
4 	13.9	0.43613	0.00499558
4 	14.1	0.434959	0.00510452
4 	14.3	0.436262	0.00520085
4 	14.5	0.435774	0.00528352
4 	14.7	0.437666	0.00540716
4 	14.9	0.440258	0.00559179
4 	15.1	0.441854	0.00578999
4 	15.3	0.44199	0.00593959
4 	15.5	0.438914	0.00606011
4 	15.7	0.441352	0.00623076
4 	15.9	0.439758	0.00638528
########################################################
##   Vtz Cut Efficiency tag=5
########################################################
5 	0.1	0.336022	0.00273189
5 	0.3	0.336022	0.00273189
5 	0.5	0.336022	0.00273189
5 	0.7	0.336022	0.00273189
5 	0.9	0.336022	0.00273189
5 	1.1	0.581054	0.00472402
5 	1.3	0.581054	0.00472402
5 	1.5	0.581054	0.00472402
5 	1.7	0.581054	0.00472402
5 	1.9	0.581054	0.00472402
5 	2.1	0.768852	0.00625084
5 	2.3	0.768852	0.00625084
5 	2.5	0.768852	0.00625084
5 	2.7	0.768852	0.00625084
5 	2.9	0.768852	0.00625084
5 	3.1	0.846383	0.00688117
5 	3.3	0.846383	0.00688117
5 	3.5	0.846383	0.00688117
5 	3.7	0.846383	0.00688117
5 	3.9	0.846383	0.00688117
5 	4.1	0.887861	0.00721839
5 	4.3	0.887861	0.00721839
5 	4.5	0.887861	0.00721839
5 	4.7	0.887861	0.00721839
5 	4.9	0.887861	0.00721839
5 	5.1	0.912852	0.00742157
5 	5.3	0.912852	0.00742157
5 	5.5	0.912852	0.00742157
5 	5.7	0.912852	0.00742157
5 	5.9	0.912852	0.00742157
5 	6.1	0.927781	0.00754294
5 	6.3	0.927781	0.00754294
5 	6.5	0.927781	0.00754294
5 	6.7	0.927781	0.00754294
5 	6.9	0.927781	0.00754294
5 	7.1	0.935659	0.00760699
5 	7.3	0.935659	0.00760699
5 	7.5	0.935659	0.00760699
5 	7.7	0.935659	0.00760699
5 	7.9	0.935659	0.00760699
5 	8.1	0.942381	0.00766164
5 	8.3	0.942381	0.00766164
5 	8.5	0.942381	0.00766164
5 	8.7	0.942381	0.00766164
5 	8.9	0.942381	0.00766164
5 	9.1	0.946543	0.00769548
5 	9.3	0.946543	0.00769548
5 	9.5	0.946543	0.00769548
5 	9.7	0.946543	0.00769548
5 	9.9	0.946543	0.00769548
5 	10.1	0.948654	0.00771264
5 	10.3	0.948654	0.00771264
5 	10.5	0.948654	0.00771264
5 	10.7	0.948654	0.00771264
5 	10.9	0.948654	0.00771264
5 	11.1	0.949598	0.00772031
5 	11.3	0.949598	0.00772031
5 	11.5	0.949598	0.00772031
5 	11.7	0.949598	0.00772031
5 	11.9	0.949598	0.00772031
5 	12.1	0.949828	0.00772219
5 	12.3	0.949828	0.00772219
5 	12.5	0.949828	0.00772219
5 	12.7	0.949828	0.00772219
5 	12.9	0.949828	0.00772219
5 	13.1	0.948991	0.00771538
5 	13.3	0.948991	0.00771538
5 	13.5	0.948991	0.00771538
5 	13.7	0.948991	0.00771538
5 	13.9	0.948991	0.00771538
5 	14.1	0.925604	0.00752524
5 	14.3	0.925604	0.00752524
5 	14.5	0.925604	0.00752524
5 	14.7	0.925604	0.00752524
5 	14.9	0.925604	0.00752524
5 	15.1	0.264698	0.00215202
5 	15.3	0.264698	0.00215202
5 	15.5	0.264698	0.00215202
5 	15.7	0.264698	0.00215202
5 	15.9	0.264698	0.00215202


