########################################################
##   S-2S Acceptance tag=0
########################################################
0	1.105	0.1	0	0
0	1.105	0.3	0	0
0	1.105	0.5	0	0
0	1.105	0.7	0	0
0	1.105	0.9	0	0
0	1.105	1.1	0	0
0	1.105	1.3	0	0
0	1.105	1.5	0	0
0	1.105	1.7	0	0
0	1.105	1.9	0	0
0	1.105	2.1	0	0
0	1.105	2.3	0	0
0	1.105	2.5	0	0
0	1.105	2.7	0	0
0	1.105	2.9	0	0
0	1.105	3.1	0	0
0	1.105	3.3	0	0
0	1.105	3.5	0	0
0	1.105	3.7	0	0
0	1.105	3.9	0	0
0	1.105	4.1	0	0
0	1.105	4.3	0	0
0	1.105	4.5	0	0
0	1.105	4.7	0	0
0	1.105	4.9	0	0
0	1.105	5.1	0	0
0	1.105	5.3	0	0
0	1.105	5.5	0	0
0	1.105	5.7	0	0
0	1.105	5.9	0	0
0	1.105	6.1	0	0
0	1.105	6.3	0	0
0	1.105	6.5	0	0
0	1.105	6.7	0	0
0	1.105	6.9	0	0
0	1.105	7.1	0	0
0	1.105	7.3	0	0
0	1.105	7.5	0	0
0	1.105	7.7	0	0
0	1.105	7.9	0	0
0	1.105	8.1	0	0
0	1.105	8.3	0	0
0	1.105	8.5	0	0
0	1.105	8.7	0	0
0	1.105	8.9	0	0
0	1.105	9.1	0	0
0	1.105	9.3	0	0
0	1.105	9.5	0	0
0	1.105	9.7	0	0
0	1.105	9.9	0	0
0	1.105	10.1	0	0
0	1.105	10.3	0	0
0	1.105	10.5	0	0
0	1.105	10.7	0	0
0	1.105	10.9	0	0
0	1.105	11.1	0	0
0	1.105	11.3	0	0
0	1.105	11.5	0	0
0	1.105	11.7	0	0
0	1.105	11.9	0	0
0	1.105	12.1	0	0
0	1.105	12.3	0	0
0	1.105	12.5	0	0
0	1.105	12.7	0	0
0	1.105	12.9	0	0
0	1.105	13.1	0	0
0	1.105	13.3	0	0
0	1.105	13.5	0	0
0	1.105	13.7	0	0
0	1.105	13.9	0	0
0	1.105	14.1	0	0
0	1.105	14.3	0	0
0	1.105	14.5	0	0
0	1.105	14.7	0	0
0	1.105	14.9	0	0
0	1.105	15.1	0	0
0	1.105	15.3	0	0
0	1.105	15.5	0	0
0	1.105	15.7	0	0
0	1.105	15.9	0	0
0	1.115	0.1	0	0
0	1.115	0.3	0	0
0	1.115	0.5	0	0
0	1.115	0.7	0	0
0	1.115	0.9	0	0
0	1.115	1.1	0	0
0	1.115	1.3	0	0
0	1.115	1.5	0	0
0	1.115	1.7	0	0
0	1.115	1.9	0	0
0	1.115	2.1	0	0
0	1.115	2.3	0	0
0	1.115	2.5	0	0
0	1.115	2.7	0	0
0	1.115	2.9	0	0
0	1.115	3.1	0	0
0	1.115	3.3	8.45176e-05	1.40857e-05
0	1.115	3.5	6.57824e-05	1.24313e-05
0	1.115	3.7	0	0
0	1.115	3.9	1.87014e-05	6.61187e-06
0	1.115	4.1	8.59303e-05	1.43211e-05
0	1.115	4.3	4.90912e-05	1.07123e-05
0	1.115	4.5	0	0
0	1.115	4.7	0	0
0	1.115	4.9	0	0
0	1.115	5.1	4.94206e-05	1.07842e-05
0	1.115	5.3	2.35661e-06	2.35661e-06
0	1.115	5.5	3.49524e-05	9.02451e-06
0	1.115	5.7	0	0
0	1.115	5.9	0	0
0	1.115	6.1	0	0
0	1.115	6.3	0	0
0	1.115	6.5	0	0
0	1.115	6.7	0	0
0	1.115	6.9	1.88273e-05	6.65638e-06
0	1.115	7.1	0	0
0	1.115	7.3	0	0
0	1.115	7.5	0	0
0	1.115	7.7	0	0
0	1.115	7.9	0	0
0	1.115	8.1	0	0
0	1.115	8.3	0	0
0	1.115	8.5	0	0
0	1.115	8.7	0	0
0	1.115	8.9	0	0
0	1.115	9.1	0	0
0	1.115	9.3	0	0
0	1.115	9.5	0	0
0	1.115	9.7	0	0
0	1.115	9.9	0	0
0	1.115	10.1	0	0
0	1.115	10.3	0	0
0	1.115	10.5	0	0
0	1.115	10.7	0	0
0	1.115	10.9	0	0
0	1.115	11.1	0	0
0	1.115	11.3	0	0
0	1.115	11.5	0	0
0	1.115	11.7	0	0
0	1.115	11.9	0	0
0	1.115	12.1	0	0
0	1.115	12.3	0	0
0	1.115	12.5	0	0
0	1.115	12.7	2.83078e-05	8.17163e-06
0	1.115	12.9	4.47495e-05	1.0266e-05
0	1.115	13.1	0	0
0	1.115	13.3	0	0
0	1.115	13.5	0	0
0	1.115	13.7	0	0
0	1.115	13.9	0	0
0	1.115	14.1	0	0
0	1.115	14.3	0	0
0	1.115	14.5	0	0
0	1.115	14.7	0	0
0	1.115	14.9	0	0
0	1.115	15.1	0	0
0	1.115	15.3	3.0934e-05	8.57941e-06
0	1.115	15.5	0	0
0	1.115	15.7	0	0
0	1.115	15.9	0	0
0	1.125	0.1	0	0
0	1.125	0.3	0	0
0	1.125	0.5	0	0
0	1.125	0.7	0.00032454	2.75226e-05
0	1.125	0.9	0.00106479	5.01681e-05
0	1.125	1.1	0.00307947	8.52776e-05
0	1.125	1.3	0.00457556	0.000103591
0	1.125	1.5	0.00576806	0.000116267
0	1.125	1.7	0.00592284	0.00011839
0	1.125	1.9	0.00591729	0.000117854
0	1.125	2.1	0.00623377	0.000120604
0	1.125	2.3	0.0063378	0.000121787
0	1.125	2.5	0.00610876	0.000120413
0	1.125	2.7	0.00575805	0.000116185
0	1.125	2.9	0.00546451	0.000113459
0	1.125	3.1	0.00430434	0.000100129
0	1.125	3.3	0.00473377	0.000105415
0	1.125	3.5	0.00437361	0.000101434
0	1.125	3.7	0.00369123	9.25744e-05
0	1.125	3.9	0.00363962	9.30313e-05
0	1.125	4.1	0.00365022	9.25164e-05
0	1.125	4.3	0.00282983	8.12366e-05
0	1.125	4.5	0.00280225	8.08817e-05
0	1.125	4.7	0.00149624	5.92389e-05
0	1.125	4.9	0.00189107	6.65059e-05
0	1.125	5.1	0.0013495	5.61913e-05
0	1.125	5.3	0.00101818	4.87934e-05
0	1.125	5.5	0.00191537	6.7318e-05
0	1.125	5.7	0.00156265	6.04135e-05
0	1.125	5.9	0.00115823	5.19761e-05
0	1.125	6.1	0.000953441	4.72378e-05
0	1.125	6.3	0.000853319	4.48924e-05
0	1.125	6.5	0.000723781	4.12263e-05
0	1.125	6.7	0.000921648	4.65883e-05
0	1.125	6.9	0.000650384	3.91358e-05
0	1.125	7.1	0.000688351	4.02e-05
0	1.125	7.3	0.000686816	4.03871e-05
0	1.125	7.5	0.000537088	3.54823e-05
0	1.125	7.7	0.000590771	3.72041e-05
0	1.125	7.9	0.000545702	3.58948e-05
0	1.125	8.1	0.000600092	3.73489e-05
0	1.125	8.3	0.00037198	2.94021e-05
0	1.125	8.5	0.000442741	3.21976e-05
0	1.125	8.7	0.000463102	3.2987e-05
0	1.125	8.9	0.000276411	2.54422e-05
0	1.125	9.1	0.000169774	2.00063e-05
0	1.125	9.3	0.000229066	2.31365e-05
0	1.125	9.5	0.000154392	1.91485e-05
0	1.125	9.7	0.00025779	2.46887e-05
0	1.125	9.9	0.000153589	1.89041e-05
0	1.125	10.1	0.000221609	2.27341e-05
0	1.125	10.3	0.00015193	1.88432e-05
0	1.125	10.5	5.61511e-05	1.14615e-05
0	1.125	10.7	0.000285654	2.58582e-05
0	1.125	10.9	0.00014674	1.86346e-05
0	1.125	11.1	0.000217952	2.25981e-05
0	1.125	11.3	0.00014526	1.85972e-05
0	1.125	11.5	9.7043e-05	1.51548e-05
0	1.125	11.7	8.46252e-05	1.41036e-05
0	1.125	11.9	9.51186e-05	1.48543e-05
0	1.125	12.1	7.53111e-05	1.33128e-05
0	1.125	12.3	4.41996e-05	1.01399e-05
0	1.125	12.5	3.05493e-05	8.47274e-06
0	1.125	12.7	8.7125e-05	1.43226e-05
0	1.125	12.9	5.40846e-05	1.12771e-05
0	1.125	13.1	0.000341459	2.82545e-05
0	1.125	13.3	0	0
0	1.125	13.5	4.65346e-06	3.29048e-06
0	1.125	13.7	7.49439e-05	1.32478e-05
0	1.125	13.9	4.9189e-05	1.07336e-05
0	1.125	14.1	0	0
0	1.125	14.3	4.87842e-05	1.06453e-05
0	1.125	14.5	2.5932e-05	7.8187e-06
0	1.125	14.7	0	0
0	1.125	14.9	9.27143e-05	1.48455e-05
0	1.125	15.1	0	0
0	1.125	15.3	0	0
0	1.125	15.5	0	0
0	1.125	15.7	0	0
0	1.125	15.9	2.11852e-05	7.06167e-06
0	1.135	0.1	0.348275	0.000729252
0	1.135	0.3	0.34308	0.000727925
0	1.135	0.5	0.318015	0.000715216
0	1.135	0.7	0.297882	0.000700411
0	1.135	0.9	0.262131	0.000674279
0	1.135	1.1	0.23616	0.000649285
0	1.135	1.3	0.206996	0.00062396
0	1.135	1.5	0.18754	0.00059863
0	1.135	1.7	0.16304	0.000566957
0	1.135	1.9	0.149369	0.000548355
0	1.135	2.1	0.129839	0.000517226
0	1.135	2.3	0.11756	0.000495663
0	1.135	2.5	0.103707	0.000467976
0	1.135	2.7	0.0937223	0.000446559
0	1.135	2.9	0.0856327	0.000429225
0	1.135	3.1	0.0777481	0.000409633
0	1.135	3.3	0.0693799	0.00038895
0	1.135	3.5	0.0657109	0.000382851
0	1.135	3.7	0.0560524	0.000351311
0	1.135	3.9	0.052361	0.000339277
0	1.135	4.1	0.0492957	0.000332245
0	1.135	4.3	0.0452052	0.000320708
0	1.135	4.5	0.0380919	0.000292873
0	1.135	4.7	0.0353823	0.00028407
0	1.135	4.9	0.0341484	0.000279282
0	1.135	5.1	0.0284904	0.000255161
0	1.135	5.3	0.0271502	0.000249111
0	1.135	5.5	0.025535	0.000241671
0	1.135	5.7	0.022798	0.000229203
0	1.135	5.9	0.0203174	0.000216838
0	1.135	6.1	0.0197901	0.000213857
0	1.135	6.3	0.0180965	0.000205735
0	1.135	6.5	0.0145474	0.000183819
0	1.135	6.7	0.0144348	0.000182466
0	1.135	6.9	0.0123952	0.000169475
0	1.135	7.1	0.0121851	0.000168398
0	1.135	7.3	0.0098966	0.00015235
0	1.135	7.5	0.00889411	0.00014398
0	1.135	7.7	0.00842995	0.000139906
0	1.135	7.9	0.00752947	0.000133269
0	1.135	8.1	0.00589686	0.000117052
0	1.135	8.3	0.00583794	0.000116301
0	1.135	8.5	0.00487433	0.000106693
0	1.135	8.7	0.0047662	0.000105119
0	1.135	8.9	0.00425474	9.96847e-05
0	1.135	9.1	0.0038348	9.48886e-05
0	1.135	9.3	0.00356352	9.15107e-05
0	1.135	9.5	0.00301636	8.45466e-05
0	1.135	9.7	0.00222697	7.2096e-05
0	1.135	9.9	0.00211947	7.05348e-05
0	1.135	10.1	0.0021926	7.19356e-05
0	1.135	10.3	0.00189022	6.71451e-05
0	1.135	10.5	0.0017179	6.33977e-05
0	1.135	10.7	0.00154151	6.00024e-05
0	1.135	10.9	0.00181303	6.53201e-05
0	1.135	11.1	0.000960673	4.74215e-05
0	1.135	11.3	0.00107613	5.0257e-05
0	1.135	11.5	0.000779374	4.25018e-05
0	1.135	11.7	0.000932226	4.65315e-05
0	1.135	11.9	0.000646066	3.8876e-05
0	1.135	12.1	0.000665214	3.97409e-05
0	1.135	12.3	0.000635272	3.87209e-05
0	1.135	12.5	0.00043863	3.21548e-05
0	1.135	12.7	0.00057971	3.6801e-05
0	1.135	12.9	0.000326394	2.74829e-05
0	1.135	13.1	0.000708682	4.09013e-05
0	1.135	13.3	0.000315768	2.73763e-05
0	1.135	13.5	0.000480278	3.37841e-05
0	1.135	13.7	0.000345644	2.86008e-05
0	1.135	13.9	0.00039669	3.05992e-05
0	1.135	14.1	0.000359213	2.8941e-05
0	1.135	14.3	0.00023104	2.33359e-05
0	1.135	14.5	0.000184954	2.094e-05
0	1.135	14.7	0.00010084	1.53772e-05
0	1.135	14.9	0.000104272	1.55432e-05
0	1.135	15.1	0.000264571	2.48854e-05
0	1.135	15.3	7.11443e-05	1.29887e-05
0	1.135	15.5	0.000133031	1.77759e-05
0	1.135	15.7	4.48556e-05	1.02904e-05
0	1.135	15.9	1.88929e-05	6.67959e-06
0	1.145	0.1	0.748441	0.000661809
0	1.145	0.3	0.747342	0.000661843
0	1.145	0.5	0.738889	0.000670851
0	1.145	0.7	0.725155	0.000682507
0	1.145	0.9	0.706688	0.000698169
0	1.145	1.1	0.673714	0.000720193
0	1.145	1.3	0.632751	0.000738153
0	1.145	1.5	0.587421	0.000756616
0	1.145	1.7	0.529921	0.000766861
0	1.145	1.9	0.475479	0.000769693
0	1.145	2.1	0.423966	0.00075855
0	1.145	2.3	0.384667	0.000744373
0	1.145	2.5	0.341119	0.000729024
0	1.145	2.7	0.306335	0.000705447
0	1.145	2.9	0.273691	0.00068282
0	1.145	3.1	0.247622	0.000661534
0	1.145	3.3	0.2301	0.000643032
0	1.145	3.5	0.1977	0.000610706
0	1.145	3.7	0.181264	0.000589668
0	1.145	3.9	0.171563	0.000581842
0	1.145	4.1	0.163546	0.000565706
0	1.145	4.3	0.145233	0.000539525
0	1.145	4.5	0.13243	0.000520307
0	1.145	4.7	0.119681	0.000497537
0	1.145	4.9	0.106537	0.000472575
0	1.145	5.1	0.0983688	0.000456152
0	1.145	5.3	0.0923947	0.000444781
0	1.145	5.5	0.0835101	0.000424029
0	1.145	5.7	0.0745296	0.000404174
0	1.145	5.9	0.070777	0.000393472
0	1.145	6.1	0.0631224	0.000372291
0	1.145	6.3	0.056868	0.00035598
0	1.145	6.5	0.0527772	0.000345914
0	1.145	6.7	0.0484103	0.000330222
0	1.145	6.9	0.0420269	0.000306622
0	1.145	7.1	0.0387415	0.000295747
0	1.145	7.3	0.0348353	0.000281294
0	1.145	7.5	0.0328292	0.00027421
0	1.145	7.7	0.0286979	0.000255739
0	1.145	7.9	0.0250737	0.000240352
0	1.145	8.1	0.0214419	0.000223457
0	1.145	8.3	0.0187631	0.000208387
0	1.145	8.5	0.0162781	0.000193094
0	1.145	8.7	0.0158512	0.000193665
0	1.145	8.9	0.0138276	0.000179503
0	1.145	9.1	0.013119	0.000173815
0	1.145	9.3	0.0119339	0.000166813
0	1.145	9.5	0.0103747	0.000154436
0	1.145	9.7	0.00768696	0.000133399
0	1.145	9.9	0.00841705	0.000140495
0	1.145	10.1	0.00691842	0.000127609
0	1.145	10.3	0.00586062	0.000116682
0	1.145	10.5	0.0052365	0.000110032
0	1.145	10.7	0.00468392	0.000104831
0	1.145	10.9	0.00456192	0.000103151
0	1.145	11.1	0.00346518	8.99169e-05
0	1.145	11.3	0.00306919	8.47977e-05
0	1.145	11.5	0.00278617	8.0927e-05
0	1.145	11.7	0.00290098	8.27648e-05
0	1.145	11.9	0.00180988	6.54199e-05
0	1.145	12.1	0.00165988	6.23301e-05
0	1.145	12.3	0.00255668	7.72698e-05
0	1.145	12.5	0.00188511	6.63374e-05
0	1.145	12.7	0.00177227	6.43147e-05
0	1.145	12.9	0.00123542	5.39363e-05
0	1.145	13.1	0.00121935	5.34393e-05
0	1.145	13.3	0.00111358	5.09056e-05
0	1.145	13.5	0.000605928	3.7712e-05
0	1.145	13.7	0.0010954	5.09899e-05
0	1.145	13.9	0.000950813	4.73408e-05
0	1.145	14.1	0.000478165	3.37191e-05
0	1.145	14.3	0.000403643	3.07713e-05
0	1.145	14.5	0.000488141	3.38383e-05
0	1.145	14.7	0.000930614	4.68025e-05
0	1.145	14.9	0.000492764	3.38348e-05
0	1.145	15.1	0.000611211	3.77492e-05
0	1.145	15.3	0.00042486	3.15729e-05
0	1.145	15.5	0.000110426	1.61063e-05
0	1.145	15.7	2.8137e-05	8.12233e-06
0	1.145	15.9	0.000154073	1.89637e-05
0	1.155	0.1	0.831967	0.000573633
0	1.155	0.3	0.825297	0.000585069
0	1.155	0.5	0.830114	0.000573478
0	1.155	0.7	0.81886	0.000590628
0	1.155	0.9	0.809224	0.000604156
0	1.155	1.1	0.800794	0.000616185
0	1.155	1.3	0.78776	0.00062892
0	1.155	1.5	0.768071	0.000647895
0	1.155	1.7	0.74417	0.00067314
0	1.155	1.9	0.718618	0.000687136
0	1.155	2.1	0.671178	0.000720556
0	1.155	2.3	0.630863	0.000739673
0	1.155	2.5	0.586971	0.000753875
0	1.155	2.7	0.534226	0.000766816
0	1.155	2.9	0.487125	0.00077067
0	1.155	3.1	0.445572	0.000762867
0	1.155	3.3	0.410468	0.000754055
0	1.155	3.5	0.369161	0.000739499
0	1.155	3.7	0.336636	0.000729147
0	1.155	3.9	0.304717	0.000703659
0	1.155	4.1	0.278192	0.000690598
0	1.155	4.3	0.254132	0.000670794
0	1.155	4.5	0.228072	0.000644627
0	1.155	4.7	0.208502	0.000624216
0	1.155	4.9	0.193113	0.000606725
0	1.155	5.1	0.171532	0.000580021
0	1.155	5.3	0.16142	0.000563406
0	1.155	5.5	0.143217	0.000540251
0	1.155	5.7	0.134496	0.000521989
0	1.155	5.9	0.116646	0.000490332
0	1.155	6.1	0.107569	0.000474083
0	1.155	6.3	0.0980089	0.000456598
0	1.155	6.5	0.0883145	0.000434248
0	1.155	6.7	0.080284	0.000418785
0	1.155	6.9	0.0703777	0.000392619
0	1.155	7.1	0.0665894	0.000382271
0	1.155	7.3	0.0574072	0.000357151
0	1.155	7.5	0.0509969	0.000337278
0	1.155	7.7	0.0452947	0.000318321
0	1.155	7.9	0.042817	0.000309375
0	1.155	8.1	0.0380205	0.000292966
0	1.155	8.3	0.0314272	0.000268425
0	1.155	8.5	0.0290061	0.00025731
0	1.155	8.7	0.0258671	0.000242301
0	1.155	8.9	0.0242651	0.000237281
0	1.155	9.1	0.0197517	0.00021356
0	1.155	9.3	0.0172819	0.00019894
0	1.155	9.5	0.0146653	0.000184167
0	1.155	9.7	0.0120518	0.000166939
0	1.155	9.9	0.0119629	0.000166509
0	1.155	10.1	0.0109727	0.000158367
0	1.155	10.3	0.00987345	0.000151814
0	1.155	10.5	0.0080315	0.000136763
0	1.155	10.7	0.00623276	0.00012038
0	1.155	10.9	0.00597022	0.000117552
0	1.155	11.1	0.00612852	0.000120052
0	1.155	11.3	0.00537974	0.000112044
0	1.155	11.5	0.00449338	0.00010253
0	1.155	11.7	0.00391094	9.57158e-05
0	1.155	11.9	0.00337175	8.8245e-05
0	1.155	12.1	0.00337018	8.89407e-05
0	1.155	12.3	0.00356725	9.13346e-05
0	1.155	12.5	0.00267925	7.94205e-05
0	1.155	12.7	0.00166049	6.23971e-05
0	1.155	12.9	0.00226879	7.30276e-05
0	1.155	13.1	0.00153098	6.01428e-05
0	1.155	13.3	0.00199866	6.81251e-05
0	1.155	13.5	0.00183488	6.5222e-05
0	1.155	13.7	0.000950573	4.7506e-05
0	1.155	13.9	0.00100272	4.85007e-05
0	1.155	14.1	0.000865241	4.50843e-05
0	1.155	14.3	0.000624453	3.82757e-05
0	1.155	14.5	0.000919574	4.6365e-05
0	1.155	14.7	0.000721962	4.13245e-05
0	1.155	14.9	0.000370377	2.95539e-05
0	1.155	15.1	0.000961541	4.76389e-05
0	1.155	15.3	0.000483609	3.37686e-05
0	1.155	15.5	0.000206732	2.20354e-05
0	1.155	15.7	0.000253626	2.44021e-05
0	1.155	15.9	9.62654e-05	1.50334e-05
0	1.165	0.1	0.8577	0.000536064
0	1.165	0.3	0.855695	0.000535889
0	1.165	0.5	0.858504	0.000538188
0	1.165	0.7	0.852837	0.000543104
0	1.165	0.9	0.848483	0.000551
0	1.165	1.1	0.840296	0.000566664
0	1.165	1.3	0.835427	0.000567919
0	1.165	1.5	0.833414	0.000569948
0	1.165	1.7	0.821215	0.000586972
0	1.165	1.9	0.80471	0.000609839
0	1.165	2.1	0.786462	0.000626541
0	1.165	2.3	0.760388	0.000658332
0	1.165	2.5	0.738056	0.000675271
0	1.165	2.7	0.697239	0.000706469
0	1.165	2.9	0.663074	0.000728352
0	1.165	3.1	0.621634	0.000741591
0	1.165	3.3	0.582413	0.000751933
0	1.165	3.5	0.54852	0.000763345
0	1.165	3.7	0.510625	0.000760806
0	1.165	3.9	0.468722	0.00076646
0	1.165	4.1	0.436118	0.000762807
0	1.165	4.3	0.399454	0.000753893
0	1.165	4.5	0.364587	0.00073916
0	1.165	4.7	0.329684	0.000719259
0	1.165	4.9	0.295394	0.000698293
0	1.165	5.1	0.266872	0.000677533
0	1.165	5.3	0.238245	0.000653334
0	1.165	5.5	0.217555	0.000633356
0	1.165	5.7	0.193069	0.000602008
0	1.165	5.9	0.175689	0.000583769
0	1.165	6.1	0.15697	0.000553999
0	1.165	6.3	0.141756	0.000531722
0	1.165	6.5	0.127691	0.00051011
0	1.165	6.7	0.113375	0.000485289
0	1.165	6.9	0.101335	0.000460551
0	1.165	7.1	0.0908025	0.000439536
0	1.165	7.3	0.0775355	0.000410817
0	1.165	7.5	0.0701766	0.000392652
0	1.165	7.7	0.0620463	0.000370972
0	1.165	7.9	0.053963	0.000345405
0	1.165	8.1	0.0465491	0.000322693
0	1.165	8.3	0.0454089	0.000321476
0	1.165	8.5	0.0402037	0.000299698
0	1.165	8.7	0.034301	0.000277798
0	1.165	8.9	0.0296704	0.000260685
0	1.165	9.1	0.0268907	0.000249797
0	1.165	9.3	0.0247407	0.000239341
0	1.165	9.5	0.0216633	0.000223553
0	1.165	9.7	0.0178035	0.000201943
0	1.165	9.9	0.0166537	0.000196405
0	1.165	10.1	0.0140289	0.000179629
0	1.165	10.3	0.0123115	0.000169285
0	1.165	10.5	0.0111393	0.000160961
0	1.165	10.7	0.00906858	0.000145131
0	1.165	10.9	0.00955021	0.000149202
0	1.165	11.1	0.00731383	0.000130689
0	1.165	11.3	0.00597187	0.000118325
0	1.165	11.5	0.0056449	0.000115261
0	1.165	11.7	0.0050996	0.000110111
0	1.165	11.9	0.00386577	9.48984e-05
0	1.165	12.1	0.00436369	0.000101314
0	1.165	12.3	0.00356319	9.18678e-05
0	1.165	12.5	0.00315331	8.58778e-05
0	1.165	12.7	0.00270628	7.9215e-05
0	1.165	12.9	0.00168566	6.32084e-05
0	1.165	13.1	0.0023004	7.28804e-05
0	1.165	13.3	0.00158414	6.11064e-05
0	1.165	13.5	0.00151042	5.95667e-05
0	1.165	13.7	0.00142634	5.83347e-05
0	1.165	13.9	0.00131458	5.55146e-05
0	1.165	14.1	0.00134199	5.62215e-05
0	1.165	14.3	0.00143919	5.8277e-05
0	1.165	14.5	0.000905691	4.61374e-05
0	1.165	14.7	0.000777364	4.27112e-05
0	1.165	14.9	0.000676762	4.00743e-05
0	1.165	15.1	0.00046147	3.28708e-05
0	1.165	15.3	0.000446282	3.2455e-05
0	1.165	15.5	0.000528991	3.5024e-05
0	1.165	15.7	0.000305303	2.67727e-05
0	1.165	15.9	0.000332355	2.79847e-05
0	1.175	0.1	0.859067	0.000531488
0	1.175	0.3	0.86255	0.000530656
0	1.175	0.5	0.85681	0.000539369
0	1.175	0.7	0.864093	0.000523648
0	1.175	0.9	0.855879	0.000536635
0	1.175	1.1	0.855799	0.00053626
0	1.175	1.3	0.852888	0.000542442
0	1.175	1.5	0.84801	0.000553108
0	1.175	1.7	0.839888	0.000562525
0	1.175	1.9	0.835897	0.000568477
0	1.175	2.1	0.824176	0.000584408
0	1.175	2.3	0.810256	0.000599478
0	1.175	2.5	0.801665	0.000614642
0	1.175	2.7	0.772271	0.000642568
0	1.175	2.9	0.751543	0.000663934
0	1.175	3.1	0.71297	0.00069186
0	1.175	3.3	0.677367	0.000712338
0	1.175	3.5	0.643892	0.000735226
0	1.175	3.7	0.607189	0.000748692
0	1.175	3.9	0.559399	0.000762339
0	1.175	4.1	0.511685	0.000767475
0	1.175	4.3	0.480068	0.000765721
0	1.175	4.5	0.439693	0.000759738
0	1.175	4.7	0.395799	0.000748264
0	1.175	4.9	0.355278	0.000736799
0	1.175	5.1	0.324828	0.00071713
0	1.175	5.3	0.29334	0.00069458
0	1.175	5.5	0.262178	0.000673292
0	1.175	5.7	0.238407	0.000653615
0	1.175	5.9	0.215669	0.000628905
0	1.175	6.1	0.192992	0.000605561
0	1.175	6.3	0.164441	0.000568967
0	1.175	6.5	0.148315	0.000548256
0	1.175	6.7	0.13005	0.000517244
0	1.175	6.9	0.116649	0.000492627
0	1.175	7.1	0.106984	0.000473208
0	1.175	7.3	0.094426	0.000447756
0	1.175	7.5	0.0852346	0.000428041
0	1.175	7.7	0.0739638	0.000401324
0	1.175	7.9	0.0628158	0.000372275
0	1.175	8.1	0.0560019	0.000351626
0	1.175	8.3	0.0517837	0.000339111
0	1.175	8.5	0.0428539	0.000310084
0	1.175	8.7	0.0386274	0.00029709
0	1.175	8.9	0.0334166	0.000275459
0	1.175	9.1	0.0319704	0.000271408
0	1.175	9.3	0.026149	0.000245305
0	1.175	9.5	0.0237591	0.000233057
0	1.175	9.7	0.021873	0.000224426
0	1.175	9.9	0.0178176	0.000202354
0	1.175	10.1	0.0167856	0.000197113
0	1.175	10.3	0.0150203	0.000185788
0	1.175	10.5	0.0135067	0.000178205
0	1.175	10.7	0.0131776	0.000174758
0	1.175	10.9	0.00997175	0.000152195
0	1.175	11.1	0.00818663	0.000138526
0	1.175	11.3	0.00802447	0.000136904
0	1.175	11.5	0.00622502	0.000120845
0	1.175	11.7	0.00605795	0.00011872
0	1.175	11.9	0.00643238	0.000122288
0	1.175	12.1	0.00407823	9.78218e-05
0	1.175	12.3	0.00444283	0.000102238
0	1.175	12.5	0.00322923	8.71355e-05
0	1.175	12.7	0.00372205	9.35823e-05
0	1.175	12.9	0.00289725	8.24234e-05
0	1.175	13.1	0.00225318	7.2526e-05
0	1.175	13.3	0.00284144	8.18065e-05
0	1.175	13.5	0.00162048	6.19558e-05
0	1.175	13.7	0.00177784	6.46018e-05
0	1.175	13.9	0.00176039	6.44389e-05
0	1.175	14.1	0.00185052	6.59448e-05
0	1.175	14.3	0.0011806	5.2714e-05
0	1.175	14.5	0.00065886	3.92914e-05
0	1.175	14.7	0.000979887	4.79043e-05
0	1.175	14.9	0.000805397	4.34698e-05
0	1.175	15.1	0.000419121	3.12329e-05
0	1.175	15.3	0.000410445	3.11991e-05
0	1.175	15.5	0.000416022	3.13523e-05
0	1.175	15.7	0.000481212	3.36012e-05
0	1.175	15.9	0.00052718	3.52144e-05
0	1.185	0.1	0.863679	0.000526164
0	1.185	0.3	0.865864	0.000521262
0	1.185	0.5	0.863352	0.000524605
0	1.185	0.7	0.861749	0.000528215
0	1.185	0.9	0.853642	0.000542989
0	1.185	1.1	0.858541	0.000533762
0	1.185	1.3	0.85502	0.000541694
0	1.185	1.5	0.853025	0.000541412
0	1.185	1.7	0.843344	0.000560514
0	1.185	1.9	0.839742	0.000562933
0	1.185	2.1	0.831172	0.000572578
0	1.185	2.3	0.81905	0.000589852
0	1.185	2.5	0.811317	0.000599164
0	1.185	2.7	0.792742	0.000622799
0	1.185	2.9	0.771206	0.00064525
0	1.185	3.1	0.745697	0.00067053
0	1.185	3.3	0.713415	0.000693516
0	1.185	3.5	0.66956	0.000723283
0	1.185	3.7	0.634414	0.000736437
0	1.185	3.9	0.596881	0.000754473
0	1.185	4.1	0.55227	0.000764803
0	1.185	4.3	0.511033	0.000766612
0	1.185	4.5	0.476484	0.000765859
0	1.185	4.7	0.428311	0.00075736
0	1.185	4.9	0.392489	0.000747333
0	1.185	5.1	0.352247	0.000728451
0	1.185	5.3	0.320598	0.000717995
0	1.185	5.5	0.285179	0.000695089
0	1.185	5.7	0.255534	0.000670322
0	1.185	5.9	0.235437	0.000649655
0	1.185	6.1	0.208446	0.000624934
0	1.185	6.3	0.184061	0.000593248
0	1.185	6.5	0.169145	0.000572418
0	1.185	6.7	0.152837	0.000550755
0	1.185	6.9	0.131107	0.000518258
0	1.185	7.1	0.121549	0.000500754
0	1.185	7.3	0.103758	0.000467118
0	1.185	7.5	0.0967446	0.000453287
0	1.185	7.7	0.0855348	0.000429745
0	1.185	7.9	0.0740497	0.000399957
0	1.185	8.1	0.0678907	0.000383642
0	1.185	8.3	0.0588954	0.000361135
0	1.185	8.5	0.0526186	0.000342788
0	1.185	8.7	0.0457123	0.000320054
0	1.185	8.9	0.0399873	0.000299474
0	1.185	9.1	0.0383579	0.000293957
0	1.185	9.3	0.0322588	0.000271839
0	1.185	9.5	0.0306852	0.000264925
0	1.185	9.7	0.0265093	0.000245649
0	1.185	9.9	0.0235183	0.000232925
0	1.185	10.1	0.020412	0.000216906
0	1.185	10.3	0.0181375	0.000205589
0	1.185	10.5	0.0159098	0.00019253
0	1.185	10.7	0.0128279	0.000173266
0	1.185	10.9	0.0122294	0.000168747
0	1.185	11.1	0.0114315	0.000163493
0	1.185	11.3	0.00918788	0.000146428
0	1.185	11.5	0.00807376	0.000136604
0	1.185	11.7	0.00763989	0.000133726
0	1.185	11.9	0.00734325	0.000131129
0	1.185	12.1	0.00710711	0.000128527
0	1.185	12.3	0.00534152	0.000111935
0	1.185	12.5	0.00415746	9.79245e-05
0	1.185	12.7	0.00392203	9.60446e-05
0	1.185	12.9	0.00377478	9.37817e-05
0	1.185	13.1	0.00231247	7.37837e-05
0	1.185	13.3	0.00353163	9.06931e-05
0	1.185	13.5	0.00272895	8.05027e-05
0	1.185	13.7	0.00246406	7.58044e-05
0	1.185	13.9	0.00171727	6.34174e-05
0	1.185	14.1	0.00169705	6.28866e-05
0	1.185	14.3	0.00158933	6.10344e-05
0	1.185	14.5	0.00128286	5.48159e-05
0	1.185	14.7	0.000609566	3.77922e-05
0	1.185	14.9	0.000790501	4.31726e-05
0	1.185	15.1	0.000814503	4.38335e-05
0	1.185	15.3	0.000630374	3.86385e-05
0	1.185	15.5	0.000454351	3.26131e-05
0	1.185	15.7	0.000501389	3.4346e-05
0	1.185	15.9	0.00052244	3.49761e-05
0	1.195	0.1	0.867575	0.000520667
0	1.195	0.3	0.870689	0.000513629
0	1.195	0.5	0.866185	0.000522097
0	1.195	0.7	0.864407	0.000525137
0	1.195	0.9	0.863338	0.000529001
0	1.195	1.1	0.861653	0.000531217
0	1.195	1.3	0.859583	0.000530381
0	1.195	1.5	0.851825	0.00054453
0	1.195	1.7	0.849207	0.000548989
0	1.195	1.9	0.843039	0.000560284
0	1.195	2.1	0.835603	0.000564617
0	1.195	2.3	0.832096	0.000574165
0	1.195	2.5	0.820478	0.000587519
0	1.195	2.7	0.803736	0.000605802
0	1.195	2.9	0.78586	0.000628014
0	1.195	3.1	0.759571	0.000657184
0	1.195	3.3	0.724653	0.000685281
0	1.195	3.5	0.689892	0.000710909
0	1.195	3.7	0.655776	0.000725952
0	1.195	3.9	0.616937	0.000743673
0	1.195	4.1	0.580814	0.000751607
0	1.195	4.3	0.544945	0.000762915
0	1.195	4.5	0.493262	0.000767126
0	1.195	4.7	0.453208	0.000765902
0	1.195	4.9	0.418833	0.000758464
0	1.195	5.1	0.372501	0.000738382
0	1.195	5.3	0.337386	0.000727213
0	1.195	5.5	0.308436	0.000706873
0	1.195	5.7	0.285729	0.000693776
0	1.195	5.9	0.252409	0.000671359
0	1.195	6.1	0.230793	0.00064105
0	1.195	6.3	0.203826	0.000620366
0	1.195	6.5	0.182487	0.000591748
0	1.195	6.7	0.166569	0.000569531
0	1.195	6.9	0.151613	0.000551668
0	1.195	7.1	0.131279	0.000515238
0	1.195	7.3	0.120888	0.000503427
0	1.195	7.5	0.107002	0.000475527
0	1.195	7.7	0.09068	0.000440645
0	1.195	7.9	0.0798512	0.000418031
0	1.195	8.1	0.0746366	0.000404532
0	1.195	8.3	0.0688666	0.000387654
0	1.195	8.5	0.060005	0.000364811
0	1.195	8.7	0.054077	0.000350163
0	1.195	8.9	0.0483101	0.00032821
0	1.195	9.1	0.0423403	0.000307165
0	1.195	9.3	0.0367815	0.000287742
0	1.195	9.5	0.0343729	0.000279646
0	1.195	9.7	0.0293875	0.000258185
0	1.195	9.9	0.0286872	0.000256432
0	1.195	10.1	0.0232905	0.000230743
0	1.195	10.3	0.022001	0.000225313
0	1.195	10.5	0.0189322	0.000210182
0	1.195	10.7	0.016654	0.000194831
0	1.195	10.9	0.0154575	0.000188564
0	1.195	11.1	0.0141455	0.00018075
0	1.195	11.3	0.0115212	0.00016409
0	1.195	11.5	0.0107726	0.000158546
0	1.195	11.7	0.0103708	0.000155905
0	1.195	11.9	0.00910772	0.000145793
0	1.195	12.1	0.00793897	0.000136052
0	1.195	12.3	0.00628849	0.000121866
0	1.195	12.5	0.00604346	0.000119199
0	1.195	12.7	0.00410425	9.83594e-05
0	1.195	12.9	0.00486231	0.000106507
0	1.195	13.1	0.00328298	8.7975e-05
0	1.195	13.3	0.00358121	9.17821e-05
0	1.195	13.5	0.00251268	7.65397e-05
0	1.195	13.7	0.00255213	7.70617e-05
0	1.195	13.9	0.00233637	7.40184e-05
0	1.195	14.1	0.00221564	7.20713e-05
0	1.195	14.3	0.00205559	6.95393e-05
0	1.195	14.5	0.00208356	6.97292e-05
0	1.195	14.7	0.0013133	5.58106e-05
0	1.195	14.9	0.00132972	5.56588e-05
0	1.195	15.1	0.000837487	4.45563e-05
0	1.195	15.3	0.000809942	4.37151e-05
0	1.195	15.5	0.000689478	4.00613e-05
0	1.195	15.7	0.000642232	3.88572e-05
0	1.195	15.9	0.000543645	3.57595e-05
0	1.205	0.1	0.875611	0.000508041
0	1.205	0.3	0.867456	0.000519905
0	1.205	0.5	0.867496	0.000519756
0	1.205	0.7	0.86421	0.000526872
0	1.205	0.9	0.865056	0.00052638
0	1.205	1.1	0.863051	0.000529233
0	1.205	1.3	0.862287	0.000528357
0	1.205	1.5	0.856503	0.000535233
0	1.205	1.7	0.852714	0.000542485
0	1.205	1.9	0.848044	0.000550356
0	1.205	2.1	0.847221	0.000551668
0	1.205	2.3	0.836532	0.00056779
0	1.205	2.5	0.828089	0.000577009
0	1.205	2.7	0.809787	0.000603176
0	1.205	2.9	0.790585	0.00062176
0	1.205	3.1	0.765641	0.00065025
0	1.205	3.3	0.740888	0.000676735
0	1.205	3.5	0.711508	0.000695327
0	1.205	3.7	0.674075	0.000723802
0	1.205	3.9	0.637659	0.000738045
0	1.205	4.1	0.597088	0.000751951
0	1.205	4.3	0.559126	0.000764097
0	1.205	4.5	0.51272	0.000765933
0	1.205	4.7	0.472786	0.000765384
0	1.205	4.9	0.432407	0.000761592
0	1.205	5.1	0.395317	0.000750349
0	1.205	5.3	0.363807	0.000736924
0	1.205	5.5	0.327963	0.000718532
0	1.205	5.7	0.297833	0.000700863
0	1.205	5.9	0.267337	0.000680051
0	1.205	6.1	0.247112	0.000661352
0	1.205	6.3	0.221789	0.000637313
0	1.205	6.5	0.198685	0.000614047
0	1.205	6.7	0.176885	0.000584257
0	1.205	6.9	0.164212	0.000570929
0	1.205	7.1	0.144473	0.000540078
0	1.205	7.3	0.128393	0.000514976
0	1.205	7.5	0.119495	0.000497051
0	1.205	7.7	0.102243	0.000466801
0	1.205	7.9	0.0955266	0.000452756
0	1.205	8.1	0.0833731	0.000421625
0	1.205	8.3	0.0756119	0.000406155
0	1.205	8.5	0.0700857	0.000393256
0	1.205	8.7	0.0620632	0.000369754
0	1.205	8.9	0.0571842	0.000355245
0	1.205	9.1	0.0509417	0.000336736
0	1.205	9.3	0.0440119	0.000314206
0	1.205	9.5	0.0409859	0.000304323
0	1.205	9.7	0.037095	0.000291344
0	1.205	9.9	0.0324246	0.000270488
0	1.205	10.1	0.0287732	0.000255254
0	1.205	10.3	0.0261163	0.000243325
0	1.205	10.5	0.0238957	0.000235333
0	1.205	10.7	0.0201749	0.000215597
0	1.205	10.9	0.0191153	0.000210992
0	1.205	11.1	0.0165199	0.00019469
0	1.205	11.3	0.0154919	0.000189381
0	1.205	11.5	0.0138341	0.000180251
0	1.205	11.7	0.0120552	0.000167589
0	1.205	11.9	0.00947127	0.000148876
0	1.205	12.1	0.00957343	0.000148776
0	1.205	12.3	0.00832208	0.000139328
0	1.205	12.5	0.00770466	0.000134174
0	1.205	12.7	0.0067628	0.000125853
0	1.205	12.9	0.00503453	0.000108658
0	1.205	13.1	0.00471554	0.000105511
0	1.205	13.3	0.00543365	0.00011195
0	1.205	13.5	0.00358956	9.16041e-05
0	1.205	13.7	0.00287424	8.23397e-05
0	1.205	13.9	0.00255304	7.72661e-05
0	1.205	14.1	0.00286471	8.18653e-05
0	1.205	14.3	0.00187011	6.6898e-05
0	1.205	14.5	0.0024962	7.67922e-05
0	1.205	14.7	0.00140812	5.7398e-05
0	1.205	14.9	0.00178958	6.49851e-05
0	1.205	15.1	0.00102161	4.87896e-05
0	1.205	15.3	0.00102132	4.9e-05
0	1.205	15.5	0.000950671	4.72167e-05
0	1.205	15.7	0.00064694	3.90705e-05
0	1.205	15.9	0.000529902	3.51615e-05
0	1.215	0.1	0.872175	0.000513865
0	1.215	0.3	0.862842	0.00052776
0	1.215	0.5	0.87031	0.000516323
0	1.215	0.7	0.869004	0.000519902
0	1.215	0.9	0.866612	0.000522901
0	1.215	1.1	0.869478	0.000517535
0	1.215	1.3	0.865781	0.000525827
0	1.215	1.5	0.860173	0.000532311
0	1.215	1.7	0.854171	0.000538806
0	1.215	1.9	0.852938	0.000544285
0	1.215	2.1	0.849184	0.000548702
0	1.215	2.3	0.845165	0.000555413
0	1.215	2.5	0.830854	0.000574613
0	1.215	2.7	0.822258	0.000586343
0	1.215	2.9	0.802867	0.000608716
0	1.215	3.1	0.78611	0.000635356
0	1.215	3.3	0.758401	0.000655984
0	1.215	3.5	0.731646	0.000683473
0	1.215	3.7	0.692481	0.000708999
0	1.215	3.9	0.652782	0.000731957
0	1.215	4.1	0.612191	0.000750779
0	1.215	4.3	0.579504	0.000754845
0	1.215	4.5	0.534065	0.00076338
0	1.215	4.7	0.495907	0.000765808
0	1.215	4.9	0.447422	0.000760647
0	1.215	5.1	0.414095	0.000760239
0	1.215	5.3	0.375378	0.000746052
0	1.215	5.5	0.341257	0.000729405
0	1.215	5.7	0.310337	0.000711232
0	1.215	5.9	0.290949	0.000696863
0	1.215	6.1	0.262698	0.000670633
0	1.215	6.3	0.23636	0.000650233
0	1.215	6.5	0.21439	0.000624393
0	1.215	6.7	0.193119	0.000606857
0	1.215	6.9	0.175179	0.000579546
0	1.215	7.1	0.158832	0.00056188
0	1.215	7.3	0.140166	0.000534739
0	1.215	7.5	0.128031	0.000516709
0	1.215	7.7	0.11398	0.000486682
0	1.215	7.9	0.102606	0.000465117
0	1.215	8.1	0.0933848	0.000444833
0	1.215	8.3	0.0837839	0.00042666
0	1.215	8.5	0.0792884	0.000413351
0	1.215	8.7	0.0714011	0.000395665
0	1.215	8.9	0.0655096	0.000376683
0	1.215	9.1	0.0567135	0.000355123
0	1.215	9.3	0.0537207	0.000348099
0	1.215	9.5	0.0443821	0.000316055
0	1.215	9.7	0.0413119	0.000304192
0	1.215	9.9	0.037977	0.000293956
0	1.215	10.1	0.0340843	0.000279737
0	1.215	10.3	0.030725	0.000263877
0	1.215	10.5	0.0275094	0.000251739
0	1.215	10.7	0.0261825	0.000244043
0	1.215	10.9	0.023257	0.000230022
0	1.215	11.1	0.0199433	0.000214691
0	1.215	11.3	0.0180442	0.000204944
0	1.215	11.5	0.0146735	0.000184729
0	1.215	11.7	0.0160798	0.000192673
0	1.215	11.9	0.0126203	0.000170638
0	1.215	12.1	0.0117918	0.000165411
0	1.215	12.3	0.0100435	0.000153015
0	1.215	12.5	0.00908541	0.000144469
0	1.215	12.7	0.00870742	0.000142931
0	1.215	12.9	0.00771821	0.000134759
0	1.215	13.1	0.00584805	0.000117111
0	1.215	13.3	0.00482275	0.000105822
0	1.215	13.5	0.00489848	0.000107636
0	1.215	13.7	0.0039319	9.59973e-05
0	1.215	13.9	0.00308407	8.5339e-05
0	1.215	14.1	0.00270979	7.9626e-05
0	1.215	14.3	0.00274476	8.0409e-05
0	1.215	14.5	0.00191534	6.69859e-05
0	1.215	14.7	0.00191424	6.72783e-05
0	1.215	14.9	0.0014375	5.84491e-05
0	1.215	15.1	0.0016142	6.17159e-05
0	1.215	15.3	0.0011271	5.14695e-05
0	1.215	15.5	0.000824791	4.38811e-05
0	1.215	15.7	0.000662585	3.94433e-05
0	1.215	15.9	0.000619721	3.81294e-05
0	1.225	0.1	0.874306	0.000508337
0	1.225	0.3	0.872046	0.000509401
0	1.225	0.5	0.870936	0.000515539
0	1.225	0.7	0.872821	0.000511658
0	1.225	0.9	0.872036	0.000512508
0	1.225	1.1	0.86949	0.000515449
0	1.225	1.3	0.866101	0.000519841
0	1.225	1.5	0.869717	0.000515873
0	1.225	1.7	0.857215	0.000537632
0	1.225	1.9	0.857069	0.000536585
0	1.225	2.1	0.855586	0.000540412
0	1.225	2.3	0.843332	0.000558782
0	1.225	2.5	0.841714	0.000560133
0	1.225	2.7	0.827061	0.000580255
0	1.225	2.9	0.812147	0.000602665
0	1.225	3.1	0.79701	0.00061861
0	1.225	3.3	0.771384	0.000644404
0	1.225	3.5	0.739645	0.00067394
0	1.225	3.7	0.707417	0.00069882
0	1.225	3.9	0.671964	0.000720317
0	1.225	4.1	0.630902	0.000740289
0	1.225	4.3	0.593099	0.000753801
0	1.225	4.5	0.555157	0.000764396
0	1.225	4.7	0.51089	0.000767616
0	1.225	4.9	0.463118	0.00076558
0	1.225	5.1	0.432886	0.000756703
0	1.225	5.3	0.397238	0.00075161
0	1.225	5.5	0.362069	0.000734587
0	1.225	5.7	0.331992	0.00071591
0	1.225	5.9	0.302626	0.000703676
0	1.225	6.1	0.273337	0.000679803
0	1.225	6.3	0.252371	0.000667166
0	1.225	6.5	0.224879	0.000640288
0	1.225	6.7	0.208549	0.000621353
0	1.225	6.9	0.185056	0.000596045
0	1.225	7.1	0.170748	0.000579964
0	1.225	7.3	0.154069	0.000552111
0	1.225	7.5	0.140815	0.000532174
0	1.225	7.7	0.12791	0.000513548
0	1.225	7.9	0.117308	0.000493813
0	1.225	8.1	0.103701	0.00046599
0	1.225	8.3	0.0960574	0.000451171
0	1.225	8.5	0.0887662	0.000438606
0	1.225	8.7	0.0785126	0.000412881
0	1.225	8.9	0.0744729	0.000403373
0	1.225	9.1	0.0663607	0.000380764
0	1.225	9.3	0.0563964	0.000352962
0	1.225	9.5	0.0538484	0.000344939
0	1.225	9.7	0.0509771	0.00033926
0	1.225	9.9	0.0464216	0.000322131
0	1.225	10.1	0.0405	0.000301346
0	1.225	10.3	0.0360217	0.000286789
0	1.225	10.5	0.0350074	0.000284169
0	1.225	10.7	0.0311024	0.000266156
0	1.225	10.9	0.0277071	0.000252385
0	1.225	11.1	0.0247402	0.000237172
0	1.225	11.3	0.024022	0.000235337
0	1.225	11.5	0.0213614	0.0002207
0	1.225	11.7	0.0180408	0.000203864
0	1.225	11.9	0.0165722	0.000195246
0	1.225	12.1	0.0160686	0.000191716
0	1.225	12.3	0.0132653	0.000176259
0	1.225	12.5	0.0125396	0.00017142
0	1.225	12.7	0.0098729	0.000152462
0	1.225	12.9	0.00876367	0.000142825
0	1.225	13.1	0.00878986	0.000143887
0	1.225	13.3	0.00610501	0.000119964
0	1.225	13.5	0.00620795	0.000120174
0	1.225	13.7	0.00484929	0.000106532
0	1.225	13.9	0.00527337	0.000110854
0	1.225	14.1	0.00346134	9.00917e-05
0	1.225	14.3	0.00321345	8.67103e-05
0	1.225	14.5	0.0028331	8.07652e-05
0	1.225	14.7	0.00249871	7.66874e-05
0	1.225	14.9	0.00230223	7.35699e-05
0	1.225	15.1	0.0016572	6.22297e-05
0	1.225	15.3	0.00149829	5.92732e-05
0	1.225	15.5	0.000918744	4.63232e-05
0	1.225	15.7	0.00135314	5.65886e-05
0	1.225	15.9	0.000725866	4.1345e-05
0	1.235	0.1	0.874398	0.000507656
0	1.235	0.3	0.87563	0.000506873
0	1.235	0.5	0.876061	0.000506528
0	1.235	0.7	0.87702	0.000503498
0	1.235	0.9	0.874627	0.000510526
0	1.235	1.1	0.871741	0.00051209
0	1.235	1.3	0.870796	0.00051807
0	1.235	1.5	0.866936	0.000521703
0	1.235	1.7	0.864905	0.000525013
0	1.235	1.9	0.863881	0.0005245
0	1.235	2.1	0.85798	0.000534284
0	1.235	2.3	0.854771	0.000538971
0	1.235	2.5	0.843604	0.000557578
0	1.235	2.7	0.833554	0.000574249
0	1.235	2.9	0.818048	0.000591614
0	1.235	3.1	0.800976	0.000613032
0	1.235	3.3	0.777968	0.000637973
0	1.235	3.5	0.750877	0.000664927
0	1.235	3.7	0.718584	0.000690361
0	1.235	3.9	0.690155	0.000709025
0	1.235	4.1	0.645587	0.000731178
0	1.235	4.3	0.604669	0.000754271
0	1.235	4.5	0.567459	0.000761738
0	1.235	4.7	0.521933	0.000769057
0	1.235	4.9	0.483862	0.000769217
0	1.235	5.1	0.442571	0.000766842
0	1.235	5.3	0.417963	0.000757874
0	1.235	5.5	0.377382	0.000743228
0	1.235	5.7	0.343851	0.000729198
0	1.235	5.9	0.322371	0.000714702
0	1.235	6.1	0.294467	0.00069886
0	1.235	6.3	0.265432	0.000676289
0	1.235	6.5	0.245856	0.000660905
0	1.235	6.7	0.221655	0.000636392
0	1.235	6.9	0.200291	0.000613056
0	1.235	7.1	0.186447	0.000595479
0	1.235	7.3	0.164216	0.000567052
0	1.235	7.5	0.151671	0.000550592
0	1.235	7.7	0.136136	0.000523283
0	1.235	7.9	0.124959	0.000507128
0	1.235	8.1	0.114125	0.000485111
0	1.235	8.3	0.107356	0.000475443
0	1.235	8.5	0.0947543	0.000452399
0	1.235	8.7	0.0870806	0.000434362
0	1.235	8.9	0.07804	0.00040947
0	1.235	9.1	0.0729579	0.000398932
0	1.235	9.3	0.067418	0.000383733
0	1.235	9.5	0.0617051	0.000372082
0	1.235	9.7	0.0583445	0.000357121
0	1.235	9.9	0.0515406	0.000339023
0	1.235	10.1	0.04574	0.000319628
0	1.235	10.3	0.0414446	0.000306189
0	1.235	10.5	0.0391935	0.00029678
0	1.235	10.7	0.0348505	0.000281025
0	1.235	10.9	0.0347646	0.000279771
0	1.235	11.1	0.0311649	0.000266743
0	1.235	11.3	0.0271195	0.000249709
0	1.235	11.5	0.0249669	0.000238255
0	1.235	11.7	0.0232879	0.000231968
0	1.235	11.9	0.0215763	0.000225331
0	1.235	12.1	0.0182914	0.000205312
0	1.235	12.3	0.0165868	0.000197732
0	1.235	12.5	0.0146193	0.000185156
0	1.235	12.7	0.0135616	0.000177366
0	1.235	12.9	0.012088	0.00016765
0	1.235	13.1	0.00933304	0.000147637
0	1.235	13.3	0.00774833	0.000134746
0	1.235	13.5	0.00619496	0.000120515
0	1.235	13.7	0.00668773	0.000125382
0	1.235	13.9	0.00473992	0.000105004
0	1.235	14.1	0.00426434	0.000100297
0	1.235	14.3	0.0036328	9.18393e-05
0	1.235	14.5	0.00321654	8.6604e-05
0	1.235	14.7	0.00257597	7.76388e-05
0	1.235	14.9	0.00230828	7.32034e-05
0	1.235	15.1	0.00197212	6.79372e-05
0	1.235	15.3	0.00194412	6.73753e-05
0	1.235	15.5	0.00199409	6.90223e-05
0	1.235	15.7	0.00146736	5.84645e-05
0	1.235	15.9	0.000880506	4.55708e-05
0	1.245	0.1	0.879892	0.000498398
0	1.245	0.3	0.878493	0.000500922
0	1.245	0.5	0.878378	0.000502879
0	1.245	0.7	0.879972	0.000497723
0	1.245	0.9	0.874344	0.000508366
0	1.245	1.1	0.874124	0.000511646
0	1.245	1.3	0.876255	0.000504595
0	1.245	1.5	0.873156	0.000508081
0	1.245	1.7	0.869726	0.000514968
0	1.245	1.9	0.866659	0.000523156
0	1.245	2.1	0.863202	0.000523627
0	1.245	2.3	0.857484	0.000534606
0	1.245	2.5	0.849466	0.000549122
0	1.245	2.7	0.842148	0.000558863
0	1.245	2.9	0.829826	0.000576505
0	1.245	3.1	0.808747	0.00060088
0	1.245	3.3	0.788826	0.000623764
0	1.245	3.5	0.761263	0.000655915
0	1.245	3.7	0.727746	0.000682885
0	1.245	3.9	0.697966	0.000704441
0	1.245	4.1	0.669241	0.000715561
0	1.245	4.3	0.622423	0.000743682
0	1.245	4.5	0.58122	0.000755615
0	1.245	4.7	0.544811	0.000763295
0	1.245	4.9	0.498807	0.000765926
0	1.245	5.1	0.460289	0.000763982
0	1.245	5.3	0.425022	0.000755063
0	1.245	5.5	0.402362	0.000750837
0	1.245	5.7	0.363202	0.000736551
0	1.245	5.9	0.333906	0.000723795
0	1.245	6.1	0.303123	0.000706616
0	1.245	6.3	0.27731	0.000687549
0	1.245	6.5	0.251638	0.000664909
0	1.245	6.7	0.232269	0.000645007
0	1.245	6.9	0.21295	0.000626853
0	1.245	7.1	0.190888	0.000599303
0	1.245	7.3	0.177289	0.000583356
0	1.245	7.5	0.161085	0.00056514
0	1.245	7.7	0.148	0.000544847
0	1.245	7.9	0.1372	0.000525085
0	1.245	8.1	0.127632	0.000510608
0	1.245	8.3	0.11438	0.000490367
0	1.245	8.5	0.102622	0.000465592
0	1.245	8.7	0.101147	0.000461672
0	1.245	8.9	0.0906991	0.000442466
0	1.245	9.1	0.0801241	0.000415615
0	1.245	9.3	0.0765491	0.000406067
0	1.245	9.5	0.0721485	0.000397776
0	1.245	9.7	0.0657535	0.000380494
0	1.245	9.9	0.0593155	0.000363492
0	1.245	10.1	0.0550364	0.00034949
0	1.245	10.3	0.0504844	0.000335927
0	1.245	10.5	0.0460025	0.00032212
0	1.245	10.7	0.0405088	0.000300261
0	1.245	10.9	0.0394411	0.000298358
0	1.245	11.1	0.0356251	0.00028411
0	1.245	11.3	0.0323154	0.000271275
0	1.245	11.5	0.030292	0.000261292
0	1.245	11.7	0.0269269	0.000247637
0	1.245	11.9	0.022998	0.000229546
0	1.245	12.1	0.0213632	0.000221433
0	1.245	12.3	0.0195139	0.00021185
0	1.245	12.5	0.0178462	0.000203965
0	1.245	12.7	0.0162054	0.000193028
0	1.245	12.9	0.0146891	0.000184819
0	1.245	13.1	0.013061	0.000175344
0	1.245	13.3	0.0104285	0.000156607
0	1.245	13.5	0.00982086	0.000151099
0	1.245	13.7	0.00825863	0.000138584
0	1.245	13.9	0.0085564	0.000140673
0	1.245	14.1	0.00553916	0.000113874
0	1.245	14.3	0.00597361	0.00011808
0	1.245	14.5	0.00417371	9.88308e-05
0	1.245	14.7	0.00399426	9.66813e-05
0	1.245	14.9	0.00328276	8.77167e-05
0	1.245	15.1	0.00274221	8.05425e-05
0	1.245	15.3	0.00230593	7.39535e-05
0	1.245	15.5	0.00249622	7.6431e-05
0	1.245	15.7	0.00172947	6.36939e-05
0	1.245	15.9	0.00107222	5.00746e-05
0	1.255	0.1	0.881762	0.000494989
0	1.255	0.3	0.880502	0.000499448
0	1.255	0.5	0.881637	0.000498076
0	1.255	0.7	0.880819	0.000497877
0	1.255	0.9	0.878929	0.000500705
0	1.255	1.1	0.879504	0.000498713
0	1.255	1.3	0.876829	0.000504553
0	1.255	1.5	0.878596	0.000501265
0	1.255	1.7	0.874887	0.00050754
0	1.255	1.9	0.870701	0.000514252
0	1.255	2.1	0.864325	0.000523332
0	1.255	2.3	0.859545	0.000533761
0	1.255	2.5	0.855468	0.000540856
0	1.255	2.7	0.844138	0.000558148
0	1.255	2.9	0.829456	0.000575399
0	1.255	3.1	0.814053	0.000594466
0	1.255	3.3	0.795317	0.000617963
0	1.255	3.5	0.771885	0.00064387
0	1.255	3.7	0.737018	0.000675871
0	1.255	3.9	0.707598	0.000696718
0	1.255	4.1	0.673738	0.00071673
0	1.255	4.3	0.632638	0.00073919
0	1.255	4.5	0.59768	0.000752228
0	1.255	4.7	0.553506	0.000762746
0	1.255	4.9	0.510432	0.000758482
0	1.255	5.1	0.472765	0.000767072
0	1.255	5.3	0.436025	0.000760666
0	1.255	5.5	0.401406	0.000752328
0	1.255	5.7	0.37715	0.000745566
0	1.255	5.9	0.348163	0.000730719
0	1.255	6.1	0.321753	0.000717314
0	1.255	6.3	0.292889	0.000696426
0	1.255	6.5	0.274862	0.000682359
0	1.255	6.7	0.243215	0.000660482
0	1.255	6.9	0.226259	0.000643354
0	1.255	7.1	0.203562	0.000615411
0	1.255	7.3	0.187473	0.000598015
0	1.255	7.5	0.173173	0.000580374
0	1.255	7.7	0.16016	0.000562626
0	1.255	7.9	0.143632	0.000538145
0	1.255	8.1	0.138807	0.000530399
0	1.255	8.3	0.121789	0.000503528
0	1.255	8.5	0.111135	0.000484039
0	1.255	8.7	0.102119	0.000465655
0	1.255	8.9	0.0948029	0.000449277
0	1.255	9.1	0.0908252	0.000441378
0	1.255	9.3	0.0820803	0.000421129
0	1.255	9.5	0.0807526	0.00041875
0	1.255	9.7	0.0746194	0.000403744
0	1.255	9.9	0.0658328	0.000380861
0	1.255	10.1	0.0634622	0.000375204
0	1.255	10.3	0.0570726	0.000354609
0	1.255	10.5	0.0484591	0.000329877
0	1.255	10.7	0.0490258	0.000329592
0	1.255	10.9	0.0441655	0.000316104
0	1.255	11.1	0.040259	0.000301106
0	1.255	11.3	0.039469	0.000298094
0	1.255	11.5	0.0355892	0.000283979
0	1.255	11.7	0.0316985	0.000268061
0	1.255	11.9	0.0318728	0.000270181
0	1.255	12.1	0.0289711	0.000256341
0	1.255	12.3	0.023403	0.000233029
0	1.255	12.5	0.0219907	0.000225391
0	1.255	12.7	0.0204451	0.000216248
0	1.255	12.9	0.0168026	0.000196939
0	1.255	13.1	0.0158388	0.000192021
0	1.255	13.3	0.0132783	0.000175397
0	1.255	13.5	0.0108646	0.000159544
0	1.255	13.7	0.0104747	0.00015671
0	1.255	13.9	0.00853481	0.000140243
0	1.255	14.1	0.00729408	0.00013095
0	1.255	14.3	0.00642376	0.000123319
0	1.255	14.5	0.00625646	0.000121293
0	1.255	14.7	0.00460048	0.00010402
0	1.255	14.9	0.00343201	8.96349e-05
0	1.255	15.1	0.00297028	8.34875e-05
0	1.255	15.3	0.00320558	8.64352e-05
0	1.255	15.5	0.00237291	7.42468e-05
0	1.255	15.7	0.00157882	6.08563e-05
0	1.255	15.9	0.00149501	5.88675e-05
0	1.265	0.1	0.883811	0.00049161
0	1.265	0.3	0.886785	0.000483755
0	1.265	0.5	0.879961	0.000498761
0	1.265	0.7	0.881993	0.000496341
0	1.265	0.9	0.881658	0.000497094
0	1.265	1.1	0.880489	0.000495733
0	1.265	1.3	0.880707	0.000501412
0	1.265	1.5	0.88134	0.000495088
0	1.265	1.7	0.872822	0.000508391
0	1.265	1.9	0.874678	0.000508059
0	1.265	2.1	0.874535	0.000506438
0	1.265	2.3	0.864061	0.000524717
0	1.265	2.5	0.861822	0.00053162
0	1.265	2.7	0.850654	0.000547645
0	1.265	2.9	0.841189	0.000559951
0	1.265	3.1	0.827421	0.00058293
0	1.265	3.3	0.803922	0.000609974
0	1.265	3.5	0.77998	0.000636565
0	1.265	3.7	0.754741	0.000658142
0	1.265	3.9	0.72236	0.000685346
0	1.265	4.1	0.683202	0.000713895
0	1.265	4.3	0.643553	0.000735779
0	1.265	4.5	0.608264	0.000747388
0	1.265	4.7	0.565598	0.000759359
0	1.265	4.9	0.526427	0.000768537
0	1.265	5.1	0.49462	0.000767538
0	1.265	5.3	0.454857	0.000768064
0	1.265	5.5	0.419986	0.000757182
0	1.265	5.7	0.389921	0.000748649
0	1.265	5.9	0.357056	0.000738303
0	1.265	6.1	0.337692	0.00072111
0	1.265	6.3	0.301773	0.00070378
0	1.265	6.5	0.276668	0.000685604
0	1.265	6.7	0.257642	0.000668809
0	1.265	6.9	0.233815	0.000651429
0	1.265	7.1	0.216341	0.000633291
0	1.265	7.3	0.196331	0.000607607
0	1.265	7.5	0.180395	0.00059107
0	1.265	7.7	0.165503	0.000569534
0	1.265	7.9	0.152289	0.000548708
0	1.265	8.1	0.146327	0.000542152
0	1.265	8.3	0.12763	0.000510828
0	1.265	8.5	0.121853	0.000501427
0	1.265	8.7	0.108013	0.00047849
0	1.265	8.9	0.10595	0.000471066
0	1.265	9.1	0.0995537	0.000459745
0	1.265	9.3	0.0910922	0.000440851
0	1.265	9.5	0.0896553	0.000439144
0	1.265	9.7	0.0777516	0.000408778
0	1.265	9.9	0.0740559	0.000400856
0	1.265	10.1	0.0675906	0.000384499
0	1.265	10.3	0.0616277	0.000368376
0	1.265	10.5	0.0587923	0.000362242
0	1.265	10.7	0.0558387	0.000351388
0	1.265	10.9	0.0533723	0.000344745
0	1.265	11.1	0.0468377	0.000324318
0	1.265	11.3	0.042574	0.000310052
0	1.265	11.5	0.0401249	0.000300028
0	1.265	11.7	0.0369128	0.000289653
0	1.265	11.9	0.0354715	0.000283123
0	1.265	12.1	0.0323036	0.000271326
0	1.265	12.3	0.0289416	0.000257269
0	1.265	12.5	0.0280831	0.000254032
0	1.265	12.7	0.0261131	0.000243764
0	1.265	12.9	0.0223143	0.000227985
0	1.265	13.1	0.0204495	0.00021606
0	1.265	13.3	0.0171551	0.00019911
0	1.265	13.5	0.0146364	0.000184636
0	1.265	13.7	0.012734	0.00017161
0	1.265	13.9	0.0116441	0.00016507
0	1.265	14.1	0.00986405	0.000150915
0	1.265	14.3	0.00777353	0.000135059
0	1.265	14.5	0.00659452	0.000124659
0	1.265	14.7	0.00612624	0.000119939
0	1.265	14.9	0.00460874	0.000103887
0	1.265	15.1	0.00419192	9.90661e-05
0	1.265	15.3	0.00247446	7.66349e-05
0	1.265	15.5	0.00273763	8.04082e-05
0	1.265	15.7	0.00173964	6.35949e-05
0	1.265	15.9	0.00284246	8.18018e-05
0	1.275	0.1	0.891466	0.000477083
0	1.275	0.3	0.886615	0.000485701
0	1.275	0.5	0.884355	0.00049278
0	1.275	0.7	0.883822	0.000489461
0	1.275	0.9	0.884511	0.000491399
0	1.275	1.1	0.885228	0.000486064
0	1.275	1.3	0.88554	0.000487962
0	1.275	1.5	0.88001	0.000501158
0	1.275	1.7	0.877049	0.000503806
0	1.275	1.9	0.874106	0.000508342
0	1.275	2.1	0.876107	0.000506077
0	1.275	2.3	0.866364	0.000523183
0	1.275	2.5	0.865488	0.000521571
0	1.275	2.7	0.854285	0.000542069
0	1.275	2.9	0.844186	0.000558606
0	1.275	3.1	0.830745	0.000575678
0	1.275	3.3	0.811545	0.00059918
0	1.275	3.5	0.788609	0.000627165
0	1.275	3.7	0.768035	0.000650344
0	1.275	3.9	0.728894	0.000685329
0	1.275	4.1	0.693404	0.000708052
0	1.275	4.3	0.661127	0.000725803
0	1.275	4.5	0.616189	0.000750368
0	1.275	4.7	0.576428	0.000755624
0	1.275	4.9	0.535188	0.000766059
0	1.275	5.1	0.497331	0.000767888
0	1.275	5.3	0.473332	0.000761746
0	1.275	5.5	0.437015	0.000762285
0	1.275	5.7	0.397707	0.000750285
0	1.275	5.9	0.370704	0.000745226
0	1.275	6.1	0.34426	0.000729961
0	1.275	6.3	0.313286	0.000711056
0	1.275	6.5	0.292381	0.000693934
0	1.275	6.7	0.267468	0.000677749
0	1.275	6.9	0.24656	0.000659379
0	1.275	7.1	0.227574	0.000644402
0	1.275	7.3	0.209432	0.000623497
0	1.275	7.5	0.191471	0.00060253
0	1.275	7.7	0.174945	0.00058317
0	1.275	7.9	0.165434	0.000573986
0	1.275	8.1	0.152432	0.000549802
0	1.275	8.3	0.135933	0.000525874
0	1.275	8.5	0.134694	0.000523068
0	1.275	8.7	0.124846	0.000506523
0	1.275	8.9	0.113738	0.0004871
0	1.275	9.1	0.10497	0.000469339
0	1.275	9.3	0.0974739	0.000452924
0	1.275	9.5	0.0900865	0.000439827
0	1.275	9.7	0.0878824	0.000430925
0	1.275	9.9	0.0816581	0.000419553
0	1.275	10.1	0.0759259	0.000406575
0	1.275	10.3	0.0667441	0.00038277
0	1.275	10.5	0.0652997	0.000378652
0	1.275	10.7	0.062962	0.000370135
0	1.275	10.9	0.0583414	0.000360175
0	1.275	11.1	0.0549838	0.000351536
0	1.275	11.3	0.0500315	0.000334777
0	1.275	11.5	0.0467226	0.000323232
0	1.275	11.7	0.0445672	0.000317292
0	1.275	11.9	0.0416605	0.000304456
0	1.275	12.1	0.0385952	0.00029651
0	1.275	12.3	0.0334242	0.000274069
0	1.275	12.5	0.0289458	0.000256971
0	1.275	12.7	0.0276298	0.000251562
0	1.275	12.9	0.0255776	0.000240755
0	1.275	13.1	0.0237348	0.00023414
0	1.275	13.3	0.0213303	0.000219736
0	1.275	13.5	0.0182314	0.000205291
0	1.275	13.7	0.0154125	0.000188907
0	1.275	13.9	0.0150013	0.000186469
0	1.275	14.1	0.0115297	0.00016321
0	1.275	14.3	0.00979652	0.000150529
0	1.275	14.5	0.0097522	0.000150716
0	1.275	14.7	0.00758001	0.000132949
0	1.275	14.9	0.00597463	0.000117985
0	1.275	15.1	0.0054109	0.000112765
0	1.275	15.3	0.00402578	9.79046e-05
0	1.275	15.5	0.00316007	8.70717e-05
0	1.275	15.7	0.00340229	8.92888e-05
0	1.275	15.9	0.00231839	7.36349e-05
0	1.285	0.1	0.88895	0.000483059
0	1.285	0.3	0.890821	0.00047981
0	1.285	0.5	0.890439	0.000479129
0	1.285	0.7	0.888387	0.000481364
0	1.285	0.9	0.889546	0.000478884
0	1.285	1.1	0.887094	0.000485765
0	1.285	1.3	0.883755	0.000493602
0	1.285	1.5	0.881297	0.000498223
0	1.285	1.7	0.879664	0.00049937
0	1.285	1.9	0.884403	0.000493641
0	1.285	2.1	0.873563	0.000512979
0	1.285	2.3	0.876486	0.000505661
0	1.285	2.5	0.869262	0.000518785
0	1.285	2.7	0.863231	0.000526123
0	1.285	2.9	0.854065	0.000544002
0	1.285	3.1	0.838026	0.000565311
0	1.285	3.3	0.824681	0.000583533
0	1.285	3.5	0.79588	0.000619205
0	1.285	3.7	0.768329	0.000646891
0	1.285	3.9	0.741405	0.000676818
0	1.285	4.1	0.699516	0.000705843
0	1.285	4.3	0.663702	0.000724356
0	1.285	4.5	0.628558	0.000740069
0	1.285	4.7	0.590465	0.000753233
0	1.285	4.9	0.547331	0.000763014
0	1.285	5.1	0.518114	0.000762883
0	1.285	5.3	0.479736	0.000769633
0	1.285	5.5	0.448221	0.000760726
0	1.285	5.7	0.409511	0.000753144
0	1.285	5.9	0.384436	0.000744586
0	1.285	6.1	0.355256	0.000732725
0	1.285	6.3	0.327399	0.000715754
0	1.285	6.5	0.302493	0.000707433
0	1.285	6.7	0.276457	0.000685744
0	1.285	6.9	0.250189	0.000664126
0	1.285	7.1	0.236136	0.00065241
0	1.285	7.3	0.213436	0.000630398
0	1.285	7.5	0.202003	0.00061721
0	1.285	7.7	0.187296	0.000599914
0	1.285	7.9	0.170194	0.000576453
0	1.285	8.1	0.157651	0.000558244
0	1.285	8.3	0.151938	0.000556635
0	1.285	8.5	0.136647	0.000526789
0	1.285	8.7	0.130467	0.000518064
0	1.285	8.9	0.118189	0.000496211
0	1.285	9.1	0.117226	0.000495211
0	1.285	9.3	0.10519	0.000468859
0	1.285	9.5	0.101842	0.000463601
0	1.285	9.7	0.0940998	0.000447731
0	1.285	9.9	0.0873334	0.000431
0	1.285	10.1	0.0792221	0.000412576
0	1.285	10.3	0.0769629	0.000409019
0	1.285	10.5	0.0721227	0.000397979
0	1.285	10.7	0.0696234	0.000389547
0	1.285	10.9	0.0632462	0.00037462
0	1.285	11.1	0.0598892	0.000363858
0	1.285	11.3	0.0560715	0.000353373
0	1.285	11.5	0.0522858	0.000340056
0	1.285	11.7	0.0495344	0.000333373
0	1.285	11.9	0.0463095	0.000320652
0	1.285	12.1	0.0409142	0.000302924
0	1.285	12.3	0.0389003	0.000295443
0	1.285	12.5	0.0358276	0.000285263
0	1.285	12.7	0.0329208	0.000273282
0	1.285	12.9	0.030844	0.000265307
0	1.285	13.1	0.0274263	0.000250548
0	1.285	13.3	0.0255369	0.000242201
0	1.285	13.5	0.0218646	0.000223025
0	1.285	13.7	0.0193608	0.000211416
0	1.285	13.9	0.0161853	0.000193461
0	1.285	14.1	0.0153497	0.000188474
0	1.285	14.3	0.0119016	0.000166645
0	1.285	14.5	0.0130586	0.000174596
0	1.285	14.7	0.00843905	0.000140742
0	1.285	14.9	0.00857409	0.000141777
0	1.285	15.1	0.00654399	0.000123908
0	1.285	15.3	0.00496098	0.000107554
0	1.285	15.5	0.00429955	0.000101067
0	1.285	15.7	0.00328477	8.72098e-05
0	1.285	15.9	0.0026339	7.90591e-05
0	1.295	0.1	0.893486	0.000471125
0	1.295	0.3	0.892976	0.000473699
0	1.295	0.5	0.888692	0.000484291
0	1.295	0.7	0.886605	0.000485602
0	1.295	0.9	0.889874	0.000478115
0	1.295	1.1	0.889601	0.000480041
0	1.295	1.3	0.88758	0.000483512
0	1.295	1.5	0.884454	0.000490607
0	1.295	1.7	0.890687	0.000479891
0	1.295	1.9	0.883536	0.000490665
0	1.295	2.1	0.88241	0.00049285
0	1.295	2.3	0.876891	0.000507182
0	1.295	2.5	0.872649	0.000510691
0	1.295	2.7	0.862614	0.000527209
0	1.295	2.9	0.860364	0.000531022
0	1.295	3.1	0.843858	0.000555366
0	1.295	3.3	0.822444	0.000585582
0	1.295	3.5	0.806102	0.000606618
0	1.295	3.7	0.776176	0.000637671
0	1.295	3.9	0.749124	0.000663123
0	1.295	4.1	0.716784	0.000692772
0	1.295	4.3	0.675755	0.000718381
0	1.295	4.5	0.638663	0.000734457
0	1.295	4.7	0.600628	0.000746691
0	1.295	4.9	0.560838	0.000762042
0	1.295	5.1	0.530518	0.000759381
0	1.295	5.3	0.494964	0.000768042
0	1.295	5.5	0.454066	0.000766803
0	1.295	5.7	0.427057	0.00075989
0	1.295	5.9	0.392412	0.00074978
0	1.295	6.1	0.361284	0.000735377
0	1.295	6.3	0.332999	0.000722442
0	1.295	6.5	0.308102	0.000704965
0	1.295	6.7	0.28924	0.000694457
0	1.295	6.9	0.262278	0.000675172
0	1.295	7.1	0.245381	0.000662172
0	1.295	7.3	0.219997	0.000633537
0	1.295	7.5	0.208842	0.000617499
0	1.295	7.7	0.192001	0.000602821
0	1.295	7.9	0.176954	0.000583579
0	1.295	8.1	0.169882	0.000580771
0	1.295	8.3	0.154365	0.00055522
0	1.295	8.5	0.147416	0.000543986
0	1.295	8.7	0.138345	0.000532927
0	1.295	8.9	0.124302	0.000506061
0	1.295	9.1	0.122044	0.000503222
0	1.295	9.3	0.112164	0.000482538
0	1.295	9.5	0.10748	0.000473103
0	1.295	9.7	0.101467	0.000465936
0	1.295	9.9	0.0922859	0.000445366
0	1.295	10.1	0.0883847	0.000435716
0	1.295	10.3	0.0848733	0.000428061
0	1.295	10.5	0.078791	0.000413464
0	1.295	10.7	0.0740724	0.000402601
0	1.295	10.9	0.0696723	0.000393246
0	1.295	11.1	0.065233	0.000379964
0	1.295	11.3	0.0619022	0.000368931
0	1.295	11.5	0.0583282	0.000359529
0	1.295	11.7	0.0565145	0.000354076
0	1.295	11.9	0.0487983	0.000329648
0	1.295	12.1	0.0489628	0.000331144
0	1.295	12.3	0.0444897	0.00031536
0	1.295	12.5	0.0395953	0.0002995
0	1.295	12.7	0.0370384	0.000290369
0	1.295	12.9	0.0359107	0.000284531
0	1.295	13.1	0.0324907	0.000271323
0	1.295	13.3	0.0283578	0.00025419
0	1.295	13.5	0.0263744	0.000246767
0	1.295	13.7	0.022198	0.000226448
0	1.295	13.9	0.0213261	0.000221016
0	1.295	14.1	0.0179363	0.000204173
0	1.295	14.3	0.0133965	0.000176605
0	1.295	14.5	0.0124831	0.00017009
0	1.295	14.7	0.0110344	0.000159808
0	1.295	14.9	0.00964907	0.000149745
0	1.295	15.1	0.00736808	0.000130671
0	1.295	15.3	0.0062975	0.000120858
0	1.295	15.5	0.00568645	0.000114533
0	1.295	15.7	0.0044522	0.000102645
0	1.295	15.9	0.00367348	9.28955e-05
0	1.305	0.1	0.891238	0.000479459
0	1.305	0.3	0.892314	0.000474681
0	1.305	0.5	0.894006	0.000473541
0	1.305	0.7	0.894098	0.000470719
0	1.305	0.9	0.890699	0.000478298
0	1.305	1.1	0.892201	0.000478642
0	1.305	1.3	0.892901	0.000473603
0	1.305	1.5	0.891152	0.000476979
0	1.305	1.7	0.889014	0.000482905
0	1.305	1.9	0.885469	0.000489428
0	1.305	2.1	0.885037	0.000488456
0	1.305	2.3	0.878355	0.000503544
0	1.305	2.5	0.878487	0.000502413
0	1.305	2.7	0.868652	0.000516715
0	1.305	2.9	0.861701	0.000532981
0	1.305	3.1	0.848801	0.000546503
0	1.305	3.3	0.828574	0.000578682
0	1.305	3.5	0.81946	0.000592084
0	1.305	3.7	0.780753	0.000631291
0	1.305	3.9	0.755698	0.000656211
0	1.305	4.1	0.726853	0.000685131
0	1.305	4.3	0.685891	0.000709914
0	1.305	4.5	0.649201	0.000730486
0	1.305	4.7	0.608134	0.000749778
0	1.305	4.9	0.567034	0.000756781
0	1.305	5.1	0.535004	0.00076532
0	1.305	5.3	0.501692	0.000766765
0	1.305	5.5	0.465038	0.000768724
0	1.305	5.7	0.434282	0.000758417
0	1.305	5.9	0.403341	0.000754109
0	1.305	6.1	0.373011	0.000739438
0	1.305	6.3	0.344053	0.000726476
0	1.305	6.5	0.314612	0.000712103
0	1.305	6.7	0.291576	0.000699311
0	1.305	6.9	0.268393	0.000682071
0	1.305	7.1	0.246991	0.000661912
0	1.305	7.3	0.227889	0.000642083
0	1.305	7.5	0.217739	0.000632659
0	1.305	7.7	0.196663	0.000611288
0	1.305	7.9	0.186975	0.000596381
0	1.305	8.1	0.170519	0.0005769
0	1.305	8.3	0.157831	0.000558834
0	1.305	8.5	0.155256	0.000555153
0	1.305	8.7	0.141227	0.000534098
0	1.305	8.9	0.135235	0.000525605
0	1.305	9.1	0.126682	0.000509544
0	1.305	9.3	0.122517	0.000501294
0	1.305	9.5	0.111666	0.00048175
0	1.305	9.7	0.10765	0.000473515
0	1.305	9.9	0.0981043	0.000454802
0	1.305	10.1	0.092858	0.000445156
0	1.305	10.3	0.0887887	0.000434637
0	1.305	10.5	0.0852125	0.000428059
0	1.305	10.7	0.0799812	0.00041383
0	1.305	10.9	0.0740212	0.000399772
0	1.305	11.1	0.0718856	0.000395955
0	1.305	11.3	0.069618	0.000388318
0	1.305	11.5	0.0635581	0.000373342
0	1.305	11.7	0.0605033	0.000365147
0	1.305	11.9	0.0577188	0.000356082
0	1.305	12.1	0.0506503	0.000338012
0	1.305	12.3	0.0505662	0.000337958
0	1.305	12.5	0.0465925	0.000322734
0	1.305	12.7	0.0435161	0.000311896
0	1.305	12.9	0.0373894	0.000291499
0	1.305	13.1	0.0338811	0.000277249
0	1.305	13.3	0.0338908	0.00027725
0	1.305	13.5	0.0301631	0.000263296
0	1.305	13.7	0.0269515	0.000248868
0	1.305	13.9	0.0231877	0.000229265
0	1.305	14.1	0.0207291	0.000218608
0	1.305	14.3	0.019614	0.000212176
0	1.305	14.5	0.0171154	0.000197949
0	1.305	14.7	0.0141537	0.000182156
0	1.305	14.9	0.0117635	0.000164722
0	1.305	15.1	0.00984774	0.000150153
0	1.305	15.3	0.00832526	0.000139519
0	1.305	15.5	0.0069255	0.000127937
0	1.305	15.7	0.00644813	0.000122586
0	1.305	15.9	0.00525301	0.000110921
0	1.315	0.1	0.895818	0.000469673
0	1.315	0.3	0.891621	0.000474298
0	1.315	0.5	0.895896	0.000466796
0	1.315	0.7	0.893965	0.000471014
0	1.315	0.9	0.891763	0.000477786
0	1.315	1.1	0.894591	0.000471573
0	1.315	1.3	0.892014	0.000477214
0	1.315	1.5	0.889744	0.000480364
0	1.315	1.7	0.890582	0.000478892
0	1.315	1.9	0.887469	0.000487638
0	1.315	2.1	0.883482	0.000493884
0	1.315	2.3	0.883157	0.000494385
0	1.315	2.5	0.879579	0.000499131
0	1.315	2.7	0.87704	0.000500532
0	1.315	2.9	0.865682	0.000522404
0	1.315	3.1	0.855847	0.000535995
0	1.315	3.3	0.83925	0.000563489
0	1.315	3.5	0.813642	0.000593375
0	1.315	3.7	0.792626	0.000623404
0	1.315	3.9	0.764683	0.000652949
0	1.315	4.1	0.729451	0.000684556
0	1.315	4.3	0.698362	0.000707917
0	1.315	4.5	0.662436	0.000723408
0	1.315	4.7	0.626961	0.000743055
0	1.315	4.9	0.581415	0.000757226
0	1.315	5.1	0.546238	0.000764722
0	1.315	5.3	0.506739	0.000765727
0	1.315	5.5	0.478481	0.000764159
0	1.315	5.7	0.441184	0.000761555
0	1.315	5.9	0.407528	0.00075612
0	1.315	6.1	0.381543	0.000742583
0	1.315	6.3	0.352754	0.000731359
0	1.315	6.5	0.327183	0.000716278
0	1.315	6.7	0.298941	0.000701701
0	1.315	6.9	0.278827	0.000688439
0	1.315	7.1	0.251051	0.000662065
0	1.315	7.3	0.23703	0.000651084
0	1.315	7.5	0.218985	0.000632882
0	1.315	7.7	0.198907	0.000612039
0	1.315	7.9	0.19358	0.000606139
0	1.315	8.1	0.179001	0.000585607
0	1.315	8.3	0.164457	0.000569834
0	1.315	8.5	0.152569	0.000552686
0	1.315	8.7	0.150689	0.0005479
0	1.315	8.9	0.135668	0.000522972
0	1.315	9.1	0.128065	0.000514449
0	1.315	9.3	0.123948	0.000506893
0	1.315	9.5	0.119325	0.000499274
0	1.315	9.7	0.110063	0.000480214
0	1.315	9.9	0.104359	0.000469911
0	1.315	10.1	0.0985257	0.000457254
0	1.315	10.3	0.0957469	0.000451769
0	1.315	10.5	0.0889069	0.000435859
0	1.315	10.7	0.0839919	0.00042369
0	1.315	10.9	0.0801512	0.000417456
0	1.315	11.1	0.07339	0.000400556
0	1.315	11.3	0.0735253	0.000400699
0	1.315	11.5	0.0690479	0.000389087
0	1.315	11.7	0.0619211	0.000370488
0	1.315	11.9	0.0614278	0.000367809
0	1.315	12.1	0.0558495	0.000352423
0	1.315	12.3	0.0577149	0.000357819
0	1.315	12.5	0.0515781	0.000340008
0	1.315	12.7	0.0470403	0.000325424
0	1.315	12.9	0.0442309	0.000315229
0	1.315	13.1	0.0421171	0.000306534
0	1.315	13.3	0.0361782	0.000287869
0	1.315	13.5	0.0328156	0.000274099
0	1.315	13.7	0.03078	0.000264392
0	1.315	13.9	0.0282308	0.000254376
0	1.315	14.1	0.0250427	0.000239259
0	1.315	14.3	0.0230946	0.000229913
0	1.315	14.5	0.0194155	0.000212187
0	1.315	14.7	0.0162425	0.000193481
0	1.315	14.9	0.0144723	0.000182759
0	1.315	15.1	0.0124072	0.000169718
0	1.315	15.3	0.00966147	0.000150376
0	1.315	15.5	0.00821395	0.000137779
0	1.315	15.7	0.00781732	0.00013512
0	1.315	15.9	0.00751382	0.000132059
0	1.325	0.1	0.894459	0.000471681
0	1.325	0.3	0.895874	0.000468832
0	1.325	0.5	0.894259	0.000471961
0	1.325	0.7	0.893119	0.0004747
0	1.325	0.9	0.897681	0.000465891
0	1.325	1.1	0.894442	0.000471375
0	1.325	1.3	0.893014	0.000473057
0	1.325	1.5	0.893843	0.00047016
0	1.325	1.7	0.89806	0.000465349
0	1.325	1.9	0.890677	0.000479542
0	1.325	2.1	0.888323	0.000482884
0	1.325	2.3	0.88599	0.00048806
0	1.325	2.5	0.882462	0.000493413
0	1.325	2.7	0.879196	0.000498892
0	1.325	2.9	0.867314	0.000520461
0	1.325	3.1	0.859732	0.000535517
0	1.325	3.3	0.84284	0.000560079
0	1.325	3.5	0.828939	0.000580582
0	1.325	3.7	0.799591	0.000610726
0	1.325	3.9	0.772922	0.000642275
0	1.325	4.1	0.736258	0.000673548
0	1.325	4.3	0.704153	0.000701646
0	1.325	4.5	0.670464	0.000719143
0	1.325	4.7	0.624097	0.000742973
0	1.325	4.9	0.586691	0.000758177
0	1.325	5.1	0.553237	0.000762119
0	1.325	5.3	0.514698	0.000765115
0	1.325	5.5	0.480797	0.000765867
0	1.325	5.7	0.449754	0.000759142
0	1.325	5.9	0.421414	0.000758289
0	1.325	6.1	0.386927	0.000748245
0	1.325	6.3	0.364797	0.0007367
0	1.325	6.5	0.330405	0.000724036
0	1.325	6.7	0.306103	0.00070873
0	1.325	6.9	0.283104	0.000694976
0	1.325	7.1	0.262827	0.000675244
0	1.325	7.3	0.241049	0.000653007
0	1.325	7.5	0.222812	0.000640845
0	1.325	7.7	0.209323	0.000621643
0	1.325	7.9	0.198078	0.000611651
0	1.325	8.1	0.186944	0.000598248
0	1.325	8.3	0.170456	0.000575734
0	1.325	8.5	0.161663	0.000562659
0	1.325	8.7	0.152544	0.000551342
0	1.325	8.9	0.146075	0.000540742
0	1.325	9.1	0.134469	0.000521702
0	1.325	9.3	0.12929	0.0005161
0	1.325	9.5	0.11613	0.000491409
0	1.325	9.7	0.113418	0.000484047
0	1.325	9.9	0.107204	0.000476439
0	1.325	10.1	0.106662	0.000474505
0	1.325	10.3	0.102068	0.000464053
0	1.325	10.5	0.0917888	0.000442436
0	1.325	10.7	0.0903301	0.000441722
0	1.325	10.9	0.0837605	0.000424294
0	1.325	11.1	0.0790804	0.000413438
0	1.325	11.3	0.0764444	0.000407419
0	1.325	11.5	0.0714251	0.000394258
0	1.325	11.7	0.0687802	0.00038845
0	1.325	11.9	0.0670059	0.000384359
0	1.325	12.1	0.0598216	0.000364723
0	1.325	12.3	0.0595258	0.000365801
0	1.325	12.5	0.0556825	0.000351031
0	1.325	12.7	0.0513098	0.000336778
0	1.325	12.9	0.0478689	0.000326885
0	1.325	13.1	0.0455601	0.000320549
0	1.325	13.3	0.0444703	0.000315184
0	1.325	13.5	0.0350344	0.000281997
0	1.325	13.7	0.0364292	0.000286728
0	1.325	13.9	0.0295135	0.000258291
0	1.325	14.1	0.0289417	0.000256478
0	1.325	14.3	0.0254604	0.000241921
0	1.325	14.5	0.0199793	0.000213516
0	1.325	14.7	0.0205056	0.000217477
0	1.325	14.9	0.0178717	0.000202457
0	1.325	15.1	0.0146885	0.000185095
0	1.325	15.3	0.0127091	0.000172181
0	1.325	15.5	0.011024	0.000161274
0	1.325	15.7	0.00977804	0.000150193
0	1.325	15.9	0.00840019	0.000140057
0	1.335	0.1	0.902932	0.000455817
0	1.335	0.3	0.898779	0.000464516
0	1.335	0.5	0.896166	0.000468686
0	1.335	0.7	0.896804	0.000464227
0	1.335	0.9	0.895255	0.000468333
0	1.335	1.1	0.895303	0.000471444
0	1.335	1.3	0.895098	0.000468491
0	1.335	1.5	0.89957	0.00045993
0	1.335	1.7	0.893303	0.000475521
0	1.335	1.9	0.893022	0.00047525
0	1.335	2.1	0.894376	0.000472852
0	1.335	2.3	0.890394	0.000478
0	1.335	2.5	0.888292	0.000483658
0	1.335	2.7	0.878946	0.000497737
0	1.335	2.9	0.875489	0.000504517
0	1.335	3.1	0.864799	0.000522037
0	1.335	3.3	0.850435	0.000547067
0	1.335	3.5	0.835771	0.000567163
0	1.335	3.7	0.807646	0.000608376
0	1.335	3.9	0.781902	0.000635331
0	1.335	4.1	0.741684	0.000673845
0	1.335	4.3	0.708749	0.000694448
0	1.335	4.5	0.677976	0.000717087
0	1.335	4.7	0.636401	0.00074318
0	1.335	4.9	0.596906	0.000751265
0	1.335	5.1	0.558197	0.000760335
0	1.335	5.3	0.525989	0.000766268
0	1.335	5.5	0.491545	0.000771145
0	1.335	5.7	0.460184	0.000763952
0	1.335	5.9	0.427931	0.000756857
0	1.335	6.1	0.395286	0.000752382
0	1.335	6.3	0.367871	0.00073867
0	1.335	6.5	0.341136	0.00072783
0	1.335	6.7	0.310568	0.00070682
0	1.335	6.9	0.283832	0.000688664
0	1.335	7.1	0.262259	0.000674732
0	1.335	7.3	0.241991	0.000656389
0	1.335	7.5	0.231564	0.000648894
0	1.335	7.7	0.214458	0.000629219
0	1.335	7.9	0.198127	0.000615071
0	1.335	8.1	0.18425	0.000594479
0	1.335	8.3	0.175079	0.00058239
0	1.335	8.5	0.163308	0.000569246
0	1.335	8.7	0.153936	0.00055511
0	1.335	8.9	0.144638	0.000537731
0	1.335	9.1	0.139848	0.000530698
0	1.335	9.3	0.131262	0.000517656
0	1.335	9.5	0.122338	0.000503862
0	1.335	9.7	0.118621	0.000497556
0	1.335	9.9	0.112333	0.000483898
0	1.335	10.1	0.107035	0.00047412
0	1.335	10.3	0.1034	0.000466337
0	1.335	10.5	0.0995732	0.000457796
0	1.335	10.7	0.0889541	0.000435384
0	1.335	10.9	0.0873299	0.000433531
0	1.335	11.1	0.0839093	0.000423075
0	1.335	11.3	0.0798757	0.000415636
0	1.335	11.5	0.0764137	0.000407727
0	1.335	11.7	0.0738855	0.00040082
0	1.335	11.9	0.0676702	0.000384942
0	1.335	12.1	0.0656763	0.000382123
0	1.335	12.3	0.0613063	0.000367442
0	1.335	12.5	0.0588876	0.000360384
0	1.335	12.7	0.0560076	0.000353265
0	1.335	12.9	0.0513076	0.000338281
0	1.335	13.1	0.0472074	0.000326355
0	1.335	13.3	0.0456711	0.000320539
0	1.335	13.5	0.0408335	0.000305481
0	1.335	13.7	0.0374153	0.000290289
0	1.335	13.9	0.03631	0.000287131
0	1.335	14.1	0.02995	0.000261066
0	1.335	14.3	0.0290934	0.000256941
0	1.335	14.5	0.0256426	0.000242054
0	1.335	14.7	0.0218831	0.000223259
0	1.335	14.9	0.0205121	0.000217222
0	1.335	15.1	0.0180978	0.000204582
0	1.335	15.3	0.0146475	0.00018506
0	1.335	15.5	0.012931	0.000172885
0	1.335	15.7	0.0132073	0.000175321
0	1.335	15.9	0.00984273	0.000151308
0	1.345	0.1	0.895544	0.000469937
0	1.345	0.3	0.902625	0.000457277
0	1.345	0.5	0.898728	0.000461156
0	1.345	0.7	0.900057	0.000461337
0	1.345	0.9	0.899949	0.000460922
0	1.345	1.1	0.898709	0.000464102
0	1.345	1.3	0.900632	0.000456937
0	1.345	1.5	0.900548	0.000460907
0	1.345	1.7	0.895194	0.000469528
0	1.345	1.9	0.896198	0.000467151
0	1.345	2.1	0.895114	0.000470155
0	1.345	2.3	0.896822	0.000465869
0	1.345	2.5	0.891539	0.00047733
0	1.345	2.7	0.88339	0.000493195
0	1.345	2.9	0.87516	0.000506697
0	1.345	3.1	0.862664	0.000526778
0	1.345	3.3	0.855151	0.000536924
0	1.345	3.5	0.840341	0.00056107
0	1.345	3.7	0.808935	0.000602177
0	1.345	3.9	0.78861	0.000623911
0	1.345	4.1	0.761347	0.000654821
0	1.345	4.3	0.723724	0.000687409
0	1.345	4.5	0.683226	0.00071756
0	1.345	4.7	0.646785	0.000740262
0	1.345	4.9	0.598557	0.000750002
0	1.345	5.1	0.564125	0.00075995
0	1.345	5.3	0.530394	0.000769197
0	1.345	5.5	0.49448	0.000764158
0	1.345	5.7	0.462513	0.00076443
0	1.345	5.9	0.433056	0.000760487
0	1.345	6.1	0.399615	0.000750715
0	1.345	6.3	0.373823	0.000739244
0	1.345	6.5	0.341048	0.000721252
0	1.345	6.7	0.316594	0.000712611
0	1.345	6.9	0.29083	0.000693441
0	1.345	7.1	0.270488	0.000680507
0	1.345	7.3	0.251079	0.000666963
0	1.345	7.5	0.233695	0.000651068
0	1.345	7.7	0.220822	0.000636076
0	1.345	7.9	0.201173	0.000615715
0	1.345	8.1	0.190248	0.000600573
0	1.345	8.3	0.175827	0.000586046
0	1.345	8.5	0.168267	0.000572008
0	1.345	8.7	0.154742	0.000554328
0	1.345	8.9	0.148883	0.000544343
0	1.345	9.1	0.141158	0.000535302
0	1.345	9.3	0.133288	0.00052337
0	1.345	9.5	0.131865	0.000520442
0	1.345	9.7	0.118292	0.000493868
0	1.345	9.9	0.115686	0.000492718
0	1.345	10.1	0.113572	0.000491071
0	1.345	10.3	0.108831	0.000479124
0	1.345	10.5	0.101428	0.000462854
0	1.345	10.7	0.0971327	0.000456413
0	1.345	10.9	0.0907524	0.000439952
0	1.345	11.1	0.0858403	0.000431171
0	1.345	11.3	0.0827987	0.000421386
0	1.345	11.5	0.0805769	0.000415521
0	1.345	11.7	0.0753196	0.00040473
0	1.345	11.9	0.0723705	0.000398959
0	1.345	12.1	0.0723086	0.000395814
0	1.345	12.3	0.0638527	0.000374002
0	1.345	12.5	0.0637346	0.000376219
0	1.345	12.7	0.0582978	0.000358964
0	1.345	12.9	0.0587105	0.000361863
0	1.345	13.1	0.0534516	0.000345227
0	1.345	13.3	0.0502287	0.000333804
0	1.345	13.5	0.0438437	0.000314394
0	1.345	13.7	0.0400148	0.000301354
0	1.345	13.9	0.0384283	0.000294747
0	1.345	14.1	0.0353272	0.000283182
0	1.345	14.3	0.0329616	0.000274634
0	1.345	14.5	0.0287305	0.000258144
0	1.345	14.7	0.0266097	0.00024696
0	1.345	14.9	0.0245689	0.000238525
0	1.345	15.1	0.023032	0.000230564
0	1.345	15.3	0.0175361	0.00020084
0	1.345	15.5	0.0167774	0.00019614
0	1.345	15.7	0.0143316	0.000182253
0	1.345	15.9	0.0138799	0.000178793
0	1.355	0.1	0.902691	0.000454977
0	1.355	0.3	0.900069	0.00045954
0	1.355	0.5	0.904971	0.000449797
0	1.355	0.7	0.899941	0.000460452
0	1.355	0.9	0.904973	0.000451241
0	1.355	1.1	0.899746	0.000459363
0	1.355	1.3	0.901453	0.000458366
0	1.355	1.5	0.902128	0.000456438
0	1.355	1.7	0.901193	0.000457883
0	1.355	1.9	0.897724	0.000464329
0	1.355	2.1	0.893984	0.000473114
0	1.355	2.3	0.897277	0.000464629
0	1.355	2.5	0.888531	0.00048397
0	1.355	2.7	0.881227	0.00049466
0	1.355	2.9	0.880111	0.000498683
0	1.355	3.1	0.871117	0.000510422
0	1.355	3.3	0.859176	0.000536529
0	1.355	3.5	0.841906	0.000560432
0	1.355	3.7	0.810455	0.000600169
0	1.355	3.9	0.791127	0.000624876
0	1.355	4.1	0.761794	0.000651365
0	1.355	4.3	0.724407	0.000689375
0	1.355	4.5	0.689145	0.000713432
0	1.355	4.7	0.652666	0.000734328
0	1.355	4.9	0.60871	0.000747751
0	1.355	5.1	0.573219	0.000756384
0	1.355	5.3	0.537872	0.000764898
0	1.355	5.5	0.49972	0.000768782
0	1.355	5.7	0.466564	0.000763342
0	1.355	5.9	0.435144	0.000761277
0	1.355	6.1	0.405197	0.000752146
0	1.355	6.3	0.376548	0.000743897
0	1.355	6.5	0.344416	0.000725845
0	1.355	6.7	0.320386	0.000718067
0	1.355	6.9	0.293132	0.000699158
0	1.355	7.1	0.271299	0.000680176
0	1.355	7.3	0.251293	0.000663483
0	1.355	7.5	0.229005	0.00064374
0	1.355	7.7	0.222631	0.000639604
0	1.355	7.9	0.203615	0.000614544
0	1.355	8.1	0.192488	0.00060605
0	1.355	8.3	0.182177	0.000592608
0	1.355	8.5	0.169032	0.000578406
0	1.355	8.7	0.160597	0.00056506
0	1.355	8.9	0.154541	0.000554258
0	1.355	9.1	0.144006	0.000541757
0	1.355	9.3	0.136381	0.000526837
0	1.355	9.5	0.130568	0.000517898
0	1.355	9.7	0.125103	0.000505283
0	1.355	9.9	0.119596	0.000498029
0	1.355	10.1	0.112391	0.00048346
0	1.355	10.3	0.108191	0.000476878
0	1.355	10.5	0.0975118	0.000453377
0	1.355	10.7	0.100671	0.0004628
0	1.355	10.9	0.0949427	0.000450957
0	1.355	11.1	0.0884614	0.000434371
0	1.355	11.3	0.0821362	0.000420464
0	1.355	11.5	0.0823969	0.000422263
0	1.355	11.7	0.0786411	0.000413683
0	1.355	11.9	0.0722156	0.000398197
0	1.355	12.1	0.0734084	0.000398373
0	1.355	12.3	0.0676495	0.000385351
0	1.355	12.5	0.061876	0.00037068
0	1.355	12.7	0.0588707	0.00036164
0	1.355	12.9	0.0557713	0.000352659
0	1.355	13.1	0.0541812	0.000347908
0	1.355	13.3	0.0491602	0.000330009
0	1.355	13.5	0.045411	0.000318914
0	1.355	13.7	0.042818	0.000308274
0	1.355	13.9	0.040996	0.000302946
0	1.355	14.1	0.0377948	0.000293158
0	1.355	14.3	0.0359621	0.000286332
0	1.355	14.5	0.0319175	0.000270043
0	1.355	14.7	0.0289417	0.000256301
0	1.355	14.9	0.0292328	0.00025859
0	1.355	15.1	0.022699	0.000228634
0	1.355	15.3	0.0213051	0.000222865
0	1.355	15.5	0.0191561	0.00021081
0	1.355	15.7	0.0185669	0.000206894
0	1.355	15.9	0.0159598	0.000193346
0	1.365	0.1	0.905884	0.00044676
0	1.365	0.3	0.903833	0.000453336
0	1.365	0.5	0.903014	0.000455354
0	1.365	0.7	0.902269	0.000455654
0	1.365	0.9	0.898532	0.000464568
0	1.365	1.1	0.904249	0.000451058
0	1.365	1.3	0.897957	0.000466524
0	1.365	1.5	0.899592	0.000461074
0	1.365	1.7	0.902742	0.000456747
0	1.365	1.9	0.897829	0.000464114
0	1.365	2.1	0.90165	0.000459622
0	1.365	2.3	0.895129	0.000469618
0	1.365	2.5	0.889201	0.000480672
0	1.365	2.7	0.888479	0.000482738
0	1.365	2.9	0.881127	0.000497936
0	1.365	3.1	0.874453	0.000513338
0	1.365	3.3	0.857867	0.000535153
0	1.365	3.5	0.84477	0.000555264
0	1.365	3.7	0.822386	0.000584929
0	1.365	3.9	0.793087	0.000621882
0	1.365	4.1	0.767089	0.000647917
0	1.365	4.3	0.73288	0.000679577
0	1.365	4.5	0.693079	0.000706755
0	1.365	4.7	0.660147	0.000727825
0	1.365	4.9	0.613149	0.000745473
0	1.365	5.1	0.580691	0.000754158
0	1.365	5.3	0.545929	0.000764764
0	1.365	5.5	0.50939	0.000766503
0	1.365	5.7	0.472712	0.000766204
0	1.365	5.9	0.443869	0.000761723
0	1.365	6.1	0.400569	0.000749821
0	1.365	6.3	0.376532	0.000740151
0	1.365	6.5	0.34965	0.000733663
0	1.365	6.7	0.32512	0.000721754
0	1.365	6.9	0.297771	0.00070268
0	1.365	7.1	0.273615	0.000684267
0	1.365	7.3	0.252276	0.000667925
0	1.365	7.5	0.235801	0.000654631
0	1.365	7.7	0.221079	0.000635533
0	1.365	7.9	0.201056	0.000615085
0	1.365	8.1	0.193588	0.000608733
0	1.365	8.3	0.180638	0.000592852
0	1.365	8.5	0.171762	0.000579506
0	1.365	8.7	0.163036	0.000567258
0	1.365	8.9	0.148933	0.000546029
0	1.365	9.1	0.143438	0.000537903
0	1.365	9.3	0.142327	0.000538126
0	1.365	9.5	0.132673	0.000520598
0	1.365	9.7	0.128399	0.000510973
0	1.365	9.9	0.122135	0.000501604
0	1.365	10.1	0.113647	0.000487064
0	1.365	10.3	0.109009	0.000478864
0	1.365	10.5	0.103586	0.000467993
0	1.365	10.7	0.0945595	0.000449451
0	1.365	10.9	0.0951748	0.000448038
0	1.365	11.1	0.0882063	0.000432482
0	1.365	11.3	0.0878079	0.000434023
0	1.365	11.5	0.0801647	0.000416487
0	1.365	11.7	0.0773806	0.000411467
0	1.365	11.9	0.0748414	0.000404795
0	1.365	12.1	0.0747718	0.00040444
0	1.365	12.3	0.0723059	0.000396827
0	1.365	12.5	0.0663527	0.000382674
0	1.365	12.7	0.0628742	0.000370272
0	1.365	12.9	0.0602678	0.00036607
0	1.365	13.1	0.0563673	0.000352121
0	1.365	13.3	0.0520834	0.000338911
0	1.365	13.5	0.0521724	0.000342432
0	1.365	13.7	0.0469944	0.000325442
0	1.365	13.9	0.0435568	0.00031261
0	1.365	14.1	0.0383407	0.000296355
0	1.365	14.3	0.0375874	0.000292092
0	1.365	14.5	0.0350064	0.000281154
0	1.365	14.7	0.0317512	0.000268134
0	1.365	14.9	0.0269729	0.000248227
0	1.365	15.1	0.0279719	0.000252425
0	1.365	15.3	0.0257027	0.000242891
0	1.365	15.5	0.0232463	0.000230961
0	1.365	15.7	0.0211057	0.000219723
0	1.365	15.9	0.0202229	0.000217068
0	1.375	0.1	0.902821	0.000457059
0	1.375	0.3	0.904545	0.000450623
0	1.375	0.5	0.90618	0.000447091
0	1.375	0.7	0.901577	0.000457639
0	1.375	0.9	0.905941	0.000448495
0	1.375	1.1	0.903199	0.000453
0	1.375	1.3	0.906831	0.000444078
0	1.375	1.5	0.903651	0.000452459
0	1.375	1.7	0.903264	0.00045037
0	1.375	1.9	0.899119	0.000461761
0	1.375	2.1	0.905084	0.000452758
0	1.375	2.3	0.900931	0.000459148
0	1.375	2.5	0.899911	0.000456326
0	1.375	2.7	0.892551	0.000475345
0	1.375	2.9	0.887646	0.000486534
0	1.375	3.1	0.873856	0.000509784
0	1.375	3.3	0.86365	0.000526405
0	1.375	3.5	0.84603	0.000552089
0	1.375	3.7	0.826893	0.000580333
0	1.375	3.9	0.799355	0.00061311
0	1.375	4.1	0.772018	0.000640489
0	1.375	4.3	0.736446	0.000678597
0	1.375	4.5	0.705171	0.000698468
0	1.375	4.7	0.667253	0.000720536
0	1.375	4.9	0.62201	0.000743623
0	1.375	5.1	0.58462	0.000753947
0	1.375	5.3	0.548268	0.000765117
0	1.375	5.5	0.514075	0.000763534
0	1.375	5.7	0.482823	0.000768403
0	1.375	5.9	0.446592	0.000757323
0	1.375	6.1	0.423462	0.000759161
0	1.375	6.3	0.379684	0.00074801
0	1.375	6.5	0.351167	0.000730871
0	1.375	6.7	0.314819	0.000712094
0	1.375	6.9	0.2975	0.000704781
0	1.375	7.1	0.275971	0.000687412
0	1.375	7.3	0.255932	0.000669551
0	1.375	7.5	0.237967	0.000650352
0	1.375	7.7	0.22224	0.000640321
0	1.375	7.9	0.210353	0.000625938
0	1.375	8.1	0.192748	0.000607949
0	1.375	8.3	0.184222	0.000598082
0	1.375	8.5	0.174138	0.000580916
0	1.375	8.7	0.162677	0.000566066
0	1.375	8.9	0.156905	0.000554981
0	1.375	9.1	0.142849	0.000536793
0	1.375	9.3	0.14094	0.000535882
0	1.375	9.5	0.134156	0.000522138
0	1.375	9.7	0.12542	0.000506709
0	1.375	9.9	0.122389	0.000505987
0	1.375	10.1	0.120095	0.000500003
0	1.375	10.3	0.108377	0.000476615
0	1.375	10.5	0.102143	0.000466742
0	1.375	10.7	0.102411	0.000465347
0	1.375	10.9	0.0940033	0.000447134
0	1.375	11.1	0.0925977	0.00044431
0	1.375	11.3	0.0862709	0.00043052
0	1.375	11.5	0.0812184	0.000418115
0	1.375	11.7	0.0816416	0.000420331
0	1.375	11.9	0.0772124	0.000408773
0	1.375	12.1	0.0743886	0.00040186
0	1.375	12.3	0.0707421	0.000393064
0	1.375	12.5	0.0691948	0.00039104
0	1.375	12.7	0.0663489	0.000382068
0	1.375	12.9	0.0630072	0.000373904
0	1.375	13.1	0.0594124	0.00036273
0	1.375	13.3	0.0585807	0.000359841
0	1.375	13.5	0.0529867	0.000343927
0	1.375	13.7	0.0504675	0.00033592
0	1.375	13.9	0.0466369	0.000322905
0	1.375	14.1	0.0434528	0.000312987
0	1.375	14.3	0.0421573	0.000307033
0	1.375	14.5	0.0376805	0.000292526
0	1.375	14.7	0.0349647	0.000281201
0	1.375	14.9	0.0309596	0.000266703
0	1.375	15.1	0.0289606	0.000258637
0	1.375	15.3	0.0271425	0.000248761
0	1.375	15.5	0.0247911	0.00023893
0	1.375	15.7	0.0259308	0.000242912
0	1.375	15.9	0.0240735	0.000234581
0	1.385	0.1	0.906487	0.000445002
0	1.385	0.3	0.904445	0.000449615
0	1.385	0.5	0.906725	0.0004463
0	1.385	0.7	0.90543	0.000449556
0	1.385	0.9	0.90656	0.000444922
0	1.385	1.1	0.904686	0.000450904
0	1.385	1.3	0.907031	0.000444925
0	1.385	1.5	0.902669	0.000455062
0	1.385	1.7	0.907252	0.000443232
0	1.385	1.9	0.902241	0.00045542
0	1.385	2.1	0.902524	0.000453378
0	1.385	2.3	0.902461	0.000457213
0	1.385	2.5	0.895494	0.000468127
0	1.385	2.7	0.891883	0.00047578
0	1.385	2.9	0.888063	0.00048129
0	1.385	3.1	0.88178	0.000498215
0	1.385	3.3	0.866219	0.000522781
0	1.385	3.5	0.846194	0.00055302
0	1.385	3.7	0.83131	0.000570142
0	1.385	3.9	0.805528	0.00060874
0	1.385	4.1	0.777343	0.000638481
0	1.385	4.3	0.739922	0.000673923
0	1.385	4.5	0.702805	0.00069969
0	1.385	4.7	0.661709	0.000720936
0	1.385	4.9	0.622624	0.000747107
0	1.385	5.1	0.59038	0.000753117
0	1.385	5.3	0.556466	0.000764511
0	1.385	5.5	0.520225	0.000764272
0	1.385	5.7	0.482386	0.00076785
0	1.385	5.9	0.452154	0.00076104
0	1.385	6.1	0.41201	0.000748107
0	1.385	6.3	0.380429	0.000739866
0	1.385	6.5	0.347657	0.000722669
0	1.385	6.7	0.320145	0.000714959
0	1.385	6.9	0.299765	0.00070287
0	1.385	7.1	0.276493	0.000687041
0	1.385	7.3	0.247053	0.000662147
0	1.385	7.5	0.240625	0.000654033
0	1.385	7.7	0.221304	0.000636231
0	1.385	7.9	0.205138	0.000619464
0	1.385	8.1	0.194025	0.000602773
0	1.385	8.3	0.182275	0.000596198
0	1.385	8.5	0.175645	0.000580711
0	1.385	8.7	0.164158	0.000569619
0	1.385	8.9	0.15598	0.000557609
0	1.385	9.1	0.150332	0.000548269
0	1.385	9.3	0.142969	0.000537341
0	1.385	9.5	0.132773	0.000519644
0	1.385	9.7	0.127559	0.000513877
0	1.385	9.9	0.122571	0.000504541
0	1.385	10.1	0.115735	0.000490597
0	1.385	10.3	0.108437	0.000477214
0	1.385	10.5	0.102363	0.00046655
0	1.385	10.7	0.0983939	0.000453075
0	1.385	10.9	0.0981161	0.000455604
0	1.385	11.1	0.093428	0.000449001
0	1.385	11.3	0.0854733	0.000429967
0	1.385	11.5	0.0842852	0.00042901
0	1.385	11.7	0.0809659	0.000417578
0	1.385	11.9	0.0742688	0.00040079
0	1.385	12.1	0.0739274	0.000400911
0	1.385	12.3	0.0711694	0.000396091
0	1.385	12.5	0.0656833	0.000379097
0	1.385	12.7	0.0648186	0.000379102
0	1.385	12.9	0.0641785	0.000375425
0	1.385	13.1	0.0583602	0.000361622
0	1.385	13.3	0.0549294	0.000349907
0	1.385	13.5	0.0525207	0.000343952
0	1.385	13.7	0.0503072	0.000335791
0	1.385	13.9	0.0498212	0.000333148
0	1.385	14.1	0.0459428	0.000320201
0	1.385	14.3	0.0429113	0.0003113
0	1.385	14.5	0.0392106	0.000297164
0	1.385	14.7	0.0392475	0.000299305
0	1.385	14.9	0.0356228	0.000283765
0	1.385	15.1	0.0332416	0.000275968
0	1.385	15.3	0.0297966	0.000259596
0	1.385	15.5	0.0289174	0.000256838
0	1.385	15.7	0.0270814	0.000247739
0	1.385	15.9	0.0277143	0.000250828
0	1.395	0.1	0.911323	0.000434357
0	1.395	0.3	0.907936	0.000443113
0	1.395	0.5	0.907656	0.000445137
0	1.395	0.7	0.90675	0.0004466
0	1.395	0.9	0.908779	0.000442405
0	1.395	1.1	0.906398	0.000447064
0	1.395	1.3	0.909236	0.000442196
0	1.395	1.5	0.905058	0.000448774
0	1.395	1.7	0.907561	0.000443425
0	1.395	1.9	0.90676	0.000444484
0	1.395	2.1	0.902244	0.000455882
0	1.395	2.3	0.902047	0.000453923
0	1.395	2.5	0.899976	0.000459831
0	1.395	2.7	0.891517	0.000479686
0	1.395	2.9	0.888885	0.000480945
0	1.395	3.1	0.879564	0.000498035
0	1.395	3.3	0.871113	0.000512234
0	1.395	3.5	0.855416	0.000541236
0	1.395	3.7	0.83429	0.000570111
0	1.395	3.9	0.81361	0.000597876
0	1.395	4.1	0.778987	0.000639731
0	1.395	4.3	0.742615	0.00066633
0	1.395	4.5	0.712647	0.00069258
0	1.395	4.7	0.668978	0.000721562
0	1.395	4.9	0.632733	0.000740737
0	1.395	5.1	0.592535	0.00075571
0	1.395	5.3	0.556781	0.000762538
0	1.395	5.5	0.514174	0.00076677
0	1.395	5.7	0.490335	0.000766731
0	1.395	5.9	0.45256	0.000763158
0	1.395	6.1	0.413198	0.000753747
0	1.395	6.3	0.383788	0.000746341
0	1.395	6.5	0.355751	0.000730304
0	1.395	6.7	0.321193	0.000715478
0	1.395	6.9	0.297266	0.000699137
0	1.395	7.1	0.281187	0.000688097
0	1.395	7.3	0.257672	0.000670347
0	1.395	7.5	0.238287	0.000653538
0	1.395	7.7	0.223624	0.000638778
0	1.395	7.9	0.208738	0.000623376
0	1.395	8.1	0.197413	0.000610762
0	1.395	8.3	0.187879	0.00060202
0	1.395	8.5	0.170759	0.000577006
0	1.395	8.7	0.165587	0.000572526
0	1.395	8.9	0.152651	0.000551202
0	1.395	9.1	0.144392	0.000539537
0	1.395	9.3	0.135423	0.000524898
0	1.395	9.5	0.136632	0.00052758
0	1.395	9.7	0.123805	0.000504773
0	1.395	9.9	0.12486	0.000506401
0	1.395	10.1	0.115845	0.000492243
0	1.395	10.3	0.111349	0.0004829
0	1.395	10.5	0.104238	0.000470658
0	1.395	10.7	0.0975971	0.000456279
0	1.395	10.9	0.0956559	0.000450785
0	1.395	11.1	0.0891171	0.000437445
0	1.395	11.3	0.0868225	0.00043137
0	1.395	11.5	0.08481	0.000426554
0	1.395	11.7	0.081809	0.000417868
0	1.395	11.9	0.0775867	0.000410546
0	1.395	12.1	0.0752478	0.000404854
0	1.395	12.3	0.0755062	0.00040613
0	1.395	12.5	0.0716152	0.000395111
0	1.395	12.7	0.0671725	0.000383232
0	1.395	12.9	0.0637559	0.000374879
0	1.395	13.1	0.0604886	0.0003656
0	1.395	13.3	0.0577897	0.000358759
0	1.395	13.5	0.0537849	0.000346238
0	1.395	13.7	0.054072	0.000346338
0	1.395	13.9	0.0513294	0.00033774
0	1.395	14.1	0.047709	0.000327137
0	1.395	14.3	0.0417866	0.000305647
0	1.395	14.5	0.041316	0.000304765
0	1.395	14.7	0.0393958	0.0002993
0	1.395	14.9	0.0372094	0.000290785
0	1.395	15.1	0.0338451	0.000277624
0	1.395	15.3	0.0333439	0.000272967
0	1.395	15.5	0.0337941	0.000279105
0	1.395	15.7	0.03062	0.00026306
0	1.395	15.9	0.0314925	0.000267496
0	1.405	0.1	0.906183	0.000445689
0	1.405	0.3	0.907044	0.000444113
0	1.405	0.5	0.910601	0.000436968
0	1.405	0.7	0.90774	0.00044391
0	1.405	0.9	0.910876	0.000439302
0	1.405	1.1	0.907719	0.000445321
0	1.405	1.3	0.908663	0.00044069
0	1.405	1.5	0.905775	0.000449041
0	1.405	1.7	0.90932	0.000438662
0	1.405	1.9	0.90712	0.000444293
0	1.405	2.1	0.905702	0.000449195
0	1.405	2.3	0.901351	0.000456564
0	1.405	2.5	0.902461	0.000454232
0	1.405	2.7	0.897356	0.00046741
0	1.405	2.9	0.892625	0.00047729
0	1.405	3.1	0.882313	0.000494231
0	1.405	3.3	0.872308	0.000512259
0	1.405	3.5	0.860713	0.000530338
0	1.405	3.7	0.839828	0.00056195
0	1.405	3.9	0.809948	0.000602456
0	1.405	4.1	0.78441	0.000631554
0	1.405	4.3	0.747875	0.000668028
0	1.405	4.5	0.714191	0.000695016
0	1.405	4.7	0.669267	0.000723084
0	1.405	4.9	0.636557	0.000735634
0	1.405	5.1	0.596928	0.000754265
0	1.405	5.3	0.564418	0.000757997
0	1.405	5.5	0.520093	0.00076626
0	1.405	5.7	0.485023	0.000769262
0	1.405	5.9	0.45055	0.000765545
0	1.405	6.1	0.416115	0.000754647
0	1.405	6.3	0.382892	0.000749155
0	1.405	6.5	0.350653	0.000730394
0	1.405	6.7	0.324049	0.000720866
0	1.405	6.9	0.298106	0.000701353
0	1.405	7.1	0.273982	0.000684033
0	1.405	7.3	0.254517	0.000664487
0	1.405	7.5	0.233904	0.000651382
0	1.405	7.7	0.218159	0.000632884
0	1.405	7.9	0.208868	0.000624373
0	1.405	8.1	0.195814	0.000607922
0	1.405	8.3	0.178082	0.000587813
0	1.405	8.5	0.169628	0.000573269
0	1.405	8.7	0.163012	0.000568828
0	1.405	8.9	0.157553	0.00056031
0	1.405	9.1	0.148373	0.000543785
0	1.405	9.3	0.138317	0.000529331
0	1.405	9.5	0.130004	0.00051571
0	1.405	9.7	0.12573	0.000507748
0	1.405	9.9	0.120094	0.000498111
0	1.405	10.1	0.111849	0.000483698
0	1.405	10.3	0.106933	0.000473733
0	1.405	10.5	0.102376	0.000465089
0	1.405	10.7	0.0981411	0.00045492
0	1.405	10.9	0.0945966	0.000451027
0	1.405	11.1	0.090283	0.00044007
0	1.405	11.3	0.0839435	0.000427266
0	1.405	11.5	0.0830417	0.000423754
0	1.405	11.7	0.0765947	0.000408213
0	1.405	11.9	0.0786422	0.000413689
0	1.405	12.1	0.0765414	0.000405226
0	1.405	12.3	0.0742589	0.000405011
0	1.405	12.5	0.0700842	0.000391377
0	1.405	12.7	0.0667774	0.000382832
0	1.405	12.9	0.0636199	0.000373768
0	1.405	13.1	0.0580465	0.000357911
0	1.405	13.3	0.0586311	0.000361418
0	1.405	13.5	0.0547404	0.000349157
0	1.405	13.7	0.0536231	0.000344517
0	1.405	13.9	0.0480046	0.000326029
0	1.405	14.1	0.046298	0.000323508
0	1.405	14.3	0.0456591	0.000319978
0	1.405	14.5	0.0436857	0.000315104
0	1.405	14.7	0.0405441	0.000303043
0	1.405	14.9	0.0396366	0.000299913
0	1.405	15.1	0.0371079	0.00028953
0	1.405	15.3	0.038314	0.000294827
0	1.405	15.5	0.033932	0.00027615
0	1.405	15.7	0.0323018	0.000270936
0	1.405	15.9	0.0306495	0.000263953
0	1.415	0.1	0.908915	0.000439873
0	1.415	0.3	0.911987	0.000435736
0	1.415	0.5	0.912403	0.000434231
0	1.415	0.7	0.911514	0.000435818
0	1.415	0.9	0.911929	0.000435379
0	1.415	1.1	0.911217	0.000435093
0	1.415	1.3	0.910612	0.000437716
0	1.415	1.5	0.910383	0.000439204
0	1.415	1.7	0.905757	0.000446673
0	1.415	1.9	0.910563	0.000438737
0	1.415	2.1	0.90626	0.000446538
0	1.415	2.3	0.90095	0.000459119
0	1.415	2.5	0.900209	0.000459358
0	1.415	2.7	0.89696	0.000465853
0	1.415	2.9	0.892549	0.000473993
0	1.415	3.1	0.882806	0.00049452
0	1.415	3.3	0.876962	0.00050355
0	1.415	3.5	0.858347	0.000533726
0	1.415	3.7	0.839456	0.000561394
0	1.415	3.9	0.814562	0.000594859
0	1.415	4.1	0.781361	0.000634837
0	1.415	4.3	0.747116	0.000663634
0	1.415	4.5	0.709278	0.000693253
0	1.415	4.7	0.672349	0.00071848
0	1.415	4.9	0.6317	0.000737789
0	1.415	5.1	0.598736	0.00074948
0	1.415	5.3	0.555888	0.000758842
0	1.415	5.5	0.516401	0.00076389
0	1.415	5.7	0.484948	0.000767753
0	1.415	5.9	0.446698	0.000762074
0	1.415	6.1	0.417751	0.000756888
0	1.415	6.3	0.381736	0.000742715
0	1.415	6.5	0.345203	0.000726825
0	1.415	6.7	0.330172	0.000721844
0	1.415	6.9	0.293493	0.000695128
0	1.415	7.1	0.273607	0.000686896
0	1.415	7.3	0.254565	0.000669793
0	1.415	7.5	0.23279	0.000648298
0	1.415	7.7	0.219099	0.000634063
0	1.415	7.9	0.20591	0.000620931
0	1.415	8.1	0.189276	0.000601337
0	1.415	8.3	0.184976	0.000595361
0	1.415	8.5	0.167762	0.000569316
0	1.415	8.7	0.161174	0.000559974
0	1.415	8.9	0.151825	0.000551333
0	1.415	9.1	0.143129	0.000537538
0	1.415	9.3	0.136762	0.000527719
0	1.415	9.5	0.131078	0.000517768
0	1.415	9.7	0.124576	0.000507895
0	1.415	9.9	0.118055	0.000495589
0	1.415	10.1	0.113818	0.000486448
0	1.415	10.3	0.104465	0.000468543
0	1.415	10.5	0.103107	0.000466415
0	1.415	10.7	0.0986848	0.000455542
0	1.415	10.9	0.0940943	0.000445563
0	1.415	11.1	0.0909912	0.000439984
0	1.415	11.3	0.0853576	0.000429287
0	1.415	11.5	0.0800497	0.000418751
0	1.415	11.7	0.0763971	0.000409031
0	1.415	11.9	0.0742553	0.00040228
0	1.415	12.1	0.0745535	0.00040401
0	1.415	12.3	0.0721503	0.000397604
0	1.415	12.5	0.0682045	0.000385847
0	1.415	12.7	0.069837	0.000392511
0	1.415	12.9	0.0601637	0.0003646
0	1.415	13.1	0.0615509	0.00037189
0	1.415	13.3	0.057844	0.000358711
0	1.415	13.5	0.0543422	0.00034817
0	1.415	13.7	0.0532993	0.000344979
0	1.415	13.9	0.0506242	0.000335871
0	1.415	14.1	0.0477892	0.000328355
0	1.415	14.3	0.0450962	0.000318072
0	1.415	14.5	0.0424693	0.000309152
0	1.415	14.7	0.0414364	0.000306646
0	1.415	14.9	0.0412795	0.000305213
0	1.415	15.1	0.0398057	0.00029885
0	1.415	15.3	0.038712	0.000294121
0	1.415	15.5	0.0379613	0.000294543
0	1.415	15.7	0.0351475	0.000282228
0	1.415	15.9	0.0319849	0.000269184
0	1.425	0.1	0.914508	0.000429351
0	1.425	0.3	0.912575	0.000428718
0	1.425	0.5	0.910301	0.000439497
0	1.425	0.7	0.911082	0.000438299
0	1.425	0.9	0.90946	0.000440725
0	1.425	1.1	0.912086	0.000433463
0	1.425	1.3	0.907571	0.000442346
0	1.425	1.5	0.912468	0.000433678
0	1.425	1.7	0.910582	0.000434928
0	1.425	1.9	0.907419	0.000445961
0	1.425	2.1	0.907644	0.00044441
0	1.425	2.3	0.905365	0.000449933
0	1.425	2.5	0.902799	0.000455528
0	1.425	2.7	0.898915	0.000460541
0	1.425	2.9	0.89359	0.000473653
0	1.425	3.1	0.880363	0.000497486
0	1.425	3.3	0.879425	0.00050074
0	1.425	3.5	0.856988	0.000537898
0	1.425	3.7	0.840015	0.000562045
0	1.425	3.9	0.81276	0.000599481
0	1.425	4.1	0.788023	0.000629976
0	1.425	4.3	0.747834	0.000665276
0	1.425	4.5	0.706442	0.000695166
0	1.425	4.7	0.668089	0.000714548
0	1.425	4.9	0.62969	0.000741626
0	1.425	5.1	0.592152	0.000749191
0	1.425	5.3	0.552237	0.000762943
0	1.425	5.5	0.517127	0.000761101
0	1.425	5.7	0.480722	0.000765594
0	1.425	5.9	0.451317	0.000758288
0	1.425	6.1	0.414792	0.000761197
0	1.425	6.3	0.382759	0.000748105
0	1.425	6.5	0.347112	0.000730928
0	1.425	6.7	0.320696	0.000712426
0	1.425	6.9	0.294659	0.000701894
0	1.425	7.1	0.268376	0.000680829
0	1.425	7.3	0.253881	0.00066489
0	1.425	7.5	0.22879	0.0006423
0	1.425	7.7	0.219201	0.000637431
0	1.425	7.9	0.204364	0.000620147
0	1.425	8.1	0.186485	0.000595273
0	1.425	8.3	0.179105	0.000590645
0	1.425	8.5	0.167982	0.000574618
0	1.425	8.7	0.159942	0.000563224
0	1.425	8.9	0.147926	0.00054682
0	1.425	9.1	0.142345	0.00053602
0	1.425	9.3	0.132972	0.000523355
0	1.425	9.5	0.128677	0.000514186
0	1.425	9.7	0.126634	0.000512521
0	1.425	9.9	0.115212	0.000490036
0	1.425	10.1	0.110115	0.000479235
0	1.425	10.3	0.104204	0.000470118
0	1.425	10.5	0.101113	0.000463257
0	1.425	10.7	0.0990798	0.000460411
0	1.425	10.9	0.0910142	0.000439666
0	1.425	11.1	0.087493	0.00043549
0	1.425	11.3	0.0805051	0.000416531
0	1.425	11.5	0.0775428	0.000410423
0	1.425	11.7	0.075838	0.000405213
0	1.425	11.9	0.0729606	0.000401283
0	1.425	12.1	0.0722376	0.000395243
0	1.425	12.3	0.0665157	0.000381958
0	1.425	12.5	0.0670955	0.000383196
0	1.425	12.7	0.0681603	0.000383791
0	1.425	12.9	0.0622065	0.000369936
0	1.425	13.1	0.0575615	0.000356941
0	1.425	13.3	0.0577805	0.000359005
0	1.425	13.5	0.0554973	0.000351149
0	1.425	13.7	0.0526223	0.000342046
0	1.425	13.9	0.0502147	0.000334219
0	1.425	14.1	0.0488714	0.000329939
0	1.425	14.3	0.0422501	0.000308095
0	1.425	14.5	0.044051	0.000314874
0	1.425	14.7	0.0421039	0.000308867
0	1.425	14.9	0.0405322	0.000303816
0	1.425	15.1	0.0389095	0.000297066
0	1.425	15.3	0.0409082	0.000305618
0	1.425	15.5	0.0378841	0.000293223
0	1.425	15.7	0.0379138	0.000292258
0	1.425	15.9	0.0390812	0.000296477
0	1.435	0.1	0.913322	0.000431452
0	1.435	0.3	0.915	0.000426136
0	1.435	0.5	0.914788	0.000427527
0	1.435	0.7	0.910468	0.00044036
0	1.435	0.9	0.914441	0.000429198
0	1.435	1.1	0.915211	0.000427306
0	1.435	1.3	0.913155	0.000431148
0	1.435	1.5	0.911797	0.000436577
0	1.435	1.7	0.910925	0.000435915
0	1.435	1.9	0.909592	0.00044093
0	1.435	2.1	0.910764	0.000437547
0	1.435	2.3	0.903622	0.000454181
0	1.435	2.5	0.902638	0.000455351
0	1.435	2.7	0.900806	0.000457711
0	1.435	2.9	0.892464	0.00047453
0	1.435	3.1	0.884633	0.00049179
0	1.435	3.3	0.873595	0.000507851
0	1.435	3.5	0.85742	0.000536634
0	1.435	3.7	0.837323	0.000565579
0	1.435	3.9	0.809877	0.000603828
0	1.435	4.1	0.7811	0.000632822
0	1.435	4.3	0.741614	0.000674045
0	1.435	4.5	0.699154	0.000705685
0	1.435	4.7	0.65494	0.000724979
0	1.435	4.9	0.619036	0.000743517
0	1.435	5.1	0.570635	0.000760782
0	1.435	5.3	0.536426	0.000767608
0	1.435	5.5	0.502305	0.000767257
0	1.435	5.7	0.473473	0.000765822
0	1.435	5.9	0.439132	0.000758595
0	1.435	6.1	0.407674	0.000756967
0	1.435	6.3	0.373807	0.000745423
0	1.435	6.5	0.342036	0.000725708
0	1.435	6.7	0.318907	0.000715448
0	1.435	6.9	0.287953	0.00069618
0	1.435	7.1	0.268339	0.000679435
0	1.435	7.3	0.250044	0.000670798
0	1.435	7.5	0.227055	0.000637521
0	1.435	7.7	0.215479	0.00062742
0	1.435	7.9	0.197433	0.000609915
0	1.435	8.1	0.188602	0.000597866
0	1.435	8.3	0.175227	0.000583691
0	1.435	8.5	0.167112	0.000574594
0	1.435	8.7	0.153837	0.00055193
0	1.435	8.9	0.146504	0.000544327
0	1.435	9.1	0.139344	0.000533473
0	1.435	9.3	0.134627	0.00052573
0	1.435	9.5	0.127685	0.000515461
0	1.435	9.7	0.116974	0.00048972
0	1.435	9.9	0.114031	0.000488716
0	1.435	10.1	0.107409	0.000474788
0	1.435	10.3	0.104683	0.000470631
0	1.435	10.5	0.10057	0.00046159
0	1.435	10.7	0.0952547	0.000452147
0	1.435	10.9	0.0893226	0.000435932
0	1.435	11.1	0.0830609	0.000424753
0	1.435	11.3	0.0835932	0.000423456
0	1.435	11.5	0.0764132	0.000406629
0	1.435	11.7	0.0759663	0.0004055
0	1.435	11.9	0.0712027	0.000392415
0	1.435	12.1	0.0685937	0.000389624
0	1.435	12.3	0.0670826	0.000381958
0	1.435	12.5	0.0679382	0.000385283
0	1.435	12.7	0.0599272	0.000363078
0	1.435	12.9	0.0594602	0.000361561
0	1.435	13.1	0.0599928	0.00036517
0	1.435	13.3	0.0553281	0.000350073
0	1.435	13.5	0.0542074	0.000346146
0	1.435	13.7	0.0503656	0.000335338
0	1.435	13.9	0.0551182	0.000351142
0	1.435	14.1	0.0471717	0.000325016
0	1.435	14.3	0.0460957	0.000319586
0	1.435	14.5	0.0439429	0.000313533
0	1.435	14.7	0.0427455	0.000309419
0	1.435	14.9	0.0397887	0.000299712
0	1.435	15.1	0.0380595	0.000293878
0	1.435	15.3	0.0393071	0.000299089
0	1.435	15.5	0.0395666	0.000298233
0	1.435	15.7	0.0392534	0.000297526
0	1.435	15.9	0.0378361	0.000292531
0	1.445	0.1	0.91835	0.000421304
0	1.445	0.3	0.913718	0.000431726
0	1.445	0.5	0.91598	0.000425162
0	1.445	0.7	0.917318	0.000422704
0	1.445	0.9	0.912027	0.000436073
0	1.445	1.1	0.917915	0.000422987
0	1.445	1.3	0.91428	0.00042713
0	1.445	1.5	0.91218	0.000434158
0	1.445	1.7	0.91461	0.00042776
0	1.445	1.9	0.91095	0.000435128
0	1.445	2.1	0.907152	0.000447434
0	1.445	2.3	0.905287	0.000447173
0	1.445	2.5	0.903649	0.000452612
0	1.445	2.7	0.899023	0.000462209
0	1.445	2.9	0.889755	0.000480514
0	1.445	3.1	0.884002	0.000490573
0	1.445	3.3	0.86815	0.000519343
0	1.445	3.5	0.851443	0.000546269
0	1.445	3.7	0.831283	0.000577682
0	1.445	3.9	0.797113	0.000617383
0	1.445	4.1	0.762551	0.000653627
0	1.445	4.3	0.722993	0.000685855
0	1.445	4.5	0.671604	0.000715157
0	1.445	4.7	0.630341	0.000745013
0	1.445	4.9	0.59404	0.000748962
0	1.445	5.1	0.553316	0.000758916
0	1.445	5.3	0.514467	0.00076748
0	1.445	5.5	0.490811	0.000767228
0	1.445	5.7	0.460231	0.000764596
0	1.445	5.9	0.429728	0.000761613
0	1.445	6.1	0.394695	0.000748964
0	1.445	6.3	0.363406	0.000737755
0	1.445	6.5	0.337418	0.000728259
0	1.445	6.7	0.31001	0.000710692
0	1.445	6.9	0.277225	0.000688199
0	1.445	7.1	0.267798	0.000680479
0	1.445	7.3	0.241057	0.000654203
0	1.445	7.5	0.230131	0.00064646
0	1.445	7.7	0.213591	0.000628852
0	1.445	7.9	0.20253	0.000614314
0	1.445	8.1	0.18279	0.000590375
0	1.445	8.3	0.175968	0.000583216
0	1.445	8.5	0.16161	0.000565626
0	1.445	8.7	0.147846	0.000546485
0	1.445	8.9	0.144662	0.000538421
0	1.445	9.1	0.139494	0.000532771
0	1.445	9.3	0.131348	0.00051853
0	1.445	9.5	0.121126	0.000500509
0	1.445	9.7	0.116819	0.000496265
0	1.445	9.9	0.108874	0.000476717
0	1.445	10.1	0.106769	0.000474582
0	1.445	10.3	0.0992827	0.000460712
0	1.445	10.5	0.0934005	0.000446921
0	1.445	10.7	0.0923008	0.000445926
0	1.445	10.9	0.0865735	0.000431395
0	1.445	11.1	0.0815801	0.00041809
0	1.445	11.3	0.0766001	0.000408592
0	1.445	11.5	0.0771437	0.000408784
0	1.445	11.7	0.0736637	0.000401044
0	1.445	11.9	0.0686989	0.000388434
0	1.445	12.1	0.0681202	0.000385925
0	1.445	12.3	0.0647473	0.000377418
0	1.445	12.5	0.0658369	0.000377173
0	1.445	12.7	0.0620636	0.000371206
0	1.445	12.9	0.0586427	0.000362006
0	1.445	13.1	0.0594666	0.000361344
0	1.445	13.3	0.0563839	0.000355426
0	1.445	13.5	0.0539197	0.000345144
0	1.445	13.7	0.0492989	0.000333278
0	1.445	13.9	0.0477331	0.000325607
0	1.445	14.1	0.0455223	0.000319941
0	1.445	14.3	0.0474295	0.00032538
0	1.445	14.5	0.0439979	0.00031385
0	1.445	14.7	0.0418654	0.0003079
0	1.445	14.9	0.0426167	0.000310537
0	1.445	15.1	0.0418009	0.000306288
0	1.445	15.3	0.0424611	0.00030831
0	1.445	15.5	0.0402471	0.000302833
0	1.445	15.7	0.0390675	0.000296669
0	1.445	15.9	0.035996	0.000284851
0	1.455	0.1	0.917981	0.000419735
0	1.455	0.3	0.915538	0.000427073
0	1.455	0.5	0.918242	0.000419798
0	1.455	0.7	0.914552	0.000428538
0	1.455	0.9	0.916892	0.000424291
0	1.455	1.1	0.917058	0.000419943
0	1.455	1.3	0.914384	0.000429897
0	1.455	1.5	0.915909	0.00042774
0	1.455	1.7	0.913878	0.000430221
0	1.455	1.9	0.909012	0.000441664
0	1.455	2.1	0.903904	0.000450421
0	1.455	2.3	0.906051	0.000445731
0	1.455	2.5	0.899883	0.000458617
0	1.455	2.7	0.894092	0.000473584
0	1.455	2.9	0.888799	0.000483057
0	1.455	3.1	0.872707	0.000508738
0	1.455	3.3	0.855005	0.000539595
0	1.455	3.5	0.83548	0.000567919
0	1.455	3.7	0.808485	0.000605189
0	1.455	3.9	0.773447	0.000642472
0	1.455	4.1	0.73014	0.000682152
0	1.455	4.3	0.683863	0.000710236
0	1.455	4.5	0.642076	0.000736544
0	1.455	4.7	0.605244	0.000747889
0	1.455	4.9	0.566098	0.00076186
0	1.455	5.1	0.531302	0.00076299
0	1.455	5.3	0.502714	0.000765843
0	1.455	5.5	0.470274	0.000771662
0	1.455	5.7	0.442472	0.000762286
0	1.455	5.9	0.419072	0.00075965
0	1.455	6.1	0.3898	0.000747555
0	1.455	6.3	0.36339	0.000739899
0	1.455	6.5	0.329922	0.000725833
0	1.455	6.7	0.304541	0.000711417
0	1.455	6.9	0.282605	0.000692359
0	1.455	7.1	0.255403	0.000667289
0	1.455	7.3	0.243095	0.000659156
0	1.455	7.5	0.227976	0.000642685
0	1.455	7.7	0.205955	0.000619664
0	1.455	7.9	0.195955	0.000609776
0	1.455	8.1	0.180708	0.000588571
0	1.455	8.3	0.17113	0.000575185
0	1.455	8.5	0.156739	0.000556356
0	1.455	8.7	0.151547	0.00055132
0	1.455	8.9	0.142221	0.000532842
0	1.455	9.1	0.131847	0.000519736
0	1.455	9.3	0.127913	0.000510285
0	1.455	9.5	0.11879	0.000496447
0	1.455	9.7	0.113244	0.000486252
0	1.455	9.9	0.108992	0.000477979
0	1.455	10.1	0.102662	0.000465213
0	1.455	10.3	0.0965023	0.000454795
0	1.455	10.5	0.0884973	0.000436361
0	1.455	10.7	0.0869354	0.000433301
0	1.455	10.9	0.0850273	0.000428998
0	1.455	11.1	0.0795261	0.000414837
0	1.455	11.3	0.075636	0.000406317
0	1.455	11.5	0.0708398	0.000390657
0	1.455	11.7	0.070946	0.00039287
0	1.455	11.9	0.0657702	0.000382166
0	1.455	12.1	0.0664879	0.000382419
0	1.455	12.3	0.0677218	0.000384439
0	1.455	12.5	0.0624616	0.00037466
0	1.455	12.7	0.0593653	0.000362826
0	1.455	12.9	0.058071	0.000360142
0	1.455	13.1	0.0556892	0.000352521
0	1.455	13.3	0.054962	0.000349703
0	1.455	13.5	0.0487377	0.000330106
0	1.455	13.7	0.0473407	0.000325068
0	1.455	13.9	0.0469021	0.000324126
0	1.455	14.1	0.0446413	0.000317757
0	1.455	14.3	0.0451752	0.00032111
0	1.455	14.5	0.0464631	0.000323131
0	1.455	14.7	0.0438334	0.000313471
0	1.455	14.9	0.0447285	0.000317431
0	1.455	15.1	0.0383081	0.000294366
0	1.455	15.3	0.0380392	0.000291831
0	1.455	15.5	0.0405277	0.000303657
0	1.455	15.7	0.0387334	0.00029532
0	1.455	15.9	0.038621	0.000297582
0	1.465	0.1	0.920721	0.000415756
0	1.465	0.3	0.918098	0.00042291
0	1.465	0.5	0.919633	0.000416958
0	1.465	0.7	0.918766	0.000419848
0	1.465	0.9	0.919733	0.000417257
0	1.465	1.1	0.91804	0.000420662
0	1.465	1.3	0.914779	0.000428089
0	1.465	1.5	0.915395	0.000424859
0	1.465	1.7	0.912437	0.000435092
0	1.465	1.9	0.910403	0.000438341
0	1.465	2.1	0.905849	0.000447587
0	1.465	2.3	0.902026	0.000456724
0	1.465	2.5	0.89833	0.000461169
0	1.465	2.7	0.889911	0.00047904
0	1.465	2.9	0.876593	0.000503912
0	1.465	3.1	0.858543	0.000538865
0	1.465	3.3	0.841629	0.000561044
0	1.465	3.5	0.80903	0.000602483
0	1.465	3.7	0.774799	0.00064299
0	1.465	3.9	0.731891	0.000675574
0	1.465	4.1	0.693349	0.000710305
0	1.465	4.3	0.652589	0.00073279
0	1.465	4.5	0.60466	0.000751903
0	1.465	4.7	0.567758	0.000758481
0	1.465	4.9	0.534534	0.000767133
0	1.465	5.1	0.504422	0.000768196
0	1.465	5.3	0.483686	0.000764648
0	1.465	5.5	0.45078	0.000764517
0	1.465	5.7	0.423045	0.000753172
0	1.465	5.9	0.400984	0.000752467
0	1.465	6.1	0.372418	0.000742141
0	1.465	6.3	0.348956	0.000733063
0	1.465	6.5	0.323514	0.000718025
0	1.465	6.7	0.297362	0.000698608
0	1.465	6.9	0.275897	0.000684811
0	1.465	7.1	0.248768	0.000663039
0	1.465	7.3	0.234694	0.000647207
0	1.465	7.5	0.217891	0.000634071
0	1.465	7.7	0.20354	0.000617708
0	1.465	7.9	0.188456	0.000600634
0	1.465	8.1	0.175697	0.000585543
0	1.465	8.3	0.163246	0.000567029
0	1.465	8.5	0.152942	0.000553169
0	1.465	8.7	0.148281	0.000541509
0	1.465	8.9	0.138095	0.00052853
0	1.465	9.1	0.128972	0.000516287
0	1.465	9.3	0.120433	0.000497977
0	1.465	9.5	0.115227	0.000487388
0	1.465	9.7	0.113262	0.000486185
0	1.465	9.9	0.10395	0.000468969
0	1.465	10.1	0.0955283	0.000449834
0	1.465	10.3	0.0916695	0.000442803
0	1.465	10.5	0.0872907	0.000434355
0	1.465	10.7	0.082234	0.000421206
0	1.465	10.9	0.0764926	0.000407059
0	1.465	11.1	0.0727162	0.000396538
0	1.465	11.3	0.0736768	0.000400447
0	1.465	11.5	0.068585	0.000387561
0	1.465	11.7	0.0662182	0.000380633
0	1.465	11.9	0.0662294	0.000381852
0	1.465	12.1	0.0618476	0.00036838
0	1.465	12.3	0.0586792	0.000361742
0	1.465	12.5	0.0583488	0.000358024
0	1.465	12.7	0.054833	0.000349385
0	1.465	12.9	0.0535757	0.000344778
0	1.465	13.1	0.0515194	0.000338949
0	1.465	13.3	0.0482542	0.000328566
0	1.465	13.5	0.0476688	0.000325792
0	1.465	13.7	0.0451723	0.000319212
0	1.465	13.9	0.0429392	0.000310764
0	1.465	14.1	0.0433702	0.000314675
0	1.465	14.3	0.0438531	0.000314722
0	1.465	14.5	0.0439892	0.000313839
0	1.465	14.7	0.0418271	0.000305511
0	1.465	14.9	0.0439096	0.000313953
0	1.465	15.1	0.0426826	0.000311308
0	1.465	15.3	0.0418708	0.000306292
0	1.465	15.5	0.0377037	0.000292
0	1.465	15.7	0.0397459	0.000299449
0	1.465	15.9	0.0366171	0.000289185
0	1.475	0.1	0.919146	0.000419248
0	1.475	0.3	0.916304	0.000425252
0	1.475	0.5	0.919719	0.000416624
0	1.475	0.7	0.919761	0.000418642
0	1.475	0.9	0.919397	0.000418623
0	1.475	1.1	0.916275	0.000425289
0	1.475	1.3	0.915914	0.000425556
0	1.475	1.5	0.91457	0.000428332
0	1.475	1.7	0.911824	0.000433888
0	1.475	1.9	0.909952	0.00044001
0	1.475	2.1	0.907127	0.000442901
0	1.475	2.3	0.899421	0.000464554
0	1.475	2.5	0.886195	0.000487532
0	1.475	2.7	0.873877	0.000508778
0	1.475	2.9	0.857201	0.000536928
0	1.475	3.1	0.833175	0.000571015
0	1.475	3.3	0.808348	0.000602302
0	1.475	3.5	0.767781	0.00065186
0	1.475	3.7	0.734534	0.000674157
0	1.475	3.9	0.694985	0.00070648
0	1.475	4.1	0.653519	0.000728028
0	1.475	4.3	0.616462	0.000749538
0	1.475	4.5	0.576442	0.00075599
0	1.475	4.7	0.540996	0.00076659
0	1.475	4.9	0.513665	0.000767437
0	1.475	5.1	0.484434	0.000762652
0	1.475	5.3	0.460002	0.00075917
0	1.475	5.5	0.436705	0.000761397
0	1.475	5.7	0.407774	0.000750444
0	1.475	5.9	0.384058	0.00074624
0	1.475	6.1	0.357493	0.000733929
0	1.475	6.3	0.334741	0.000728002
0	1.475	6.5	0.309472	0.000709068
0	1.475	6.7	0.290433	0.000696189
0	1.475	6.9	0.271222	0.000682048
0	1.475	7.1	0.245329	0.00066096
0	1.475	7.3	0.232248	0.000646811
0	1.475	7.5	0.211935	0.000627012
0	1.475	7.7	0.200716	0.000618458
0	1.475	7.9	0.18537	0.000594828
0	1.475	8.1	0.177041	0.000586046
0	1.475	8.3	0.160084	0.000561562
0	1.475	8.5	0.152225	0.000553134
0	1.475	8.7	0.142187	0.000536586
0	1.475	8.9	0.135722	0.00052426
0	1.475	9.1	0.124493	0.000508141
0	1.475	9.3	0.119302	0.000497054
0	1.475	9.5	0.11238	0.000480964
0	1.475	9.7	0.109226	0.000476302
0	1.475	9.9	0.0987787	0.000458803
0	1.475	10.1	0.0932157	0.000447072
0	1.475	10.3	0.0893345	0.000437518
0	1.475	10.5	0.0829659	0.000422629
0	1.475	10.7	0.07566	0.000406872
0	1.475	10.9	0.0746991	0.00040375
0	1.475	11.1	0.070943	0.000392588
0	1.475	11.3	0.0657627	0.000382705
0	1.475	11.5	0.0621694	0.000369968
0	1.475	11.7	0.0606555	0.000365441
0	1.475	11.9	0.0590228	0.000362479
0	1.475	12.1	0.0571675	0.000356614
0	1.475	12.3	0.0566593	0.000353882
0	1.475	12.5	0.0536656	0.000346593
0	1.475	12.7	0.0529637	0.000344904
0	1.475	12.9	0.0522363	0.000341932
0	1.475	13.1	0.0471899	0.000324669
0	1.475	13.3	0.048702	0.00033062
0	1.475	13.5	0.0477398	0.000327028
0	1.475	13.7	0.0456306	0.000321793
0	1.475	13.9	0.0415745	0.000307461
0	1.475	14.1	0.0408936	0.000302896
0	1.475	14.3	0.0412215	0.000305701
0	1.475	14.5	0.0386409	0.000296654
0	1.475	14.7	0.0410111	0.000304681
0	1.475	14.9	0.0387091	0.000295505
0	1.475	15.1	0.0420779	0.000308352
0	1.475	15.3	0.0395067	0.000299156
0	1.475	15.5	0.0379198	0.000291316
0	1.475	15.7	0.0388345	0.000294883
0	1.475	15.9	0.0383926	0.000296785
0	1.485	0.1	0.923366	0.000407525
0	1.485	0.3	0.922854	0.000408053
0	1.485	0.5	0.920127	0.00041531
0	1.485	0.7	0.917786	0.000420268
0	1.485	0.9	0.918234	0.000423309
0	1.485	1.1	0.918062	0.000422102
0	1.485	1.3	0.91594	0.000424963
0	1.485	1.5	0.915211	0.00042807
0	1.485	1.7	0.912132	0.00043376
0	1.485	1.9	0.902458	0.000452958
0	1.485	2.1	0.896265	0.0004689
0	1.485	2.3	0.880091	0.00049837
0	1.485	2.5	0.868801	0.000520995
0	1.485	2.7	0.850412	0.000546986
0	1.485	2.9	0.828748	0.000574887
0	1.485	3.1	0.794543	0.000617083
0	1.485	3.3	0.754318	0.000663101
0	1.485	3.5	0.727287	0.000684832
0	1.485	3.7	0.687832	0.000709436
0	1.485	3.9	0.653189	0.000729899
0	1.485	4.1	0.624534	0.00074417
0	1.485	4.3	0.58322	0.000756761
0	1.485	4.5	0.549292	0.000762984
0	1.485	4.7	0.51413	0.000769115
0	1.485	4.9	0.485124	0.000765094
0	1.485	5.1	0.463175	0.000767242
0	1.485	5.3	0.432805	0.000758575
0	1.485	5.5	0.408652	0.000753144
0	1.485	5.7	0.383128	0.000745516
0	1.485	5.9	0.36941	0.000735967
0	1.485	6.1	0.33821	0.000724603
0	1.485	6.3	0.315045	0.000710987
0	1.485	6.5	0.296491	0.000702693
0	1.485	6.7	0.277902	0.000684631
0	1.485	6.9	0.264084	0.000673425
0	1.485	7.1	0.236527	0.000653927
0	1.485	7.3	0.220925	0.000631181
0	1.485	7.5	0.206638	0.000622234
0	1.485	7.7	0.189483	0.000601337
0	1.485	7.9	0.181319	0.000589684
0	1.485	8.1	0.16965	0.000573704
0	1.485	8.3	0.163542	0.000571075
0	1.485	8.5	0.145247	0.000540834
0	1.485	8.7	0.134217	0.000521175
0	1.485	8.9	0.131322	0.000518491
0	1.485	9.1	0.124929	0.00050674
0	1.485	9.3	0.115588	0.000489841
0	1.485	9.5	0.109323	0.000479943
0	1.485	9.7	0.102655	0.000465722
0	1.485	9.9	0.0950629	0.000447528
0	1.485	10.1	0.0891555	0.000436966
0	1.485	10.3	0.0847173	0.000427275
0	1.485	10.5	0.0790731	0.000412874
0	1.485	10.7	0.0762103	0.000406555
0	1.485	10.9	0.0669876	0.00038332
0	1.485	11.1	0.0659892	0.000380808
0	1.485	11.3	0.0629824	0.000373229
0	1.485	11.5	0.0587599	0.000359885
0	1.485	11.7	0.0569983	0.000354969
0	1.485	11.9	0.0572164	0.000356682
0	1.485	12.1	0.0566759	0.000353239
0	1.485	12.3	0.0533072	0.000344238
0	1.485	12.5	0.0501342	0.000333294
0	1.485	12.7	0.0468346	0.000324248
0	1.485	12.9	0.047558	0.00032843
0	1.485	13.1	0.0472498	0.000325338
0	1.485	13.3	0.0443653	0.000315847
0	1.485	13.5	0.0419819	0.000306344
0	1.485	13.7	0.0431068	0.000312575
0	1.485	13.9	0.0400566	0.000299895
0	1.485	14.1	0.0389703	0.000296757
0	1.485	14.3	0.0373413	0.000290071
0	1.485	14.5	0.0387019	0.000295102
0	1.485	14.7	0.0388995	0.000296113
0	1.485	14.9	0.0376632	0.000292532
0	1.485	15.1	0.037714	0.000292205
0	1.485	15.3	0.0402565	0.000300205
0	1.485	15.5	0.0382391	0.000294217
0	1.485	15.7	0.0370883	0.000289976
0	1.485	15.9	0.0350593	0.000281948
0	1.495	0.1	0.919117	0.000415652
0	1.495	0.3	0.922683	0.000410653
0	1.495	0.5	0.919561	0.000417206
0	1.495	0.7	0.921168	0.000412383
0	1.495	0.9	0.922537	0.000412625
0	1.495	1.1	0.915927	0.000424619
0	1.495	1.3	0.913159	0.000433816
0	1.495	1.5	0.910131	0.000436842
0	1.495	1.7	0.906199	0.000445279
0	1.495	1.9	0.893647	0.000472101
0	1.495	2.1	0.873933	0.000509181
0	1.495	2.3	0.861228	0.000527606
0	1.495	2.5	0.840413	0.000562284
0	1.495	2.7	0.807449	0.000604946
0	1.495	2.9	0.781331	0.000634433
0	1.495	3.1	0.742585	0.000668694
0	1.495	3.3	0.710938	0.000692431
0	1.495	3.5	0.686638	0.000707078
0	1.495	3.7	0.655164	0.000726998
0	1.495	3.9	0.620574	0.000744322
0	1.495	4.1	0.587701	0.000753423
0	1.495	4.3	0.557816	0.000758735
0	1.495	4.5	0.525128	0.000762881
0	1.495	4.7	0.489885	0.000764036
0	1.495	4.9	0.457284	0.000763748
0	1.495	5.1	0.44158	0.000760312
0	1.495	5.3	0.409365	0.000757134
0	1.495	5.5	0.391405	0.000750248
0	1.495	5.7	0.362555	0.000746481
0	1.495	5.9	0.345255	0.000724414
0	1.495	6.1	0.326923	0.000720191
0	1.495	6.3	0.302456	0.000703373
0	1.495	6.5	0.280225	0.000693355
0	1.495	6.7	0.267528	0.000679137
0	1.495	6.9	0.252272	0.000663981
0	1.495	7.1	0.230682	0.000644393
0	1.495	7.3	0.211205	0.00062494
0	1.495	7.5	0.204194	0.000616718
0	1.495	7.7	0.190204	0.00060405
0	1.495	7.9	0.174047	0.000581239
0	1.495	8.1	0.160262	0.000562862
0	1.495	8.3	0.153675	0.000552865
0	1.495	8.5	0.140838	0.000533052
0	1.495	8.7	0.13288	0.00052092
0	1.495	8.9	0.125206	0.00050987
0	1.495	9.1	0.119511	0.000499597
0	1.495	9.3	0.10806	0.000473028
0	1.495	9.5	0.101384	0.00046265
0	1.495	9.7	0.0983243	0.000456077
0	1.495	9.9	0.0925079	0.000444578
0	1.495	10.1	0.0834663	0.00042526
0	1.495	10.3	0.0796441	0.000416276
0	1.495	10.5	0.0744927	0.000404697
0	1.495	10.7	0.0664054	0.000384422
0	1.495	10.9	0.0637467	0.000374198
0	1.495	11.1	0.06043	0.000364896
0	1.495	11.3	0.0569662	0.000356984
0	1.495	11.5	0.0552872	0.000351058
0	1.495	11.7	0.0547912	0.000350712
0	1.495	11.9	0.0540397	0.000346966
0	1.495	12.1	0.0502259	0.000334816
0	1.495	12.3	0.048397	0.000328737
0	1.495	12.5	0.0480353	0.000327905
0	1.495	12.7	0.0433194	0.000313763
0	1.495	12.9	0.0442982	0.000315866
0	1.495	13.1	0.0407022	0.000303952
0	1.495	13.3	0.0399869	0.000300368
0	1.495	13.5	0.0374779	0.000291872
0	1.495	13.7	0.0366781	0.000287828
0	1.495	13.9	0.0371716	0.000289222
0	1.495	14.1	0.0383622	0.000295154
0	1.495	14.3	0.0369542	0.000289925
0	1.495	14.5	0.0385628	0.000296476
0	1.495	14.7	0.0373255	0.000290974
0	1.495	14.9	0.0354202	0.000284075
0	1.495	15.1	0.0360757	0.00028722
0	1.495	15.3	0.034324	0.000277981
0	1.495	15.5	0.0349069	0.000281491
0	1.495	15.7	0.0348455	0.000282763
0	1.495	15.9	0.0347545	0.000280398
0	1.505	0.1	0.922504	0.000408397
0	1.505	0.3	0.922334	0.000410463
0	1.505	0.5	0.922045	0.000413108
0	1.505	0.7	0.919558	0.000417735
0	1.505	0.9	0.919537	0.000416134
0	1.505	1.1	0.917546	0.000421128
0	1.505	1.3	0.908098	0.000441846
0	1.505	1.5	0.899182	0.000462834
0	1.505	1.7	0.885906	0.000486863
0	1.505	1.9	0.874576	0.000505301
0	1.505	2.1	0.854708	0.000539707
0	1.505	2.3	0.827151	0.0005801
0	1.505	2.5	0.799392	0.00061371
0	1.505	2.7	0.759447	0.000655991
0	1.505	2.9	0.732053	0.000676253
0	1.505	3.1	0.701292	0.000702182
0	1.505	3.3	0.669033	0.000723022
0	1.505	3.5	0.647066	0.000729923
0	1.505	3.7	0.616612	0.000743709
0	1.505	3.9	0.589298	0.000756863
0	1.505	4.1	0.562139	0.000761032
0	1.505	4.3	0.528403	0.000764649
0	1.505	4.5	0.4953	0.000765878
0	1.505	4.7	0.477084	0.000764627
0	1.505	4.9	0.438945	0.000762141
0	1.505	5.1	0.417638	0.000755877
0	1.505	5.3	0.391114	0.000751003
0	1.505	5.5	0.372322	0.000741207
0	1.505	5.7	0.346157	0.000731605
0	1.505	5.9	0.325618	0.000720443
0	1.505	6.1	0.302892	0.000705282
0	1.505	6.3	0.280233	0.000684999
0	1.505	6.5	0.261228	0.000678647
0	1.505	6.7	0.245701	0.000666184
0	1.505	6.9	0.230772	0.00064661
0	1.505	7.1	0.214698	0.000630392
0	1.505	7.3	0.204648	0.000617072
0	1.505	7.5	0.186331	0.000595312
0	1.505	7.7	0.175818	0.000579762
0	1.505	7.9	0.160607	0.000562962
0	1.505	8.1	0.154816	0.000552204
0	1.505	8.3	0.141925	0.000536703
0	1.505	8.5	0.131376	0.000521288
0	1.505	8.7	0.122386	0.000502577
0	1.505	8.9	0.116579	0.000494768
0	1.505	9.1	0.107042	0.00047234
0	1.505	9.3	0.102384	0.000466009
0	1.505	9.5	0.0974906	0.000455065
0	1.505	9.7	0.0859811	0.000431067
0	1.505	9.9	0.0857837	0.000429616
0	1.505	10.1	0.0797077	0.000414404
0	1.505	10.3	0.0721938	0.000395664
0	1.505	10.5	0.0670297	0.000385123
0	1.505	10.7	0.0621882	0.000370299
0	1.505	10.9	0.0591582	0.000362536
0	1.505	11.1	0.0584716	0.000360081
0	1.505	11.3	0.0550639	0.000350423
0	1.505	11.5	0.0518437	0.000339195
0	1.505	11.7	0.0493562	0.000331968
0	1.505	11.9	0.0498756	0.000332479
0	1.505	12.1	0.0455377	0.000319535
0	1.505	12.3	0.0411589	0.00030315
0	1.505	12.5	0.0426153	0.000309558
0	1.505	12.7	0.0385004	0.000293819
0	1.505	12.9	0.0396864	0.000300453
0	1.505	13.1	0.0377638	0.0002945
0	1.505	13.3	0.0362101	0.000286421
0	1.505	13.5	0.0349797	0.000282706
0	1.505	13.7	0.0346412	0.000279039
0	1.505	13.9	0.0356642	0.00028467
0	1.505	14.1	0.0371979	0.000289542
0	1.505	14.3	0.0338305	0.000277622
0	1.505	14.5	0.0322512	0.00026956
0	1.505	14.7	0.034257	0.000280173
0	1.505	14.9	0.0340363	0.000277232
0	1.505	15.1	0.0360833	0.00028479
0	1.505	15.3	0.0324175	0.000270653
0	1.505	15.5	0.033946	0.000278244
0	1.505	15.7	0.0315227	0.000267748
0	1.505	15.9	0.0303143	0.000262176
0	1.515	0.1	0.924135	0.00040702
0	1.515	0.3	0.923325	0.000407887
0	1.515	0.5	0.922398	0.00041014
0	1.515	0.7	0.922895	0.000409521
0	1.515	0.9	0.912613	0.000434253
0	1.515	1.1	0.906016	0.00044888
0	1.515	1.3	0.894542	0.000470851
0	1.515	1.5	0.882808	0.000491919
0	1.515	1.7	0.863421	0.000526129
0	1.515	1.9	0.838571	0.000564538
0	1.515	2.1	0.807515	0.000604541
0	1.515	2.3	0.780918	0.00063397
0	1.515	2.5	0.742122	0.000672431
0	1.515	2.7	0.711112	0.000694493
0	1.515	2.9	0.688363	0.000708469
0	1.515	3.1	0.662519	0.000725318
0	1.515	3.3	0.637062	0.00073801
0	1.515	3.5	0.616043	0.000747342
0	1.515	3.7	0.588985	0.000758668
0	1.515	3.9	0.56225	0.000760213
0	1.515	4.1	0.537796	0.000762142
0	1.515	4.3	0.504497	0.000764754
0	1.515	4.5	0.481892	0.000765135
0	1.515	4.7	0.446256	0.000758069
0	1.515	4.9	0.423672	0.000763559
0	1.515	5.1	0.396223	0.000750572
0	1.515	5.3	0.372279	0.000744264
0	1.515	5.5	0.349672	0.000733232
0	1.515	5.7	0.324692	0.000717039
0	1.515	5.9	0.301579	0.000702689
0	1.515	6.1	0.284706	0.000693298
0	1.515	6.3	0.261292	0.000675292
0	1.515	6.5	0.245427	0.000662133
0	1.515	6.7	0.228978	0.000642686
0	1.515	6.9	0.202975	0.000615968
0	1.515	7.1	0.192186	0.000607405
0	1.515	7.3	0.184095	0.000593724
0	1.515	7.5	0.173463	0.000582216
0	1.515	7.7	0.157277	0.000560132
0	1.515	7.9	0.151214	0.000549804
0	1.515	8.1	0.144622	0.000541237
0	1.515	8.3	0.135939	0.000525319
0	1.515	8.5	0.121388	0.000500812
0	1.515	8.7	0.113948	0.000488732
0	1.515	8.9	0.108832	0.000476113
0	1.515	9.1	0.105927	0.0004729
0	1.515	9.3	0.0962535	0.00045444
0	1.515	9.5	0.0869773	0.000433919
0	1.515	9.7	0.0821079	0.000422795
0	1.515	9.9	0.0760525	0.000405804
0	1.515	10.1	0.0729812	0.000399577
0	1.515	10.3	0.0658541	0.000383141
0	1.515	10.5	0.061199	0.000366743
0	1.515	10.7	0.0562075	0.000352115
0	1.515	10.9	0.051052	0.000338007
0	1.515	11.1	0.0527542	0.000341345
0	1.515	11.3	0.0478589	0.00032788
0	1.515	11.5	0.0471657	0.000326393
0	1.515	11.7	0.0441694	0.000311727
0	1.515	11.9	0.0432139	0.000310867
0	1.515	12.1	0.0439536	0.000313917
0	1.515	12.3	0.0394945	0.000299351
0	1.515	12.5	0.039626	0.000298768
0	1.515	12.7	0.0372651	0.000291147
0	1.515	12.9	0.0342468	0.000278428
0	1.515	13.1	0.0362155	0.000287481
0	1.515	13.3	0.0308826	0.000265999
0	1.515	13.5	0.0327448	0.000271497
0	1.515	13.7	0.0304757	0.000264892
0	1.515	13.9	0.0332014	0.000274556
0	1.515	14.1	0.032264	0.000271872
0	1.515	14.3	0.0302405	0.00026292
0	1.515	14.5	0.0320082	0.000269102
0	1.515	14.7	0.0298313	0.000262212
0	1.515	14.9	0.0303343	0.000262144
0	1.515	15.1	0.032746	0.000272361
0	1.515	15.3	0.0329315	0.00027374
0	1.515	15.5	0.0328909	0.000273457
0	1.515	15.7	0.030166	0.000263591
0	1.515	15.9	0.0264747	0.000247138
0	1.525	0.1	0.921576	0.000415528
0	1.525	0.3	0.920029	0.000416963
0	1.525	0.5	0.915637	0.00042582
0	1.525	0.7	0.910936	0.000437137
0	1.525	0.9	0.90104	0.000460719
0	1.525	1.1	0.890605	0.000478677
0	1.525	1.3	0.87191	0.000512112
0	1.525	1.5	0.854437	0.000539984
0	1.525	1.7	0.828193	0.000577711
0	1.525	1.9	0.796723	0.000615306
0	1.525	2.1	0.758177	0.000654055
0	1.525	2.3	0.726694	0.000679894
0	1.525	2.5	0.699795	0.000706688
0	1.525	2.7	0.665862	0.000723655
0	1.525	2.9	0.643702	0.000734007
0	1.525	3.1	0.628373	0.000743031
0	1.525	3.3	0.610576	0.000749794
0	1.525	3.5	0.586826	0.000760751
0	1.525	3.7	0.562648	0.000760476
0	1.525	3.9	0.543545	0.000760844
0	1.525	4.1	0.51568	0.000766221
0	1.525	4.3	0.489014	0.000765725
0	1.525	4.5	0.463755	0.000764532
0	1.525	4.7	0.430928	0.000764421
0	1.525	4.9	0.403129	0.000753101
0	1.525	5.1	0.378246	0.000742927
0	1.525	5.3	0.350593	0.000730027
0	1.525	5.5	0.332611	0.0007263
0	1.525	5.7	0.312167	0.000715023
0	1.525	5.9	0.283926	0.00069126
0	1.525	6.1	0.267615	0.000681621
0	1.525	6.3	0.243386	0.000657586
0	1.525	6.5	0.228311	0.000640085
0	1.525	6.7	0.207488	0.000620119
0	1.525	6.9	0.195084	0.000606699
0	1.525	7.1	0.174003	0.000581866
0	1.525	7.3	0.165904	0.000572333
0	1.525	7.5	0.157005	0.00055695
0	1.525	7.7	0.141914	0.000534431
0	1.525	7.9	0.137497	0.000525068
0	1.525	8.1	0.128272	0.000513556
0	1.525	8.3	0.122864	0.000502418
0	1.525	8.5	0.113278	0.000488672
0	1.525	8.7	0.100702	0.00046057
0	1.525	8.9	0.1005	0.000460557
0	1.525	9.1	0.0933747	0.000444765
0	1.525	9.3	0.0888543	0.000437005
0	1.525	9.5	0.08064	0.000416647
0	1.525	9.7	0.076436	0.000406577
0	1.525	9.9	0.0686902	0.000389269
0	1.525	10.1	0.0678032	0.000385177
0	1.525	10.3	0.0605374	0.000365722
0	1.525	10.5	0.0562216	0.000353067
0	1.525	10.7	0.0506304	0.000336692
0	1.525	10.9	0.0493665	0.000334407
0	1.525	11.1	0.048057	0.000329292
0	1.525	11.3	0.0413975	0.000306653
0	1.525	11.5	0.0429517	0.000309307
0	1.525	11.7	0.0395004	0.000297814
0	1.525	11.9	0.0375511	0.000291204
0	1.525	12.1	0.0375526	0.000292184
0	1.525	12.3	0.0339815	0.000277155
0	1.525	12.5	0.0312587	0.000266078
0	1.525	12.7	0.0313728	0.000267084
0	1.525	12.9	0.0286601	0.000256796
0	1.525	13.1	0.0296276	0.000261231
0	1.525	13.3	0.0290926	0.000257348
0	1.525	13.5	0.0305738	0.00026539
0	1.525	13.7	0.0261904	0.000245036
0	1.525	13.9	0.027163	0.000249583
0	1.525	14.1	0.0273685	0.00024992
0	1.525	14.3	0.0259571	0.000243144
0	1.525	14.5	0.0272135	0.000249306
0	1.525	14.7	0.0271823	0.000248468
0	1.525	14.9	0.03028	0.00026288
0	1.525	15.1	0.0291236	0.00025901
0	1.525	15.3	0.0276693	0.000250966
0	1.525	15.5	0.0258415	0.000244939
0	1.525	15.7	0.0261478	0.000244632
0	1.525	15.9	0.0241736	0.000235487
0	1.535	0.1	0.917592	0.000421899
0	1.535	0.3	0.912842	0.000433106
0	1.535	0.5	0.908081	0.00044401
0	1.535	0.7	0.898278	0.000465019
0	1.535	0.9	0.886329	0.000487514
0	1.535	1.1	0.863837	0.000526389
0	1.535	1.3	0.845759	0.000555621
0	1.535	1.5	0.816872	0.000593045
0	1.535	1.7	0.778925	0.000634442
0	1.535	1.9	0.740987	0.000673087
0	1.535	2.1	0.708222	0.00069803
0	1.535	2.3	0.681317	0.000715732
0	1.535	2.5	0.6564	0.00073157
0	1.535	2.7	0.63382	0.000736774
0	1.535	2.9	0.614588	0.000746904
0	1.535	3.1	0.597538	0.000752105
0	1.535	3.3	0.57315	0.000758893
0	1.535	3.5	0.562401	0.00076003
0	1.535	3.7	0.537657	0.000763279
0	1.535	3.9	0.518267	0.000766851
0	1.535	4.1	0.494818	0.000770121
0	1.535	4.3	0.466044	0.000767684
0	1.535	4.5	0.445839	0.000759024
0	1.535	4.7	0.413683	0.000757899
0	1.535	4.9	0.38332	0.000744322
0	1.535	5.1	0.365627	0.000739837
0	1.535	5.3	0.338118	0.000728578
0	1.535	5.5	0.316296	0.000713076
0	1.535	5.7	0.291542	0.000693736
0	1.535	5.9	0.269267	0.000683769
0	1.535	6.1	0.251232	0.000663031
0	1.535	6.3	0.232514	0.000649227
0	1.535	6.5	0.213659	0.000632613
0	1.535	6.7	0.191937	0.000607139
0	1.535	6.9	0.174873	0.000582335
0	1.535	7.1	0.16111	0.000566836
0	1.535	7.3	0.147843	0.000548172
0	1.535	7.5	0.137762	0.000529322
0	1.535	7.7	0.127641	0.000516283
0	1.535	7.9	0.119029	0.000498999
0	1.535	8.1	0.113894	0.000488101
0	1.535	8.3	0.104564	0.000469849
0	1.535	8.5	0.0951558	0.00045136
0	1.535	8.7	0.0891656	0.000439196
0	1.535	8.9	0.0878788	0.000437675
0	1.535	9.1	0.0849381	0.000429148
0	1.535	9.3	0.0751719	0.000405351
0	1.535	9.5	0.073438	0.000401732
0	1.535	9.7	0.0680194	0.00038612
0	1.535	9.9	0.0640484	0.000374594
0	1.535	10.1	0.0610641	0.0003684
0	1.535	10.3	0.0542002	0.000347331
0	1.535	10.5	0.046471	0.000323201
0	1.535	10.7	0.042597	0.000310474
0	1.535	10.9	0.0419831	0.000307173
0	1.535	11.1	0.0404959	0.000302348
0	1.535	11.3	0.0373739	0.000292444
0	1.535	11.5	0.037568	0.000293086
0	1.535	11.7	0.0359791	0.000284914
0	1.535	11.9	0.0349191	0.000282235
0	1.535	12.1	0.0321359	0.000271639
0	1.535	12.3	0.0316693	0.000268523
0	1.535	12.5	0.028898	0.000256908
0	1.535	12.7	0.0276031	0.000251268
0	1.535	12.9	0.026305	0.000245939
0	1.535	13.1	0.0256703	0.000242201
0	1.535	13.3	0.025672	0.00024215
0	1.535	13.5	0.0238177	0.000234039
0	1.535	13.7	0.0227183	0.000227647
0	1.535	13.9	0.0246087	0.000239708
0	1.535	14.1	0.0226929	0.000228218
0	1.535	14.3	0.0231172	0.000231004
0	1.535	14.5	0.0247036	0.000238382
0	1.535	14.7	0.022836	0.000229605
0	1.535	14.9	0.025602	0.000240949
0	1.535	15.1	0.0245547	0.000238263
0	1.535	15.3	0.0254141	0.000240343
0	1.535	15.5	0.0251067	0.000242767
0	1.535	15.7	0.0222801	0.000226326
0	1.535	15.9	0.0189604	0.000208897
0	1.545	0.1	0.897588	0.000466003
0	1.545	0.3	0.894389	0.000469326
0	1.545	0.5	0.885262	0.000487999
0	1.545	0.7	0.869845	0.000516771
0	1.545	0.9	0.848958	0.000548907
0	1.545	1.1	0.826047	0.000581667
0	1.545	1.3	0.800206	0.000611236
0	1.545	1.5	0.762664	0.000654091
0	1.545	1.7	0.727434	0.000683017
0	1.545	1.9	0.693686	0.00071419
0	1.545	2.1	0.658678	0.000726039
0	1.545	2.3	0.642672	0.000733197
0	1.545	2.5	0.619069	0.000745224
0	1.545	2.7	0.599929	0.0007551
0	1.545	2.9	0.5872	0.000755571
0	1.545	3.1	0.575196	0.000757367
0	1.545	3.3	0.558412	0.000756943
0	1.545	3.5	0.540366	0.000768985
0	1.545	3.7	0.514227	0.000763258
0	1.545	3.9	0.502984	0.000766584
0	1.545	4.1	0.481474	0.000766547
0	1.545	4.3	0.453681	0.000765785
0	1.545	4.5	0.424707	0.000757193
0	1.545	4.7	0.388478	0.000748341
0	1.545	4.9	0.372249	0.000743194
0	1.545	5.1	0.348203	0.000732648
0	1.545	5.3	0.323853	0.000717036
0	1.545	5.5	0.300348	0.000704098
0	1.545	5.7	0.281661	0.000688809
0	1.545	5.9	0.258412	0.000668577
0	1.545	6.1	0.232707	0.000651114
0	1.545	6.3	0.213639	0.000627161
0	1.545	6.5	0.19207	0.000606077
0	1.545	6.7	0.176553	0.000586323
0	1.545	6.9	0.158977	0.000559793
0	1.545	7.1	0.147072	0.000543331
0	1.545	7.3	0.139285	0.000532211
0	1.545	7.5	0.124551	0.000507429
0	1.545	7.7	0.111502	0.000484923
0	1.545	7.9	0.101796	0.000463719
0	1.545	8.1	0.0928717	0.000445382
0	1.545	8.3	0.088438	0.000435311
0	1.545	8.5	0.0806181	0.000417875
0	1.545	8.7	0.0796058	0.000415388
0	1.545	8.9	0.0769236	0.000408077
0	1.545	9.1	0.0685992	0.000388652
0	1.545	9.3	0.0681121	0.000384947
0	1.545	9.5	0.0653218	0.000378049
0	1.545	9.7	0.0554561	0.000350606
0	1.545	9.9	0.0569677	0.000358331
0	1.545	10.1	0.0484494	0.000331978
0	1.545	10.3	0.0464839	0.000322431
0	1.545	10.5	0.0426314	0.000309766
0	1.545	10.7	0.0376907	0.000291574
0	1.545	10.9	0.0331093	0.000276719
0	1.545	11.1	0.0320766	0.000270458
0	1.545	11.3	0.0326583	0.000273379
0	1.545	11.5	0.0312175	0.000267886
0	1.545	11.7	0.0285608	0.000254202
0	1.545	11.9	0.0274583	0.000250568
0	1.545	12.1	0.0260106	0.000244178
0	1.545	12.3	0.023572	0.000232623
0	1.545	12.5	0.0244511	0.000237476
0	1.545	12.7	0.0228683	0.000230032
0	1.545	12.9	0.0204961	0.000217766
0	1.545	13.1	0.0216546	0.000224272
0	1.545	13.3	0.0205001	0.000216687
0	1.545	13.5	0.0211484	0.00022112
0	1.545	13.7	0.0206726	0.000218367
0	1.545	13.9	0.0194666	0.000212134
0	1.545	14.1	0.0210508	0.000219767
0	1.545	14.3	0.0219819	0.000223899
0	1.545	14.5	0.018453	0.000206343
0	1.545	14.7	0.0220379	0.000224726
0	1.545	14.9	0.0204799	0.000217083
0	1.545	15.1	0.0207414	0.000218056
0	1.545	15.3	0.0209291	0.000219959
0	1.545	15.5	0.0219397	0.000224886
0	1.545	15.7	0.0192995	0.000210958
0	1.545	15.9	0.017309	0.000200702
0	1.555	0.1	0.874297	0.000509186
0	1.555	0.3	0.868717	0.000516459
0	1.555	0.5	0.851713	0.000544574
0	1.555	0.7	0.837143	0.000564691
0	1.555	0.9	0.813799	0.00059564
0	1.555	1.1	0.78079	0.000633402
0	1.555	1.3	0.74525	0.000665738
0	1.555	1.5	0.707798	0.000695797
0	1.555	1.7	0.673694	0.000719706
0	1.555	1.9	0.648989	0.000733837
0	1.555	2.1	0.621789	0.00074338
0	1.555	2.3	0.60559	0.00075237
0	1.555	2.5	0.589033	0.000760265
0	1.555	2.7	0.56871	0.000762362
0	1.555	2.9	0.560531	0.000761702
0	1.555	3.1	0.546573	0.000763349
0	1.555	3.3	0.536865	0.000763388
0	1.555	3.5	0.519243	0.000768404
0	1.555	3.7	0.501397	0.000765492
0	1.555	3.9	0.482038	0.000767768
0	1.555	4.1	0.468622	0.00076159
0	1.555	4.3	0.431429	0.000757898
0	1.555	4.5	0.408221	0.000751906
0	1.555	4.7	0.381297	0.000742677
0	1.555	4.9	0.358286	0.000733223
0	1.555	5.1	0.329925	0.00072278
0	1.555	5.3	0.313287	0.000709296
0	1.555	5.5	0.291062	0.000696069
0	1.555	5.7	0.262247	0.000673092
0	1.555	5.9	0.243141	0.000655043
0	1.555	6.1	0.218866	0.000634057
0	1.555	6.3	0.201191	0.000612283
0	1.555	6.5	0.176878	0.000585439
0	1.555	6.7	0.171025	0.000578188
0	1.555	6.9	0.153247	0.000555701
0	1.555	7.1	0.133459	0.000520617
0	1.555	7.3	0.119504	0.000496771
0	1.555	7.5	0.110743	0.000482085
0	1.555	7.7	0.0991885	0.000458178
0	1.555	7.9	0.091628	0.000444178
0	1.555	8.1	0.0883899	0.00043355
0	1.555	8.3	0.0780766	0.000411619
0	1.555	8.5	0.0719941	0.000396646
0	1.555	8.7	0.0670432	0.000383411
0	1.555	8.9	0.0633855	0.000373603
0	1.555	9.1	0.0583682	0.000361045
0	1.555	9.3	0.0519657	0.000343264
0	1.555	9.5	0.0525366	0.000341109
0	1.555	9.7	0.0457192	0.000320836
0	1.555	9.9	0.0438136	0.000314267
0	1.555	10.1	0.0380145	0.000293492
0	1.555	10.3	0.0342907	0.000279699
0	1.555	10.5	0.0325363	0.000272089
0	1.555	10.7	0.0324744	0.000273877
0	1.555	10.9	0.0282214	0.000254516
0	1.555	11.1	0.0278099	0.000251532
0	1.555	11.3	0.0269821	0.000248375
0	1.555	11.5	0.024252	0.00023661
0	1.555	11.7	0.0243369	0.000236027
0	1.555	11.9	0.0220756	0.000225802
0	1.555	12.1	0.0216655	0.000223455
0	1.555	12.3	0.0221301	0.000226016
0	1.555	12.5	0.020482	0.000215993
0	1.555	12.7	0.0166595	0.000196141
0	1.555	12.9	0.0178043	0.000203395
0	1.555	13.1	0.0172165	0.000199081
0	1.555	13.3	0.0155826	0.000190279
0	1.555	13.5	0.0142864	0.000181015
0	1.555	13.7	0.0171731	0.00019988
0	1.555	13.9	0.0158317	0.00019135
0	1.555	14.1	0.0161225	0.000192605
0	1.555	14.3	0.0162789	0.000195324
0	1.555	14.5	0.0172932	0.000199324
0	1.555	14.7	0.0172236	0.000198973
0	1.555	14.9	0.0188055	0.000209473
0	1.555	15.1	0.0189201	0.000207866
0	1.555	15.3	0.0184032	0.000204082
0	1.555	15.5	0.0185944	0.000207262
0	1.555	15.7	0.0156745	0.0001905
0	1.555	15.9	0.0154997	0.000189476
0	1.565	0.1	0.838728	0.000563425
0	1.565	0.3	0.827716	0.000580231
0	1.565	0.5	0.809084	0.000603842
0	1.565	0.7	0.787523	0.000624086
0	1.565	0.9	0.755461	0.000660137
0	1.565	1.1	0.718151	0.000690166
0	1.565	1.3	0.687975	0.000710686
0	1.565	1.5	0.653118	0.000729292
0	1.565	1.7	0.625276	0.000746128
0	1.565	1.9	0.610419	0.000744049
0	1.565	2.1	0.58798	0.000753595
0	1.565	2.3	0.570576	0.000754738
0	1.565	2.5	0.559193	0.000760885
0	1.565	2.7	0.552045	0.000757639
0	1.565	2.9	0.533693	0.000765057
0	1.565	3.1	0.525478	0.00076575
0	1.565	3.3	0.514554	0.000764589
0	1.565	3.5	0.503453	0.000768925
0	1.565	3.7	0.484159	0.000768413
0	1.565	3.9	0.4649	0.00076337
0	1.565	4.1	0.446672	0.000762919
0	1.565	4.3	0.421009	0.000758932
0	1.565	4.5	0.393011	0.000749355
0	1.565	4.7	0.371363	0.00073758
0	1.565	4.9	0.351652	0.000729781
0	1.565	5.1	0.315366	0.000713276
0	1.565	5.3	0.295063	0.000702008
0	1.565	5.5	0.273419	0.000686712
0	1.565	5.7	0.246557	0.000661856
0	1.565	5.9	0.228536	0.000643332
0	1.565	6.1	0.204766	0.000618506
0	1.565	6.3	0.18415	0.000595014
0	1.565	6.5	0.163253	0.000562742
0	1.565	6.7	0.150508	0.000551758
0	1.565	6.9	0.132941	0.000517921
0	1.565	7.1	0.121552	0.000498184
0	1.565	7.3	0.111112	0.000483577
0	1.565	7.5	0.0995368	0.000463558
0	1.565	7.7	0.0898799	0.000440028
0	1.565	7.9	0.0789856	0.000414721
0	1.565	8.1	0.0743115	0.000402241
0	1.565	8.3	0.070262	0.000390769
0	1.565	8.5	0.0637636	0.000374363
0	1.565	8.7	0.0587873	0.000359289
0	1.565	8.9	0.0522157	0.000342211
0	1.565	9.1	0.0496377	0.000333344
0	1.565	9.3	0.0460658	0.000322362
0	1.565	9.5	0.042396	0.00031105
0	1.565	9.7	0.0360496	0.000285834
0	1.565	9.9	0.035209	0.000283386
0	1.565	10.1	0.032273	0.000270227
0	1.565	10.3	0.0305614	0.000262984
0	1.565	10.5	0.0242578	0.000237361
0	1.565	10.7	0.0223993	0.000227283
0	1.565	10.9	0.0215918	0.00022269
0	1.565	11.1	0.0204871	0.000216761
0	1.565	11.3	0.0189451	0.000208485
0	1.565	11.5	0.018263	0.000204838
0	1.565	11.7	0.018136	0.000204491
0	1.565	11.9	0.0167489	0.000196659
0	1.565	12.1	0.0151342	0.000187711
0	1.565	12.3	0.0159293	0.000192022
0	1.565	12.5	0.0136606	0.000178097
0	1.565	12.7	0.0140849	0.00018111
0	1.565	12.9	0.01319	0.00017447
0	1.565	13.1	0.0127039	0.000172352
0	1.565	13.3	0.0128819	0.000173145
0	1.565	13.5	0.0134526	0.000176842
0	1.565	13.7	0.0126768	0.000171588
0	1.565	13.9	0.0124993	0.000170006
0	1.565	14.1	0.0127926	0.000171936
0	1.565	14.3	0.0129583	0.000173436
0	1.565	14.5	0.0128597	0.000173133
0	1.565	14.7	0.0128201	0.000172779
0	1.565	14.9	0.0136995	0.000178003
0	1.565	15.1	0.0148327	0.000185763
0	1.565	15.3	0.0144709	0.000183141
0	1.565	15.5	0.0145549	0.000184212
0	1.565	15.7	0.0151417	0.000188675
0	1.565	15.9	0.0137714	0.000179053
0	1.575	0.1	0.778797	0.000635234
0	1.575	0.3	0.769415	0.000647096
0	1.575	0.5	0.747362	0.000665946
0	1.575	0.7	0.727499	0.000684136
0	1.575	0.9	0.686016	0.000712254
0	1.575	1.1	0.665288	0.000722879
0	1.575	1.3	0.630985	0.000741384
0	1.575	1.5	0.603854	0.000757879
0	1.575	1.7	0.588154	0.000758403
0	1.575	1.9	0.573074	0.000762629
0	1.575	2.1	0.556645	0.000764676
0	1.575	2.3	0.539769	0.000762284
0	1.575	2.5	0.530071	0.000765214
0	1.575	2.7	0.525944	0.00076725
0	1.575	2.9	0.520588	0.000765189
0	1.575	3.1	0.507898	0.000769113
0	1.575	3.3	0.495137	0.000767979
0	1.575	3.5	0.486257	0.000768835
0	1.575	3.7	0.476512	0.000767603
0	1.575	3.9	0.4507	0.000762254
0	1.575	4.1	0.430825	0.000761799
0	1.575	4.3	0.407995	0.000753022
0	1.575	4.5	0.386031	0.000750945
0	1.575	4.7	0.355039	0.000732111
0	1.575	4.9	0.328492	0.000720274
0	1.575	5.1	0.308269	0.000704526
0	1.575	5.3	0.285204	0.000693465
0	1.575	5.5	0.261775	0.000673604
0	1.575	5.7	0.235609	0.000649315
0	1.575	5.9	0.210614	0.000622827
0	1.575	6.1	0.190868	0.000602191
0	1.575	6.3	0.176895	0.00058566
0	1.575	6.5	0.151981	0.0005515
0	1.575	6.7	0.142777	0.00053433
0	1.575	6.9	0.122824	0.00050434
0	1.575	7.1	0.110802	0.000480873
0	1.575	7.3	0.100647	0.000459857
0	1.575	7.5	0.0912377	0.000441463
0	1.575	7.7	0.0784953	0.000413446
0	1.575	7.9	0.0713488	0.000394747
0	1.575	8.1	0.0678468	0.000383686
0	1.575	8.3	0.0616364	0.000369554
0	1.575	8.5	0.0557394	0.000353137
0	1.575	8.7	0.0492266	0.00033249
0	1.575	8.9	0.0465536	0.00032442
0	1.575	9.1	0.0418728	0.00030791
0	1.575	9.3	0.0379113	0.000294209
0	1.575	9.5	0.0334527	0.000275518
0	1.575	9.7	0.0307871	0.000265852
0	1.575	9.9	0.0279734	0.000253
0	1.575	10.1	0.0219371	0.000223447
0	1.575	10.3	0.0231771	0.000229218
0	1.575	10.5	0.0213066	0.000222731
0	1.575	10.7	0.0164804	0.000194159
0	1.575	10.9	0.0161547	0.000193874
0	1.575	11.1	0.0155921	0.0001888
0	1.575	11.3	0.0153061	0.000188826
0	1.575	11.5	0.0153096	0.000187956
0	1.575	11.7	0.012729	0.000173681
0	1.575	11.9	0.0132052	0.00017545
0	1.575	12.1	0.0119458	0.00016721
0	1.575	12.3	0.0119649	0.000167243
0	1.575	12.5	0.0107038	0.00015778
0	1.575	12.7	0.0104153	0.00015641
0	1.575	12.9	0.010614	0.00015693
0	1.575	13.1	0.0103282	0.000154722
0	1.575	13.3	0.00851072	0.000141123
0	1.575	13.5	0.0096049	0.00014983
0	1.575	13.7	0.00973134	0.000150522
0	1.575	13.9	0.0103905	0.00015455
0	1.575	14.1	0.00979129	0.000151135
0	1.575	14.3	0.010337	0.000155258
0	1.575	14.5	0.010189	0.000153802
0	1.575	14.7	0.00963947	0.000150127
0	1.575	14.9	0.0112644	0.00016199
0	1.575	15.1	0.0139641	0.000180111
0	1.575	15.3	0.013106	0.000174233
0	1.575	15.5	0.0138128	0.000179497
0	1.575	15.7	0.0135115	0.000176853
0	1.575	15.9	0.0131061	0.00017545
0	1.585	0.1	0.71189	0.000696641
0	1.585	0.3	0.704201	0.00070118
0	1.585	0.5	0.681501	0.000714746
0	1.585	0.7	0.651177	0.000732387
0	1.585	0.9	0.624392	0.000739793
0	1.585	1.1	0.60014	0.000748848
0	1.585	1.3	0.576834	0.000753551
0	1.585	1.5	0.562876	0.000759407
0	1.585	1.7	0.551057	0.00076463
0	1.585	1.9	0.540294	0.000762652
0	1.585	2.1	0.529922	0.000765391
0	1.585	2.3	0.513538	0.000763429
0	1.585	2.5	0.514222	0.000766838
0	1.585	2.7	0.498277	0.000770057
0	1.585	2.9	0.492416	0.000767311
0	1.585	3.1	0.486106	0.000763338
0	1.585	3.3	0.476695	0.000768227
0	1.585	3.5	0.471926	0.000762254
0	1.585	3.7	0.456205	0.000764825
0	1.585	3.9	0.441921	0.000762888
0	1.585	4.1	0.42322	0.000757288
0	1.585	4.3	0.396928	0.000747792
0	1.585	4.5	0.367512	0.000742809
0	1.585	4.7	0.347015	0.000732062
0	1.585	4.9	0.319383	0.000714978
0	1.585	5.1	0.292992	0.000696116
0	1.585	5.3	0.275588	0.000686854
0	1.585	5.5	0.245929	0.000662317
0	1.585	5.7	0.227801	0.000642739
0	1.585	5.9	0.202179	0.000615053
0	1.585	6.1	0.179298	0.000592972
0	1.585	6.3	0.158919	0.000561091
0	1.585	6.5	0.145159	0.000543847
0	1.585	6.7	0.125215	0.00050759
0	1.585	6.9	0.114012	0.000486992
0	1.585	7.1	0.102289	0.000463725
0	1.585	7.3	0.0877898	0.000431644
0	1.585	7.5	0.076261	0.000408637
0	1.585	7.7	0.073806	0.000401762
0	1.585	7.9	0.0635843	0.000373842
0	1.585	8.1	0.0576994	0.000358003
0	1.585	8.3	0.0511798	0.00033646
0	1.585	8.5	0.0468383	0.000321647
0	1.585	8.7	0.0440216	0.000314845
0	1.585	8.9	0.0376394	0.000291693
0	1.585	9.1	0.0345384	0.000280574
0	1.585	9.3	0.03211	0.000269139
0	1.585	9.5	0.0259009	0.000243681
0	1.585	9.7	0.0252912	0.00023925
0	1.585	9.9	0.0196261	0.000212597
0	1.585	10.1	0.0169959	0.00019778
0	1.585	10.3	0.0176311	0.000203252
0	1.585	10.5	0.0142688	0.000182253
0	1.585	10.7	0.0138545	0.000178317
0	1.585	10.9	0.0134373	0.000176088
0	1.585	11.1	0.0122387	0.000169364
0	1.585	11.3	0.0114284	0.000163095
0	1.585	11.5	0.0113121	0.000162894
0	1.585	11.7	0.00942101	0.000147979
0	1.585	11.9	0.00924874	0.000146979
0	1.585	12.1	0.00887126	0.000144185
0	1.585	12.3	0.00782232	0.000135023
0	1.585	12.5	0.00813669	0.000137744
0	1.585	12.7	0.0079428	0.000136562
0	1.585	12.9	0.00740286	0.000131662
0	1.585	13.1	0.00759606	0.000133312
0	1.585	13.3	0.00685321	0.000125916
0	1.585	13.5	0.00749139	0.000132368
0	1.585	13.7	0.00610436	0.000119812
0	1.585	13.9	0.0070672	0.000128701
0	1.585	14.1	0.00773399	0.000134518
0	1.585	14.3	0.008038	0.000137538
0	1.585	14.5	0.00669366	0.000124397
0	1.585	14.7	0.00713486	0.000128373
0	1.585	14.9	0.00856212	0.000141094
0	1.585	15.1	0.0084056	0.000140245
0	1.585	15.3	0.00977285	0.00015107
0	1.585	15.5	0.011361	0.000162323
0	1.585	15.7	0.0105137	0.000157077
0	1.585	15.9	0.0108527	0.000158576
0	1.595	0.1	0.630046	0.000743193
0	1.595	0.3	0.615711	0.0007481
0	1.595	0.5	0.596829	0.000756658
0	1.595	0.7	0.572254	0.000761575
0	1.595	0.9	0.555258	0.000763883
0	1.595	1.1	0.538238	0.000763866
0	1.595	1.3	0.529712	0.000766887
0	1.595	1.5	0.5207	0.000764866
0	1.595	1.7	0.511165	0.000765047
0	1.595	1.9	0.509113	0.000767821
0	1.595	2.1	0.498975	0.000761702
0	1.595	2.3	0.490106	0.000768597
0	1.595	2.5	0.485834	0.000764619
0	1.595	2.7	0.480917	0.000767224
0	1.595	2.9	0.469848	0.000762376
0	1.595	3.1	0.466216	0.000765046
0	1.595	3.3	0.462887	0.000762978
0	1.595	3.5	0.447826	0.000763041
0	1.595	3.7	0.437641	0.000763176
0	1.595	3.9	0.421771	0.00076011
0	1.595	4.1	0.4124	0.000760464
0	1.595	4.3	0.383899	0.000746371
0	1.595	4.5	0.353353	0.000735024
0	1.595	4.7	0.329164	0.000721383
0	1.595	4.9	0.311482	0.000710751
0	1.595	5.1	0.286116	0.000690707
0	1.595	5.3	0.262933	0.000677626
0	1.595	5.5	0.242205	0.000654836
0	1.595	5.7	0.216227	0.000632416
0	1.595	5.9	0.192589	0.000605769
0	1.595	6.1	0.170477	0.000576342
0	1.595	6.3	0.15231	0.000549943
0	1.595	6.5	0.134581	0.000527111
0	1.595	6.7	0.116478	0.000491437
0	1.595	6.9	0.101436	0.000460715
0	1.595	7.1	0.092637	0.000444123
0	1.595	7.3	0.0838583	0.000424541
0	1.595	7.5	0.0715157	0.000395037
0	1.595	7.7	0.0603036	0.000363867
0	1.595	7.9	0.0558297	0.00035171
0	1.595	8.1	0.0486309	0.000329639
0	1.595	8.3	0.0445637	0.000317808
0	1.595	8.5	0.0388467	0.000294673
0	1.595	8.7	0.0364997	0.00028794
0	1.595	8.9	0.0322184	0.000270317
0	1.595	9.1	0.0277675	0.000252895
0	1.595	9.3	0.0224914	0.000227039
0	1.595	9.5	0.0214683	0.000220952
0	1.595	9.7	0.0196106	0.000212126
0	1.595	9.9	0.0149262	0.000186792
0	1.595	10.1	0.0140737	0.000181407
0	1.595	10.3	0.0124324	0.000169868
0	1.595	10.5	0.0117124	0.000164963
0	1.595	10.7	0.00993691	0.000152931
0	1.595	10.9	0.00948769	0.000147956
0	1.595	11.1	0.00821619	0.000138307
0	1.595	11.3	0.0103341	0.000154705
0	1.595	11.5	0.00709493	0.000128946
0	1.595	11.7	0.00765187	0.000134059
0	1.595	11.9	0.00623835	0.000120966
0	1.595	12.1	0.00720648	0.000129615
0	1.595	12.3	0.0061932	0.000120366
0	1.595	12.5	0.00540422	0.000112405
0	1.595	12.7	0.00570262	0.000115401
0	1.595	12.9	0.00560979	0.00011457
0	1.595	13.1	0.0059274	0.00011754
0	1.595	13.3	0.00553844	0.000114249
0	1.595	13.5	0.00482758	0.000106262
0	1.595	13.7	0.00570695	0.000115298
0	1.595	13.9	0.00548628	0.000113443
0	1.595	14.1	0.00578056	0.000115881
0	1.595	14.3	0.00545581	0.00011318
0	1.595	14.5	0.00675787	0.000125652
0	1.595	14.7	0.00615257	0.000120522
0	1.595	14.9	0.00608428	0.000119373
0	1.595	15.1	0.00627657	0.000120726
0	1.595	15.3	0.00706457	0.000128375
0	1.595	15.5	0.00781396	0.000134376
0	1.595	15.7	0.009142	0.000146624
0	1.595	15.9	0.00832994	0.000139008
0	1.605	0.1	0.521203	0.000771682
0	1.605	0.3	0.509268	0.000765658
0	1.605	0.5	0.496885	0.000765382
0	1.605	0.7	0.481832	0.000766037
0	1.605	0.9	0.483526	0.000764364
0	1.605	1.1	0.482972	0.000768075
0	1.605	1.3	0.479846	0.000767879
0	1.605	1.5	0.472736	0.000767575
0	1.605	1.7	0.477958	0.0007655
0	1.605	1.9	0.47135	0.000767263
0	1.605	2.1	0.464499	0.000765231
0	1.605	2.3	0.464998	0.000772261
0	1.605	2.5	0.459098	0.000767624
0	1.605	2.7	0.459621	0.000763782
0	1.605	2.9	0.460163	0.000765326
0	1.605	3.1	0.452243	0.000766422
0	1.605	3.3	0.445305	0.00076263
0	1.605	3.5	0.438649	0.000764083
0	1.605	3.7	0.424525	0.000757468
0	1.605	3.9	0.417989	0.000752871
0	1.605	4.1	0.390483	0.000749945
0	1.605	4.3	0.364471	0.000736744
0	1.605	4.5	0.347429	0.000731247
0	1.605	4.7	0.323382	0.000716265
0	1.605	4.9	0.297858	0.000701061
0	1.605	5.1	0.274346	0.00068242
0	1.605	5.3	0.253134	0.000668666
0	1.605	5.5	0.225247	0.000640294
0	1.605	5.7	0.198718	0.000611431
0	1.605	5.9	0.181175	0.000588753
0	1.605	6.1	0.156517	0.000557815
0	1.605	6.3	0.136434	0.000524674
0	1.605	6.5	0.120203	0.000498103
0	1.605	6.7	0.106545	0.000473959
0	1.605	6.9	0.0906512	0.000439293
0	1.605	7.1	0.0818406	0.00041788
0	1.605	7.3	0.0711587	0.000393438
0	1.605	7.5	0.0601421	0.000362349
0	1.605	7.7	0.0514135	0.000340816
0	1.605	7.9	0.0488962	0.000330379
0	1.605	8.1	0.0424417	0.000308819
0	1.605	8.3	0.0382833	0.00029418
0	1.605	8.5	0.0319659	0.000267941
0	1.605	8.7	0.0291287	0.000257985
0	1.605	8.9	0.0251182	0.000239478
0	1.605	9.1	0.0218396	0.000225648
0	1.605	9.3	0.0202978	0.000215918
0	1.605	9.5	0.0163367	0.000195129
0	1.605	9.7	0.0145166	0.000183373
0	1.605	9.9	0.0132897	0.000176391
0	1.605	10.1	0.0118816	0.000165987
0	1.605	10.3	0.00835212	0.000139691
0	1.605	10.5	0.00843048	0.000139914
0	1.605	10.7	0.00757586	0.000132446
0	1.605	10.9	0.0071121	0.000128617
0	1.605	11.1	0.00690069	0.000126763
0	1.605	11.3	0.00550408	0.000113059
0	1.605	11.5	0.00555206	0.000114261
0	1.605	11.7	0.0057975	0.000115962
0	1.605	11.9	0.00496912	0.000108372
0	1.605	12.1	0.00459771	0.000103931
0	1.605	12.3	0.00482334	0.000106299
0	1.605	12.5	0.00362623	9.18502e-05
0	1.605	12.7	0.00455494	0.000102967
0	1.605	12.9	0.00395873	9.65933e-05
0	1.605	13.1	0.00344602	9.04656e-05
0	1.605	13.3	0.00399796	9.68276e-05
0	1.605	13.5	0.00344114	9.01822e-05
0	1.605	13.7	0.00358715	9.19038e-05
0	1.605	13.9	0.00391168	9.61688e-05
0	1.605	14.1	0.00459712	0.000103494
0	1.605	14.3	0.00423722	9.95223e-05
0	1.605	14.5	0.00319566	8.6516e-05
0	1.605	14.7	0.00515951	0.000110703
0	1.605	14.9	0.00384328	9.42618e-05
0	1.605	15.1	0.00452245	0.000103138
0	1.605	15.3	0.00540177	0.000112232
0	1.605	15.5	0.00502216	0.000108265
0	1.605	15.7	0.00550497	0.000113463
0	1.605	15.9	0.00552987	0.000113757
0	1.615	0.1	0.282888	0.000690568
0	1.615	0.3	0.302651	0.000708267
0	1.615	0.5	0.324447	0.000719476
0	1.615	0.7	0.350832	0.000729969
0	1.615	0.9	0.375885	0.000741197
0	1.615	1.1	0.380668	0.00074222
0	1.615	1.3	0.40046	0.00075097
0	1.615	1.5	0.401318	0.000752098
0	1.615	1.7	0.416791	0.00075982
0	1.615	1.9	0.428612	0.000760505
0	1.615	2.1	0.422877	0.000760119
0	1.615	2.3	0.42474	0.000761387
0	1.615	2.5	0.425344	0.000758242
0	1.615	2.7	0.425248	0.000759541
0	1.615	2.9	0.422241	0.000755274
0	1.615	3.1	0.424155	0.000758658
0	1.615	3.3	0.418202	0.000751249
0	1.615	3.5	0.412315	0.00075529
0	1.615	3.7	0.397094	0.000752143
0	1.615	3.9	0.387637	0.000749397
0	1.615	4.1	0.371757	0.000740103
0	1.615	4.3	0.352873	0.0007306
0	1.615	4.5	0.324263	0.000716676
0	1.615	4.7	0.307035	0.000705245
0	1.615	4.9	0.283482	0.000690676
0	1.615	5.1	0.265098	0.000677594
0	1.615	5.3	0.233504	0.00064708
0	1.615	5.5	0.213068	0.000625985
0	1.615	5.7	0.186138	0.000593043
0	1.615	5.9	0.16361	0.000568625
0	1.615	6.1	0.150245	0.000549687
0	1.615	6.3	0.124409	0.000507526
0	1.615	6.5	0.109486	0.000480005
0	1.615	6.7	0.0929148	0.000443921
0	1.615	6.9	0.084362	0.000423989
0	1.615	7.1	0.0679819	0.00038698
0	1.615	7.3	0.0616411	0.000371127
0	1.615	7.5	0.0538437	0.000346598
0	1.615	7.7	0.0472397	0.000325562
0	1.615	7.9	0.038552	0.000294517
0	1.615	8.1	0.0347461	0.000279213
0	1.615	8.3	0.0292507	0.000258923
0	1.615	8.5	0.0244197	0.000237038
0	1.615	8.7	0.0227294	0.000228391
0	1.615	8.9	0.0189132	0.000209709
0	1.615	9.1	0.0161362	0.000194095
0	1.615	9.3	0.01464	0.000184014
0	1.615	9.5	0.0112755	0.000161491
0	1.615	9.7	0.00867985	0.000141941
0	1.615	9.9	0.00819502	0.000137854
0	1.615	10.1	0.00794714	0.000136841
0	1.615	10.3	0.00621561	0.000120526
0	1.615	10.5	0.00631857	0.000121713
0	1.615	10.7	0.00537126	0.000112112
0	1.615	10.9	0.00486042	0.000105931
0	1.615	11.1	0.00523498	0.000110172
0	1.615	11.3	0.004937	0.000107442
0	1.615	11.5	0.00410707	9.79758e-05
0	1.615	11.7	0.00317433	8.60343e-05
0	1.615	11.9	0.00351663	9.09733e-05
0	1.615	12.1	0.00341894	8.95395e-05
0	1.615	12.3	0.00326965	8.7367e-05
0	1.615	12.5	0.00270892	7.96351e-05
0	1.615	12.7	0.00265876	7.89182e-05
0	1.615	12.9	0.00213575	7.06076e-05
0	1.615	13.1	0.00189317	6.69959e-05
0	1.615	13.3	0.00271077	8.00718e-05
0	1.615	13.5	0.0025592	7.7595e-05
0	1.615	13.7	0.00294544	8.28561e-05
0	1.615	13.9	0.00302693	8.41491e-05
0	1.615	14.1	0.00224205	7.27366e-05
0	1.615	14.3	0.00236339	7.44998e-05
0	1.615	14.5	0.00324479	8.78117e-05
0	1.615	14.7	0.00308698	8.5354e-05
0	1.615	14.9	0.00289836	8.19574e-05
0	1.615	15.1	0.00233907	7.40296e-05
0	1.615	15.3	0.00300229	8.36598e-05
0	1.615	15.5	0.00249343	7.66706e-05
0	1.615	15.7	0.0027717	8.085e-05
0	1.615	15.9	0.00275129	8.00169e-05
0	1.625	0.1	0.107459	0.000473802
0	1.625	0.3	0.12736	0.000511364
0	1.625	0.5	0.157833	0.000559081
0	1.625	0.7	0.192312	0.000603696
0	1.625	0.9	0.237564	0.000653754
0	1.625	1.1	0.270634	0.000684511
0	1.625	1.3	0.304746	0.000704594
0	1.625	1.5	0.318455	0.000713883
0	1.625	1.7	0.343983	0.000730055
0	1.625	1.9	0.355043	0.000734854
0	1.625	2.1	0.372605	0.000739449
0	1.625	2.3	0.379374	0.000744466
0	1.625	2.5	0.381778	0.000747505
0	1.625	2.7	0.381091	0.000743794
0	1.625	2.9	0.389323	0.000742627
0	1.625	3.1	0.386921	0.000743043
0	1.625	3.3	0.388712	0.000749674
0	1.625	3.5	0.381089	0.000745155
0	1.625	3.7	0.375601	0.000739941
0	1.625	3.9	0.368342	0.000742937
0	1.625	4.1	0.352822	0.000729521
0	1.625	4.3	0.332896	0.000726021
0	1.625	4.5	0.309686	0.000708405
0	1.625	4.7	0.289863	0.00069467
0	1.625	4.9	0.260798	0.000673923
0	1.625	5.1	0.240769	0.000654591
0	1.625	5.3	0.216665	0.00063252
0	1.625	5.5	0.196897	0.000610618
0	1.625	5.7	0.175477	0.000585322
0	1.625	5.9	0.149553	0.000547913
0	1.625	6.1	0.128971	0.000512645
0	1.625	6.3	0.110774	0.000481682
0	1.625	6.5	0.0977184	0.000454673
0	1.625	6.7	0.0822714	0.000423562
0	1.625	6.9	0.0705844	0.000391118
0	1.625	7.1	0.0572227	0.00035846
0	1.625	7.3	0.0493814	0.000332094
0	1.625	7.5	0.0409335	0.000303559
0	1.625	7.7	0.0383584	0.000294051
0	1.625	7.9	0.0299549	0.000262614
0	1.625	8.1	0.0276995	0.000252381
0	1.625	8.3	0.0218562	0.0002235
0	1.625	8.5	0.0182885	0.000206061
0	1.625	8.7	0.0156974	0.00019032
0	1.625	8.9	0.0145945	0.000183992
0	1.625	9.1	0.0114935	0.000164681
0	1.625	9.3	0.00910816	0.00014597
0	1.625	9.5	0.00895222	0.000144974
0	1.625	9.7	0.00627671	0.000120483
0	1.625	9.9	0.00604376	0.000119159
0	1.625	10.1	0.00425305	9.97552e-05
0	1.625	10.3	0.0038504	9.52739e-05
0	1.625	10.5	0.00291775	8.25382e-05
0	1.625	10.7	0.00319427	8.62882e-05
0	1.625	10.9	0.00258578	7.77221e-05
0	1.625	11.1	0.00231633	7.33475e-05
0	1.625	11.3	0.00163607	6.20537e-05
0	1.625	11.5	0.00252868	7.71343e-05
0	1.625	11.7	0.00205318	6.96984e-05
0	1.625	11.9	0.00161754	6.21169e-05
0	1.625	12.1	0.00194059	6.74156e-05
0	1.625	12.3	0.00140439	5.72459e-05
0	1.625	12.5	0.00157908	6.0731e-05
0	1.625	12.7	0.00185378	6.60187e-05
0	1.625	12.9	0.000943485	4.70932e-05
0	1.625	13.1	0.00133857	5.60288e-05
0	1.625	13.3	0.00118334	5.25748e-05
0	1.625	13.5	0.00138167	5.69884e-05
0	1.625	13.7	0.00154996	6.02397e-05
0	1.625	13.9	0.00154324	6.03449e-05
0	1.625	14.1	0.00172585	6.37342e-05
0	1.625	14.3	0.00125946	5.4468e-05
0	1.625	14.5	0.00114633	5.23472e-05
0	1.625	14.7	0.00102612	4.91172e-05
0	1.625	14.9	0.00152387	5.96796e-05
0	1.625	15.1	0.000900984	4.6138e-05
0	1.625	15.3	0.000910851	4.6161e-05
0	1.625	15.5	0.00138718	5.69732e-05
0	1.625	15.7	0.000927991	4.65529e-05
0	1.625	15.9	0.00105926	4.9742e-05
0	1.635	0.1	0.0445677	0.000315966
0	1.635	0.3	0.0475966	0.000327381
0	1.635	0.5	0.0633001	0.000372028
0	1.635	0.7	0.0881525	0.000435965
0	1.635	0.9	0.121135	0.000502828
0	1.635	1.1	0.161392	0.000562741
0	1.635	1.3	0.199964	0.000618098
0	1.635	1.5	0.236742	0.000652513
0	1.635	1.7	0.268166	0.00067584
0	1.635	1.9	0.291363	0.000697692
0	1.635	2.1	0.309685	0.000709863
0	1.635	2.3	0.330613	0.000720173
0	1.635	2.5	0.335349	0.000722919
0	1.635	2.7	0.343	0.0007264
0	1.635	2.9	0.354323	0.000733321
0	1.635	3.1	0.355887	0.000735114
0	1.635	3.3	0.35646	0.00073866
0	1.635	3.5	0.355663	0.000735175
0	1.635	3.7	0.351868	0.000734312
0	1.635	3.9	0.336519	0.000722808
0	1.635	4.1	0.332735	0.000718901
0	1.635	4.3	0.304025	0.000706806
0	1.635	4.5	0.291469	0.000695808
0	1.635	4.7	0.265989	0.000677078
0	1.635	4.9	0.24709	0.000663376
0	1.635	5.1	0.222988	0.000640014
0	1.635	5.3	0.204188	0.000616768
0	1.635	5.5	0.180322	0.000591627
0	1.635	5.7	0.155021	0.000554776
0	1.635	5.9	0.133461	0.000520094
0	1.635	6.1	0.115169	0.000489567
0	1.635	6.3	0.0956145	0.00045075
0	1.635	6.5	0.0815225	0.000421225
0	1.635	6.7	0.0692929	0.000389243
0	1.635	6.9	0.05766	0.000358316
0	1.635	7.1	0.0500188	0.000336291
0	1.635	7.3	0.0394755	0.000298996
0	1.635	7.5	0.0318276	0.000269504
0	1.635	7.7	0.0281677	0.00025315
0	1.635	7.9	0.024098	0.000236015
0	1.635	8.1	0.0185755	0.000208257
0	1.635	8.3	0.0160113	0.000193317
0	1.635	8.5	0.0137911	0.000178651
0	1.635	8.7	0.010853	0.000158838
0	1.635	8.9	0.0104536	0.000155501
0	1.635	9.1	0.00674009	0.000125235
0	1.635	9.3	0.00572498	0.000115567
0	1.635	9.5	0.00449638	0.000102411
0	1.635	9.7	0.00426853	0.000100284
0	1.635	9.9	0.00249896	7.66952e-05
0	1.635	10.1	0.00302854	8.40961e-05
0	1.635	10.3	0.00195673	6.74476e-05
0	1.635	10.5	0.00173803	6.42275e-05
0	1.635	10.7	0.00172178	6.38462e-05
0	1.635	10.9	0.00124409	5.42628e-05
0	1.635	11.1	0.00179337	6.45288e-05
0	1.635	11.3	0.00099422	4.83166e-05
0	1.635	11.5	0.00100964	4.87211e-05
0	1.635	11.7	0.00105621	4.94355e-05
0	1.635	11.9	0.000533701	3.54918e-05
0	1.635	12.1	0.000627186	3.85885e-05
0	1.635	12.3	0.000823517	4.38755e-05
0	1.635	12.5	0.000542925	3.56351e-05
0	1.635	12.7	0.000623614	3.84417e-05
0	1.635	12.9	0.000485591	3.35809e-05
0	1.635	13.1	0.000784671	4.26637e-05
0	1.635	13.3	0.000456271	3.28356e-05
0	1.635	13.5	0.000689133	4.01772e-05
0	1.635	13.7	0.000417274	3.13577e-05
0	1.635	13.9	0.000337142	2.81885e-05
0	1.635	14.1	0.000515895	3.46939e-05
0	1.635	14.3	0.00069078	4.055e-05
0	1.635	14.5	0.000496204	3.41516e-05
0	1.635	14.7	0.00046319	3.29933e-05
0	1.635	14.9	0.000221813	2.28757e-05
0	1.635	15.1	0.000275539	2.547e-05
0	1.635	15.3	0.000388902	3.01788e-05
0	1.635	15.5	0.000478142	3.3551e-05
0	1.635	15.7	0.000802795	4.34563e-05
0	1.635	15.9	0.000727449	4.11029e-05
0	1.645	0.1	0.0194845	0.000210876
0	1.645	0.3	0.0199169	0.000214397
0	1.645	0.5	0.0248229	0.00023879
0	1.645	0.7	0.0377664	0.000292576
0	1.645	0.9	0.0534957	0.000345132
0	1.645	1.1	0.0806995	0.000420069
0	1.645	1.3	0.111088	0.000483352
0	1.645	1.5	0.149423	0.000547296
0	1.645	1.7	0.194519	0.000606525
0	1.645	1.9	0.223416	0.000639413
0	1.645	2.1	0.250973	0.000664524
0	1.645	2.3	0.276568	0.000690491
0	1.645	2.5	0.294733	0.000700579
0	1.645	2.7	0.308646	0.00070683
0	1.645	2.9	0.309944	0.000709067
0	1.645	3.1	0.324681	0.000719305
0	1.645	3.3	0.322995	0.000715742
0	1.645	3.5	0.323472	0.000717605
0	1.645	3.7	0.319049	0.000721452
0	1.645	3.9	0.316848	0.000711606
0	1.645	4.1	0.307735	0.000708679
0	1.645	4.3	0.292476	0.000695569
0	1.645	4.5	0.266903	0.00067761
0	1.645	4.7	0.245075	0.000663024
0	1.645	4.9	0.229636	0.000645463
0	1.645	5.1	0.204435	0.000620055
0	1.645	5.3	0.186512	0.000596847
0	1.645	5.5	0.162677	0.000565706
0	1.645	5.7	0.139007	0.000533433
0	1.645	5.9	0.119285	0.000494682
0	1.645	6.1	0.102092	0.000465514
0	1.645	6.3	0.0825687	0.00042161
0	1.645	6.5	0.0727387	0.000395927
0	1.645	6.7	0.057511	0.000357748
0	1.645	6.9	0.0469541	0.000326271
0	1.645	7.1	0.0394149	0.000298921
0	1.645	7.3	0.0317037	0.000269261
0	1.645	7.5	0.0245666	0.000237234
0	1.645	7.7	0.0203365	0.000218057
0	1.645	7.9	0.0173764	0.00020101
0	1.645	8.1	0.012644	0.000171051
0	1.645	8.3	0.0118111	0.000165352
0	1.645	8.5	0.00799983	0.000136606
0	1.645	8.7	0.00663071	0.000124559
0	1.645	8.9	0.00578727	0.00011682
0	1.645	9.1	0.00446915	0.000102085
0	1.645	9.3	0.00396631	9.63755e-05
0	1.645	9.5	0.00282642	8.13746e-05
0	1.645	9.7	0.00208887	7.01036e-05
0	1.645	9.9	0.00157884	6.07667e-05
0	1.645	10.1	0.00146599	5.90709e-05
0	1.645	10.3	0.00113949	5.18189e-05
0	1.645	10.5	0.000478761	3.35944e-05
0	1.645	10.7	0.000620488	3.82491e-05
0	1.645	10.9	0.000555367	3.61413e-05
0	1.645	11.1	0.000530332	3.52678e-05
0	1.645	11.3	0.000321053	2.7425e-05
0	1.645	11.5	0.000283911	2.59138e-05
0	1.645	11.7	0.000433085	3.18341e-05
0	1.645	11.9	0.000188313	2.09216e-05
0	1.645	12.1	0.000368861	2.94329e-05
0	1.645	12.3	0.000552427	3.61807e-05
0	1.645	12.5	0.000396247	3.04745e-05
0	1.645	12.7	0.000352965	2.88144e-05
0	1.645	12.9	0.000168409	1.98455e-05
0	1.645	13.1	0.00022104	2.29183e-05
0	1.645	13.3	0.000203964	2.19918e-05
0	1.645	13.5	0.000196998	2.16212e-05
0	1.645	13.7	0.000186749	2.1009e-05
0	1.645	13.9	0.000142855	1.84412e-05
0	1.645	14.1	0.000138359	1.81661e-05
0	1.645	14.3	3.5491e-05	9.16358e-06
0	1.645	14.5	0.000164196	1.96236e-05
0	1.645	14.7	3.05451e-05	8.47156e-06
0	1.645	14.9	1.87183e-05	6.61786e-06
0	1.645	15.1	0	0
0	1.645	15.3	2.35266e-06	2.35266e-06
0	1.645	15.5	9.70063e-05	1.51491e-05
0	1.645	15.7	0.000203136	2.19025e-05
0	1.645	15.9	0.000595484	3.73528e-05
0	1.655	0.1	0.00798729	0.000136978
0	1.655	0.3	0.00988261	0.000152888
0	1.655	0.5	0.0114543	0.000163378
0	1.655	0.7	0.0165669	0.000195391
0	1.655	0.9	0.0223673	0.000226533
0	1.655	1.1	0.0357535	0.000285021
0	1.655	1.3	0.0559821	0.000351241
0	1.655	1.5	0.0851571	0.000428658
0	1.655	1.7	0.115644	0.00048901
0	1.655	1.9	0.153362	0.000553193
0	1.655	2.1	0.185582	0.000597624
0	1.655	2.3	0.216429	0.00063617
0	1.655	2.5	0.241751	0.000660565
0	1.655	2.7	0.256372	0.000669984
0	1.655	2.9	0.281599	0.000691905
0	1.655	3.1	0.286419	0.000690359
0	1.655	3.3	0.294035	0.000698169
0	1.655	3.5	0.293942	0.000700021
0	1.655	3.7	0.302727	0.000705696
0	1.655	3.9	0.291373	0.000694116
0	1.655	4.1	0.283075	0.000691287
0	1.655	4.3	0.267622	0.000680662
0	1.655	4.5	0.250543	0.00066711
0	1.655	4.7	0.231326	0.000645207
0	1.655	4.9	0.212963	0.000629753
0	1.655	5.1	0.192799	0.000603645
0	1.655	5.3	0.170372	0.000577699
0	1.655	5.5	0.145517	0.00054241
0	1.655	5.7	0.128808	0.000515004
0	1.655	5.9	0.106604	0.000473758
0	1.655	6.1	0.0870035	0.000429553
0	1.655	6.3	0.0700066	0.000394933
0	1.655	6.5	0.0586702	0.000361615
0	1.655	6.7	0.0436102	0.000314624
0	1.655	6.9	0.0359033	0.000285273
0	1.655	7.1	0.0273157	0.000249723
0	1.655	7.3	0.0202822	0.000216316
0	1.655	7.5	0.0167964	0.000197073
0	1.655	7.7	0.012879	0.000173058
0	1.655	7.9	0.0102696	0.000154233
0	1.655	8.1	0.00786572	0.000135182
0	1.655	8.3	0.00547306	0.000113122
0	1.655	8.5	0.00438973	0.000101425
0	1.655	8.7	0.00354727	9.14581e-05
0	1.655	8.9	0.00296486	8.3768e-05
0	1.655	9.1	0.00197995	6.79245e-05
0	1.655	9.3	0.00121666	5.35279e-05
0	1.655	9.5	0.000990695	4.81454e-05
0	1.655	9.7	0.0010515	4.9708e-05
0	1.655	9.9	0.000392261	3.05315e-05
0	1.655	10.1	0.000517323	3.50285e-05
0	1.655	10.3	0.000251315	2.42925e-05
0	1.655	10.5	0.000221527	2.28462e-05
0	1.655	10.7	0.000136242	1.78882e-05
0	1.655	10.9	1.4037e-05	5.73055e-06
0	1.655	11.1	5.40807e-05	1.12763e-05
0	1.655	11.3	0.000161935	1.94931e-05
0	1.655	11.5	8.64167e-05	1.42062e-05
0	1.655	11.7	9.3973e-06	4.69863e-06
0	1.655	11.9	2.77914e-05	8.02258e-06
0	1.655	12.1	0.000117833	1.66632e-05
0	1.655	12.3	0.000131113	1.75195e-05
0	1.655	12.5	0	0
0	1.655	12.7	4.20675e-05	9.91519e-06
0	1.655	12.9	4.20869e-05	9.91976e-06
0	1.655	13.1	8.49061e-05	1.41504e-05
0	1.655	13.3	0	0
0	1.655	13.5	1.17645e-05	5.26123e-06
0	1.655	13.7	3.06238e-05	8.49339e-06
0	1.655	13.9	0	0
0	1.655	14.1	0	0
0	1.655	14.3	0	0
0	1.655	14.5	4.21521e-05	9.93514e-06
0	1.655	14.7	0	0
0	1.655	14.9	4.46739e-05	1.02487e-05
0	1.655	15.1	0	0
0	1.655	15.3	0	0
0	1.655	15.5	0	0
0	1.655	15.7	4.24739e-05	1.0011e-05
0	1.655	15.9	1.87218e-05	6.61908e-06
0	1.665	0.1	0.00254572	7.76172e-05
0	1.665	0.3	0.0034618	9.0165e-05
0	1.665	0.5	0.00453341	0.000103387
0	1.665	0.7	0.00810759	0.000137432
0	1.665	0.9	0.00991321	0.000151199
0	1.665	1.1	0.0155416	0.000190767
0	1.665	1.3	0.0256171	0.000242773
0	1.665	1.5	0.0410105	0.000302585
0	1.665	1.7	0.0619135	0.000369318
0	1.665	1.9	0.091194	0.000443594
0	1.665	2.1	0.124907	0.000507084
0	1.665	2.3	0.160421	0.000561974
0	1.665	2.5	0.183964	0.00059765
0	1.665	2.7	0.215284	0.000630244
0	1.665	2.9	0.234206	0.000649555
0	1.665	3.1	0.251682	0.00066476
0	1.665	3.3	0.258628	0.000672854
0	1.665	3.5	0.264156	0.000674965
0	1.665	3.7	0.274868	0.00068686
0	1.665	3.9	0.269036	0.000681727
0	1.665	4.1	0.263277	0.00067666
0	1.665	4.3	0.247135	0.00065679
0	1.665	4.5	0.232787	0.000648754
0	1.665	4.7	0.216394	0.000630918
0	1.665	4.9	0.19447	0.000608912
0	1.665	5.1	0.176988	0.000583889
0	1.665	5.3	0.148779	0.000545485
0	1.665	5.5	0.132282	0.000522782
0	1.665	5.7	0.113886	0.000490982
0	1.665	5.9	0.0918508	0.000443742
0	1.665	6.1	0.0749524	0.00040407
0	1.665	6.3	0.0605111	0.00036858
0	1.665	6.5	0.0464791	0.000323018
0	1.665	6.7	0.0363326	0.000286498
0	1.665	6.9	0.0278669	0.000251691
0	1.665	7.1	0.0200545	0.000214411
0	1.665	7.3	0.0151966	0.000188878
0	1.665	7.5	0.0116239	0.000164552
0	1.665	7.7	0.0074482	0.000131878
0	1.665	7.9	0.00548297	0.000113399
0	1.665	8.1	0.00449325	0.000103068
0	1.665	8.3	0.00253412	7.67648e-05
0	1.665	8.5	0.00230997	7.32199e-05
0	1.665	8.7	0.00134638	5.63062e-05
0	1.665	8.9	0.0011901	5.30322e-05
0	1.665	9.1	0.000687153	4.01987e-05
0	1.665	9.3	0.000757989	4.22251e-05
0	1.665	9.5	0.000460558	3.29737e-05
0	1.665	9.7	0.000349277	2.85133e-05
0	1.665	9.9	0.000160359	1.94448e-05
0	1.665	10.1	3.48093e-05	8.98757e-06
0	1.665	10.3	0.000110044	1.60507e-05
0	1.665	10.5	3.75585e-05	9.38945e-06
0	1.665	10.7	3.99747e-05	9.69509e-06
0	1.665	10.9	0	0
0	1.665	11.1	0	0
0	1.665	11.3	0	0
0	1.665	11.5	0	0
0	1.665	11.7	1.64713e-05	6.22551e-06
0	1.665	11.9	9.41072e-06	4.70534e-06
0	1.665	12.1	7.10212e-06	4.1004e-06
0	1.665	12.3	2.58581e-05	7.79642e-06
0	1.665	12.5	6.775e-05	1.25804e-05
0	1.665	12.7	0	0
0	1.665	12.9	2.55332e-05	7.69844e-06
0	1.665	13.1	0	0
0	1.665	13.3	9.45202e-06	4.72599e-06
0	1.665	13.5	2.32978e-05	7.36733e-06
0	1.665	13.7	0	0
0	1.665	13.9	0	0
0	1.665	14.1	0	0
0	1.665	14.3	0	0
0	1.665	14.5	0	0
0	1.665	14.7	0	0
0	1.665	14.9	0	0
0	1.665	15.1	0	0
0	1.665	15.3	0	0
0	1.665	15.5	9.6866e-05	1.51272e-05
0	1.665	15.7	0	0
0	1.665	15.9	0	0
0	1.675	0.1	0.00112156	5.16499e-05
0	1.675	0.3	0.000877676	4.55467e-05
0	1.675	0.5	0.00215083	7.11445e-05
0	1.675	0.7	0.00343222	8.97018e-05
0	1.675	0.9	0.00573996	0.000115844
0	1.675	1.1	0.00905687	0.000145605
0	1.675	1.3	0.0120106	0.000166729
0	1.675	1.5	0.0189303	0.000208516
0	1.675	1.7	0.0298143	0.00025901
0	1.675	1.9	0.0492812	0.000332244
0	1.675	2.1	0.0710471	0.000393013
0	1.675	2.3	0.107775	0.00047608
0	1.675	2.5	0.13784	0.00052662
0	1.675	2.7	0.165961	0.000573662
0	1.675	2.9	0.187479	0.000596614
0	1.675	3.1	0.208629	0.000624903
0	1.675	3.3	0.22208	0.000637654
0	1.675	3.5	0.239626	0.000652948
0	1.675	3.7	0.245142	0.000660059
0	1.675	3.9	0.244987	0.000661811
0	1.675	4.1	0.243383	0.000656715
0	1.675	4.3	0.22632	0.000646876
0	1.675	4.5	0.217879	0.000636784
0	1.675	4.7	0.194629	0.000607215
0	1.675	4.9	0.182603	0.000590011
0	1.675	5.1	0.160774	0.000565546
0	1.675	5.3	0.140857	0.00052981
0	1.675	5.5	0.120768	0.000495623
0	1.675	5.7	0.0977497	0.000456374
0	1.675	5.9	0.0834297	0.000425348
0	1.675	6.1	0.0640365	0.000375
0	1.675	6.3	0.0479615	0.000327976
0	1.675	6.5	0.0361552	0.000287209
0	1.675	6.7	0.0279603	0.000253611
0	1.675	6.9	0.0192948	0.000210128
0	1.675	7.1	0.0142261	0.000180609
0	1.675	7.3	0.00923061	0.00014531
0	1.675	7.5	0.00645122	0.000122824
0	1.675	7.7	0.00481473	0.000106213
0	1.675	7.9	0.00274598	8.0169e-05
0	1.675	8.1	0.00210471	7.06745e-05
0	1.675	8.3	0.00127229	5.46146e-05
0	1.675	8.5	0.00086379	4.49477e-05
0	1.675	8.7	0.000453468	3.27188e-05
0	1.675	8.9	0.000322099	2.77174e-05
0	1.675	9.1	0.000349651	2.84492e-05
0	1.675	9.3	1.86866e-05	6.60665e-06
0	1.675	9.5	7.39354e-05	1.32787e-05
0	1.675	9.7	8.8762e-05	1.43985e-05
0	1.675	9.9	5.43541e-05	1.13333e-05
0	1.675	10.1	1.18809e-05	5.31326e-06
0	1.675	10.3	0	0
0	1.675	10.5	0	0
0	1.675	10.7	0	0
0	1.675	10.9	0	0
0	1.675	11.1	0	0
0	1.675	11.3	2.58487e-05	7.79358e-06
0	1.675	11.5	0	0
0	1.675	11.7	0	0
0	1.675	11.9	3.97305e-05	9.63587e-06
0	1.675	12.1	1.89227e-05	6.69013e-06
0	1.675	12.3	0	0
0	1.675	12.5	0	0
0	1.675	12.7	0	0
0	1.675	12.9	0	0
0	1.675	13.1	0	0
0	1.675	13.3	0	0
0	1.675	13.5	0	0
0	1.675	13.7	0	0
0	1.675	13.9	0	0
0	1.675	14.1	0	0
0	1.675	14.3	0	0
0	1.675	14.5	0	0
0	1.675	14.7	0	0
0	1.675	14.9	0	0
0	1.675	15.1	0	0
0	1.675	15.3	0	0
0	1.675	15.5	0	0
0	1.675	15.7	0	0
0	1.675	15.9	3.31005e-05	8.84634e-06
0	1.685	0.1	6.11233e-05	1.19869e-05
0	1.685	0.3	0.000114586	1.63685e-05
0	1.685	0.5	0.000623091	3.83367e-05
0	1.685	0.7	0.00157128	6.06108e-05
0	1.685	0.9	0.00190447	6.68524e-05
0	1.685	1.1	0.0040823	9.81463e-05
0	1.685	1.3	0.0072437	0.000129754
0	1.685	1.5	0.00991963	0.000152031
0	1.685	1.7	0.0155634	0.000191223
0	1.685	1.9	0.0245467	0.000238209
0	1.685	2.1	0.0370401	0.000289744
0	1.685	2.3	0.0598222	0.000363493
0	1.685	2.5	0.0875903	0.000430807
0	1.685	2.7	0.118035	0.000493115
0	1.685	2.9	0.143201	0.000536371
0	1.685	3.1	0.171402	0.000580462
0	1.685	3.3	0.192178	0.000608422
0	1.685	3.5	0.208536	0.000623285
0	1.685	3.7	0.214022	0.000629886
0	1.685	3.9	0.218567	0.000634633
0	1.685	4.1	0.219762	0.000636647
0	1.685	4.3	0.211859	0.000621635
0	1.685	4.5	0.196852	0.000608641
0	1.685	4.7	0.181022	0.000587194
0	1.685	4.9	0.162181	0.000564429
0	1.685	5.1	0.145084	0.000540478
0	1.685	5.3	0.12611	0.000506734
0	1.685	5.5	0.111991	0.000483337
0	1.685	5.7	0.0872117	0.000433422
0	1.685	5.9	0.0704994	0.000392897
0	1.685	6.1	0.0553165	0.00035082
0	1.685	6.3	0.0384434	0.000295349
0	1.685	6.5	0.0297304	0.000260697
0	1.685	6.7	0.0196053	0.000212999
0	1.685	6.9	0.013907	0.000179139
0	1.685	7.1	0.00980337	0.000151212
0	1.685	7.3	0.00483933	0.000107016
0	1.685	7.5	0.00323387	8.72604e-05
0	1.685	7.7	0.00146652	5.88537e-05
0	1.685	7.9	0.00104998	4.98036e-05
0	1.685	8.1	0.00108398	5.05134e-05
0	1.685	8.3	0.000584221	3.71623e-05
0	1.685	8.5	0.00018131	2.06603e-05
0	1.685	8.7	0.000407388	3.09668e-05
0	1.685	8.9	0.000147363	1.85646e-05
0	1.685	9.1	0.000150487	1.88095e-05
0	1.685	9.3	6.43909e-05	1.23916e-05
0	1.685	9.5	8.97526e-05	1.45591e-05
0	1.685	9.7	0	0
0	1.685	9.9	0	0
0	1.685	10.1	0.000136744	1.79541e-05
0	1.685	10.3	2.60088e-05	7.84184e-06
0	1.685	10.5	0	0
0	1.685	10.7	0	0
0	1.685	10.9	0	0
0	1.685	11.1	0	0
0	1.685	11.3	0	0
0	1.685	11.5	0	0
0	1.685	11.7	0	0
0	1.685	11.9	0	0
0	1.685	12.1	0	0
0	1.685	12.3	0	0
0	1.685	12.5	0	0
0	1.685	12.7	0	0
0	1.685	12.9	0	0
0	1.685	13.1	0	0
0	1.685	13.3	0	0
0	1.685	13.5	0	0
0	1.685	13.7	0	0
0	1.685	13.9	0	0
0	1.685	14.1	0	0
0	1.685	14.3	0	0
0	1.685	14.5	0	0
0	1.685	14.7	0	0
0	1.685	14.9	0	0
0	1.685	15.1	0	0
0	1.685	15.3	0	0
0	1.685	15.5	0	0
0	1.685	15.7	0	0
0	1.685	15.9	0	0
0	1.695	0.1	0	0
0	1.695	0.3	0	0
0	1.695	0.5	0.000209522	2.22069e-05
0	1.695	0.7	0.000581487	3.69137e-05
0	1.695	0.9	0.00114258	5.17457e-05
0	1.695	1.1	0.00246852	7.63045e-05
0	1.695	1.3	0.00355315	9.12147e-05
0	1.695	1.5	0.00574431	0.00011629
0	1.695	1.7	0.00875703	0.000142488
0	1.695	1.9	0.0139462	0.000178695
0	1.695	2.1	0.0196457	0.00021328
0	1.695	2.3	0.0326575	0.000272378
0	1.695	2.5	0.0534662	0.000342798
0	1.695	2.7	0.0763813	0.000407298
0	1.695	2.9	0.10638	0.000474049
0	1.695	3.1	0.132392	0.000521707
0	1.695	3.3	0.154727	0.000556678
0	1.695	3.5	0.174561	0.00058491
0	1.695	3.7	0.185907	0.000597426
0	1.695	3.9	0.203508	0.000616903
0	1.695	4.1	0.197252	0.000609474
0	1.695	4.3	0.190932	0.000602812
0	1.695	4.5	0.181413	0.000592193
0	1.695	4.7	0.162383	0.000564786
0	1.695	4.9	0.1487	0.00054368
0	1.695	5.1	0.128853	0.00051325
0	1.695	5.3	0.113954	0.000487706
0	1.695	5.5	0.0940948	0.000449464
0	1.695	5.7	0.074908	0.000404418
0	1.695	5.9	0.060161	0.000364208
0	1.695	6.1	0.0429785	0.000312318
0	1.695	6.3	0.0311125	0.000266191
0	1.695	6.5	0.0192273	0.00021113
0	1.695	6.7	0.0131211	0.000174951
0	1.695	6.9	0.00979469	0.000150897
0	1.695	7.1	0.00565111	0.00011474
0	1.695	7.3	0.00320414	8.73575e-05
0	1.695	7.5	0.00121856	5.34562e-05
0	1.695	7.7	0.00145296	5.8594e-05
0	1.695	7.9	0.000638735	3.85751e-05
0	1.695	8.1	0.000279258	2.5596e-05
0	1.695	8.3	0.000100483	1.53227e-05
0	1.695	8.5	2.36261e-05	7.47114e-06
0	1.695	8.7	0.000149972	1.87451e-05
0	1.695	8.9	0	0
0	1.695	9.1	0	0
0	1.695	9.3	0	0
0	1.695	9.5	0	0
0	1.695	9.7	0	0
0	1.695	9.9	0	0
0	1.695	10.1	0	0
0	1.695	10.3	0	0
0	1.695	10.5	0	0
0	1.695	10.7	0	0
0	1.695	10.9	0	0
0	1.695	11.1	0	0
0	1.695	11.3	0	0
0	1.695	11.5	0	0
0	1.695	11.7	0	0
0	1.695	11.9	0	0
0	1.695	12.1	0	0
0	1.695	12.3	0	0
0	1.695	12.5	0	0
0	1.695	12.7	0	0
0	1.695	12.9	0	0
0	1.695	13.1	0	0
0	1.695	13.3	0	0
0	1.695	13.5	0	0
0	1.695	13.7	0	0
0	1.695	13.9	0	0
0	1.695	14.1	0	0
0	1.695	14.3	0	0
0	1.695	14.5	0	0
0	1.695	14.7	0	0
0	1.695	14.9	0	0
0	1.695	15.1	0	0
0	1.695	15.3	0	0
0	1.695	15.5	0	0
0	1.695	15.7	0	0
0	1.695	15.9	0	0
0	1.705	0.1	0	0
0	1.705	0.3	0	0
0	1.705	0.5	0	0
0	1.705	0.7	0.000147818	1.86219e-05
0	1.705	0.9	0.000410409	3.10176e-05
0	1.705	1.1	0.000917607	4.65631e-05
0	1.705	1.3	0.00206922	6.96417e-05
0	1.705	1.5	0.00323346	8.7154e-05
0	1.705	1.7	0.00580365	0.00011646
0	1.705	1.9	0.0080926	0.00013794
0	1.705	2.1	0.0122381	0.000169553
0	1.705	2.3	0.0184192	0.000206547
0	1.705	2.5	0.0296281	0.00026135
0	1.705	2.7	0.0450792	0.000318287
0	1.705	2.9	0.0730591	0.000399155
0	1.705	3.1	0.0934058	0.000443741
0	1.705	3.3	0.122946	0.000502068
0	1.705	3.5	0.138055	0.000532915
0	1.705	3.7	0.15385	0.000556357
0	1.705	3.9	0.168607	0.000574776
0	1.705	4.1	0.172989	0.000580484
0	1.705	4.3	0.171097	0.000578816
0	1.705	4.5	0.166196	0.000574098
0	1.705	4.7	0.148375	0.000544721
0	1.705	4.9	0.133962	0.000521295
0	1.705	5.1	0.115759	0.000491933
0	1.705	5.3	0.0989188	0.00045692
0	1.705	5.5	0.0785347	0.000410852
0	1.705	5.7	0.0645094	0.000377218
0	1.705	5.9	0.0476365	0.000326362
0	1.705	6.1	0.0387358	0.000296704
0	1.705	6.3	0.0239241	0.00023439
0	1.705	6.5	0.0178943	0.000201843
0	1.705	6.7	0.00966229	0.000149913
0	1.705	6.9	0.00707741	0.000128394
0	1.705	7.1	0.00453361	0.000103016
0	1.705	7.3	0.00226042	7.32933e-05
0	1.705	7.5	0.000901137	4.56689e-05
0	1.705	7.7	0.000506002	3.4341e-05
0	1.705	7.9	0.000352707	2.86979e-05
0	1.705	8.1	0.000121182	1.69679e-05
0	1.705	8.3	0.000176971	2.02982e-05
0	1.705	8.5	0	0
0	1.705	8.7	0	0
0	1.705	8.9	0	0
0	1.705	9.1	0	0
0	1.705	9.3	0	0
0	1.705	9.5	3.55502e-05	9.17887e-06
0	1.705	9.7	0	0
0	1.705	9.9	0	0
0	1.705	10.1	0	0
0	1.705	10.3	0	0
0	1.705	10.5	0	0
0	1.705	10.7	0	0
0	1.705	10.9	0	0
0	1.705	11.1	0	0
0	1.705	11.3	0	0
0	1.705	11.5	0	0
0	1.705	11.7	0	0
0	1.705	11.9	0	0
0	1.705	12.1	0	0
0	1.705	12.3	0	0
0	1.705	12.5	0	0
0	1.705	12.7	0	0
0	1.705	12.9	0	0
0	1.705	13.1	0	0
0	1.705	13.3	0	0
0	1.705	13.5	0	0
0	1.705	13.7	0	0
0	1.705	13.9	0	0
0	1.705	14.1	0	0
0	1.705	14.3	0	0
0	1.705	14.5	0	0
0	1.705	14.7	0	0
0	1.705	14.9	0	0
0	1.705	15.1	0	0
0	1.705	15.3	0	0
0	1.705	15.5	0	0
0	1.705	15.7	0	0
0	1.705	15.9	0	0
0	1.715	0.1	0	0
0	1.715	0.3	0	0
0	1.715	0.5	0	0
0	1.715	0.7	0	0
0	1.715	0.9	6.89198e-05	1.27976e-05
0	1.715	1.1	0.000386915	3.01155e-05
0	1.715	1.3	0.00108456	5.04311e-05
0	1.715	1.5	0.00178635	6.49109e-05
0	1.715	1.7	0.00269052	7.95443e-05
0	1.715	1.9	0.00389012	9.53221e-05
0	1.715	2.1	0.00703889	0.00012791
0	1.715	2.3	0.010762	0.000157565
0	1.715	2.5	0.0175285	0.000200848
0	1.715	2.7	0.0260979	0.000246598
0	1.715	2.9	0.0423652	0.000308249
0	1.715	3.1	0.0609394	0.000367394
0	1.715	3.3	0.089898	0.000440897
0	1.715	3.5	0.10783	0.000473725
0	1.715	3.7	0.129586	0.000513236
0	1.715	3.9	0.138905	0.000531126
0	1.715	4.1	0.148901	0.000548997
0	1.715	4.3	0.146506	0.000543684
0	1.715	4.5	0.146148	0.000543279
0	1.715	4.7	0.13142	0.000519937
0	1.715	4.9	0.118148	0.000496987
0	1.715	5.1	0.101776	0.000464277
0	1.715	5.3	0.086456	0.000431806
0	1.715	5.5	0.071204	0.000394094
0	1.715	5.7	0.0529639	0.00034445
0	1.715	5.9	0.0396855	0.000299705
0	1.715	6.1	0.0298184	0.000260528
0	1.715	6.3	0.0210271	0.000220469
0	1.715	6.5	0.013289	0.000175538
0	1.715	6.7	0.00893649	0.00014299
0	1.715	6.9	0.00527242	0.000111205
0	1.715	7.1	0.003142	8.58261e-05
0	1.715	7.3	0.00166237	6.22044e-05
0	1.715	7.5	0.000599182	3.73648e-05
0	1.715	7.7	0.000465334	3.2979e-05
0	1.715	7.9	7.10791e-05	1.29767e-05
0	1.715	8.1	0.000136245	1.78887e-05
0	1.715	8.3	3.96735e-05	9.62204e-06
0	1.715	8.5	0	0
0	1.715	8.7	0	0
0	1.715	8.9	0	0
0	1.715	9.1	0	0
0	1.715	9.3	0	0
0	1.715	9.5	0	0
0	1.715	9.7	0	0
0	1.715	9.9	0	0
0	1.715	10.1	0	0
0	1.715	10.3	0	0
0	1.715	10.5	0	0
0	1.715	10.7	0	0
0	1.715	10.9	0	0
0	1.715	11.1	0	0
0	1.715	11.3	0	0
0	1.715	11.5	0	0
0	1.715	11.7	0	0
0	1.715	11.9	0	0
0	1.715	12.1	0	0
0	1.715	12.3	0	0
0	1.715	12.5	0	0
0	1.715	12.7	0	0
0	1.715	12.9	0	0
0	1.715	13.1	0	0
0	1.715	13.3	0	0
0	1.715	13.5	0	0
0	1.715	13.7	0	0
0	1.715	13.9	0	0
0	1.715	14.1	0	0
0	1.715	14.3	0	0
0	1.715	14.5	0	0
0	1.715	14.7	0	0
0	1.715	14.9	0	0
0	1.715	15.1	0	0
0	1.715	15.3	0	0
0	1.715	15.5	0	0
0	1.715	15.7	0	0
0	1.715	15.9	0	0
0	1.725	0.1	0	0
0	1.725	0.3	0	0
0	1.725	0.5	0	0
0	1.725	0.7	0	0
0	1.725	0.9	0	0
0	1.725	1.1	0.000185537	2.08726e-05
0	1.725	1.3	0.000298691	2.63968e-05
0	1.725	1.5	0.000793181	4.30626e-05
0	1.725	1.7	0.00172837	6.31831e-05
0	1.725	1.9	0.00270273	7.95222e-05
0	1.725	2.1	0.0033058	8.83947e-05
0	1.725	2.3	0.00684901	0.00012554
0	1.725	2.5	0.0103216	0.000154886
0	1.725	2.7	0.014293	0.000181202
0	1.725	2.9	0.0222608	0.000225408
0	1.725	3.1	0.0373019	0.000290044
0	1.725	3.3	0.0574529	0.000355983
0	1.725	3.5	0.0796095	0.000415714
0	1.725	3.7	0.09786	0.000453775
0	1.725	3.9	0.113816	0.00048427
0	1.725	4.1	0.123872	0.000504477
0	1.725	4.3	0.125801	0.00051057
0	1.725	4.5	0.123063	0.000502676
0	1.725	4.7	0.117064	0.000494381
0	1.725	4.9	0.104786	0.000472076
0	1.725	5.1	0.0940614	0.000447849
0	1.725	5.3	0.0780512	0.000410588
0	1.725	5.5	0.0633563	0.000374921
0	1.725	5.7	0.047453	0.000325804
0	1.725	5.9	0.0349761	0.000282162
0	1.725	6.1	0.0254253	0.000241469
0	1.725	6.3	0.0159815	0.000192249
0	1.725	6.5	0.0102898	0.000154995
0	1.725	6.7	0.00592334	0.000117646
0	1.725	6.9	0.0034232	8.98987e-05
0	1.725	7.1	0.00221383	7.24361e-05
0	1.725	7.3	0.00107405	5.03806e-05
0	1.725	7.5	0.000373022	2.96705e-05
0	1.725	7.7	0.000155152	1.90965e-05
0	1.725	7.9	7.27691e-05	1.30692e-05
0	1.725	8.1	0	0
0	1.725	8.3	9.64173e-05	1.50571e-05
0	1.725	8.5	0	0
0	1.725	8.7	0	0
0	1.725	8.9	0	0
0	1.725	9.1	0	0
0	1.725	9.3	0	0
0	1.725	9.5	0	0
0	1.725	9.7	0	0
0	1.725	9.9	0	0
0	1.725	10.1	0	0
0	1.725	10.3	0	0
0	1.725	10.5	0	0
0	1.725	10.7	0	0
0	1.725	10.9	0	0
0	1.725	11.1	0	0
0	1.725	11.3	0	0
0	1.725	11.5	0	0
0	1.725	11.7	0	0
0	1.725	11.9	0	0
0	1.725	12.1	0	0
0	1.725	12.3	0	0
0	1.725	12.5	0	0
0	1.725	12.7	0	0
0	1.725	12.9	0	0
0	1.725	13.1	0	0
0	1.725	13.3	0	0
0	1.725	13.5	0	0
0	1.725	13.7	0	0
0	1.725	13.9	0	0
0	1.725	14.1	0	0
0	1.725	14.3	0	0
0	1.725	14.5	0	0
0	1.725	14.7	0	0
0	1.725	14.9	0	0
0	1.725	15.1	0	0
0	1.725	15.3	0	0
0	1.725	15.5	0	0
0	1.725	15.7	0	0
0	1.725	15.9	0	0
0	1.735	0.1	0	0
0	1.735	0.3	0	0
0	1.735	0.5	0	0
0	1.735	0.7	0	0
0	1.735	0.9	0	0
0	1.735	1.1	0	0
0	1.735	1.3	4.29091e-05	1.01136e-05
0	1.735	1.5	0.000353011	2.8628e-05
0	1.735	1.7	0.000467177	3.31931e-05
0	1.735	1.9	0.00120682	5.33022e-05
0	1.735	2.1	0.00273851	7.98151e-05
0	1.735	2.3	0.00377339	9.42155e-05
0	1.735	2.5	0.00486945	0.000106458
0	1.735	2.7	0.00774811	0.000135383
0	1.735	2.9	0.011966	0.000166945
0	1.735	3.1	0.0205613	0.000217787
0	1.735	3.3	0.034294	0.000280053
0	1.735	3.5	0.0516809	0.000341333
0	1.735	3.7	0.0730904	0.000400087
0	1.735	3.9	0.0843442	0.000427636
0	1.735	4.1	0.0998607	0.000461521
0	1.735	4.3	0.107876	0.000475816
0	1.735	4.5	0.103758	0.000468784
0	1.735	4.7	0.100728	0.00045958
0	1.735	4.9	0.0902612	0.00043833
0	1.735	5.1	0.0759164	0.000404833
0	1.735	5.3	0.0666958	0.00038165
0	1.735	5.5	0.0548888	0.000348929
0	1.735	5.7	0.0445093	0.000317607
0	1.735	5.9	0.0293814	0.000259113
0	1.735	6.1	0.0212835	0.000220423
0	1.735	6.3	0.0143198	0.000183249
0	1.735	6.5	0.00908798	0.000146122
0	1.735	6.7	0.00565622	0.00011482
0	1.735	6.9	0.0034704	8.9961e-05
0	1.735	7.1	0.00198666	6.81546e-05
0	1.735	7.3	0.00106052	4.97465e-05
0	1.735	7.5	0.000704738	4.08787e-05
0	1.735	7.7	0.000260197	2.48056e-05
0	1.735	7.9	4.91651e-05	1.07284e-05
0	1.735	8.1	0	0
0	1.735	8.3	0	0
0	1.735	8.5	0	0
0	1.735	8.7	0	0
0	1.735	8.9	0	0
0	1.735	9.1	0	0
0	1.735	9.3	0	0
0	1.735	9.5	0	0
0	1.735	9.7	0	0
0	1.735	9.9	0	0
0	1.735	10.1	0	0
0	1.735	10.3	0	0
0	1.735	10.5	0	0
0	1.735	10.7	0	0
0	1.735	10.9	0	0
0	1.735	11.1	0	0
0	1.735	11.3	0	0
0	1.735	11.5	0	0
0	1.735	11.7	0	0
0	1.735	11.9	0	0
0	1.735	12.1	0	0
0	1.735	12.3	0	0
0	1.735	12.5	0	0
0	1.735	12.7	0	0
0	1.735	12.9	0	0
0	1.735	13.1	0	0
0	1.735	13.3	0	0
0	1.735	13.5	0	0
0	1.735	13.7	0	0
0	1.735	13.9	0	0
0	1.735	14.1	0	0
0	1.735	14.3	0	0
0	1.735	14.5	0	0
0	1.735	14.7	0	0
0	1.735	14.9	0	0
0	1.735	15.1	0	0
0	1.735	15.3	0	0
0	1.735	15.5	0	0
0	1.735	15.7	0	0
0	1.735	15.9	0	0
0	1.745	0.1	0	0
0	1.745	0.3	0	0
0	1.745	0.5	0	0
0	1.745	0.7	0	0
0	1.745	0.9	0	0
0	1.745	1.1	0	0
0	1.745	1.3	0	0
0	1.745	1.5	5.43265e-05	1.13276e-05
0	1.745	1.7	0.000201524	2.16035e-05
0	1.745	1.9	0.000440273	3.22753e-05
0	1.745	2.1	0.00122456	5.36674e-05
0	1.745	2.3	0.00170134	6.3617e-05
0	1.745	2.5	0.00260904	7.82435e-05
0	1.745	2.7	0.00340806	8.91325e-05
0	1.745	2.9	0.0072992	0.000129598
0	1.745	3.1	0.0108226	0.000158999
0	1.745	3.3	0.0215213	0.000221634
0	1.745	3.5	0.0301184	0.000261214
0	1.745	3.7	0.04655	0.000325051
0	1.745	3.9	0.0624263	0.000372608
0	1.745	4.1	0.0752504	0.000405649
0	1.745	4.3	0.0828725	0.000423923
0	1.745	4.5	0.0812358	0.000417048
0	1.745	4.7	0.0813018	0.000419799
0	1.745	4.9	0.0691552	0.000386895
0	1.745	5.1	0.0639715	0.000376117
0	1.745	5.3	0.0536449	0.000345097
0	1.745	5.5	0.0443298	0.000315952
0	1.745	5.7	0.0353594	0.000281631
0	1.745	5.9	0.0256202	0.000243217
0	1.745	6.1	0.0187597	0.000206694
0	1.745	6.3	0.0124416	0.000170428
0	1.745	6.5	0.00699088	0.000128023
0	1.745	6.7	0.00534782	0.000111894
0	1.745	6.9	0.0026396	7.86635e-05
0	1.745	7.1	0.000812954	4.37502e-05
0	1.745	7.3	0.000579577	3.68669e-05
0	1.745	7.5	0.000308279	2.70337e-05
0	1.745	7.7	5.6633e-05	1.15598e-05
0	1.745	7.9	1.88599e-05	6.66791e-06
0	1.745	8.1	0	0
0	1.745	8.3	3.05669e-05	8.47762e-06
0	1.745	8.5	0	0
0	1.745	8.7	0	0
0	1.745	8.9	0	0
0	1.745	9.1	0	0
0	1.745	9.3	0	0
0	1.745	9.5	0	0
0	1.745	9.7	0	0
0	1.745	9.9	0	0
0	1.745	10.1	0	0
0	1.745	10.3	0	0
0	1.745	10.5	0	0
0	1.745	10.7	0	0
0	1.745	10.9	0	0
0	1.745	11.1	0	0
0	1.745	11.3	0	0
0	1.745	11.5	0	0
0	1.745	11.7	0	0
0	1.745	11.9	0	0
0	1.745	12.1	0	0
0	1.745	12.3	0	0
0	1.745	12.5	0	0
0	1.745	12.7	0	0
0	1.745	12.9	0	0
0	1.745	13.1	0	0
0	1.745	13.3	0	0
0	1.745	13.5	0	0
0	1.745	13.7	0	0
0	1.745	13.9	0	0
0	1.745	14.1	0	0
0	1.745	14.3	0	0
0	1.745	14.5	0	0
0	1.745	14.7	0	0
0	1.745	14.9	0	0
0	1.745	15.1	0	0
0	1.745	15.3	0	0
0	1.745	15.5	0	0
0	1.745	15.7	0	0
0	1.745	15.9	0	0
0	1.755	0.1	0	0
0	1.755	0.3	0	0
0	1.755	0.5	0	0
0	1.755	0.7	0	0
0	1.755	0.9	0	0
0	1.755	1.1	0	0
0	1.755	1.3	0	0
0	1.755	1.5	0	0
0	1.755	1.7	0	0
0	1.755	1.9	0	0
0	1.755	2.1	0	0
0	1.755	2.3	7.82896e-05	1.36279e-05
0	1.755	2.5	0.000407903	3.09167e-05
0	1.755	2.7	0.00108795	5.04795e-05
0	1.755	2.9	0.00277221	8.01164e-05
0	1.755	3.1	0.00435446	0.000100991
0	1.755	3.3	0.00934872	0.00014824
0	1.755	3.5	0.016768	0.000197116
0	1.755	3.7	0.0269989	0.000248734
0	1.755	3.9	0.0379997	0.00029399
0	1.755	4.1	0.0532963	0.000344214
0	1.755	4.3	0.0611973	0.000367246
0	1.755	4.5	0.0610274	0.000367
0	1.755	4.7	0.0610162	0.000367942
0	1.755	4.9	0.0575817	0.00035805
0	1.755	5.1	0.0509754	0.000337927
0	1.755	5.3	0.046273	0.000321841
0	1.755	5.5	0.0389653	0.00029743
0	1.755	5.7	0.0295811	0.000260337
0	1.755	5.9	0.021098	0.000219413
0	1.755	6.1	0.0149057	0.000185087
0	1.755	6.3	0.0100876	0.000153056
0	1.755	6.5	0.00648712	0.000122812
0	1.755	6.7	0.00480662	0.000106164
0	1.755	6.9	0.00174794	6.42863e-05
0	1.755	7.1	0.00137682	5.68367e-05
0	1.755	7.3	0.0003889	3.01786e-05
0	1.755	7.5	0.000265726	2.51054e-05
0	1.755	7.7	4.66416e-05	1.04291e-05
0	1.755	7.9	0.000130758	1.74722e-05
0	1.755	8.1	0	0
0	1.755	8.3	0	0
0	1.755	8.5	0	0
0	1.755	8.7	0	0
0	1.755	8.9	0	0
0	1.755	9.1	0	0
0	1.755	9.3	0	0
0	1.755	9.5	0	0
0	1.755	9.7	0	0
0	1.755	9.9	0	0
0	1.755	10.1	0	0
0	1.755	10.3	0	0
0	1.755	10.5	0	0
0	1.755	10.7	0	0
0	1.755	10.9	0	0
0	1.755	11.1	0	0
0	1.755	11.3	0	0
0	1.755	11.5	0	0
0	1.755	11.7	0	0
0	1.755	11.9	0	0
0	1.755	12.1	0	0
0	1.755	12.3	0	0
0	1.755	12.5	0	0
0	1.755	12.7	0	0
0	1.755	12.9	0	0
0	1.755	13.1	0	0
0	1.755	13.3	0	0
0	1.755	13.5	0	0
0	1.755	13.7	0	0
0	1.755	13.9	0	0
0	1.755	14.1	0	0
0	1.755	14.3	0	0
0	1.755	14.5	0	0
0	1.755	14.7	0	0
0	1.755	14.9	0	0
0	1.755	15.1	0	0
0	1.755	15.3	0	0
0	1.755	15.5	0	0
0	1.755	15.7	0	0
0	1.755	15.9	0	0
0	1.765	0.1	0	0
0	1.765	0.3	0	0
0	1.765	0.5	0	0
0	1.765	0.7	0	0
0	1.765	0.9	0	0
0	1.765	1.1	0	0
0	1.765	1.3	0	0
0	1.765	1.5	0	0
0	1.765	1.7	0	0
0	1.765	1.9	0	0
0	1.765	2.1	0	0
0	1.765	2.3	0	0
0	1.765	2.5	0	0
0	1.765	2.7	0	0
0	1.765	2.9	3.3071e-05	8.83844e-06
0	1.765	3.1	0.000243067	2.38318e-05
0	1.765	3.3	0.00117128	5.26141e-05
0	1.765	3.5	0.00305478	8.45623e-05
0	1.765	3.7	0.00739002	0.000131413
0	1.765	3.9	0.0144847	0.000184518
0	1.765	4.1	0.0273795	0.000250913
0	1.765	4.3	0.034474	0.000280849
0	1.765	4.5	0.0407029	0.000304934
0	1.765	4.7	0.0423428	0.000308354
0	1.765	4.9	0.0408973	0.000302646
0	1.765	5.1	0.0377276	0.000292427
0	1.765	5.3	0.0335052	0.000277005
0	1.765	5.5	0.0301438	0.000262431
0	1.765	5.7	0.0223663	0.00022736
0	1.765	5.9	0.0180068	0.00020459
0	1.765	6.1	0.0125182	0.000169848
0	1.765	6.3	0.00904225	0.000144881
0	1.765	6.5	0.00528838	0.00011046
0	1.765	6.7	0.0031863	8.6872e-05
0	1.765	6.9	0.00207719	6.99493e-05
0	1.765	7.1	0.000983792	4.81528e-05
0	1.765	7.3	0.000341157	2.83267e-05
0	1.765	7.5	6.72799e-05	1.24931e-05
0	1.765	7.7	1.64366e-05	6.21241e-06
0	1.765	7.9	2.85773e-05	8.24943e-06
0	1.765	8.1	4.45872e-05	1.02288e-05
0	1.765	8.3	0	0
0	1.765	8.5	0	0
0	1.765	8.7	0	0
0	1.765	8.9	0	0
0	1.765	9.1	0	0
0	1.765	9.3	0	0
0	1.765	9.5	0	0
0	1.765	9.7	0	0
0	1.765	9.9	0	0
0	1.765	10.1	0	0
0	1.765	10.3	0	0
0	1.765	10.5	0	0
0	1.765	10.7	0	0
0	1.765	10.9	0	0
0	1.765	11.1	0	0
0	1.765	11.3	0	0
0	1.765	11.5	0	0
0	1.765	11.7	0	0
0	1.765	11.9	0	0
0	1.765	12.1	0	0
0	1.765	12.3	0	0
0	1.765	12.5	0	0
0	1.765	12.7	0	0
0	1.765	12.9	0	0
0	1.765	13.1	0	0
0	1.765	13.3	0	0
0	1.765	13.5	0	0
0	1.765	13.7	0	0
0	1.765	13.9	0	0
0	1.765	14.1	0	0
0	1.765	14.3	0	0
0	1.765	14.5	0	0
0	1.765	14.7	0	0
0	1.765	14.9	0	0
0	1.765	15.1	0	0
0	1.765	15.3	0	0
0	1.765	15.5	0	0
0	1.765	15.7	0	0
0	1.765	15.9	0	0
0	1.775	0.1	0	0
0	1.775	0.3	0	0
0	1.775	0.5	0	0
0	1.775	0.7	0	0
0	1.775	0.9	0	0
0	1.775	1.1	0	0
0	1.775	1.3	0	0
0	1.775	1.5	0	0
0	1.775	1.7	0	0
0	1.775	1.9	0	0
0	1.775	2.1	0	0
0	1.775	2.3	0	0
0	1.775	2.5	0	0
0	1.775	2.7	0	0
0	1.775	2.9	0	0
0	1.775	3.1	0	0
0	1.775	3.3	0	0
0	1.775	3.5	0	0
0	1.775	3.7	6.36153e-05	1.22424e-05
0	1.775	3.9	0.000506719	3.45492e-05
0	1.775	4.1	0.00259932	7.78471e-05
0	1.775	4.3	0.00666806	0.000125214
0	1.775	4.5	0.0119964	0.00016681
0	1.775	4.7	0.0171996	0.000199705
0	1.775	4.9	0.0202805	0.000216802
0	1.775	5.1	0.0200119	0.000214574
0	1.775	5.3	0.0197766	0.000213129
0	1.775	5.5	0.0181456	0.00020603
0	1.775	5.7	0.0152674	0.000187615
0	1.775	5.9	0.0117811	0.000165724
0	1.775	6.1	0.00888828	0.000143962
0	1.775	6.3	0.006459	0.000123061
0	1.775	6.5	0.00432934	9.97387e-05
0	1.775	6.7	0.0029527	8.39306e-05
0	1.775	6.9	0.00194702	6.77617e-05
0	1.775	7.1	0.000871395	4.52209e-05
0	1.775	7.3	0.000288254	2.59872e-05
0	1.775	7.5	0.000100214	1.52818e-05
0	1.775	7.7	7.06684e-06	4.08003e-06
0	1.775	7.9	0	0
0	1.775	8.1	0	0
0	1.775	8.3	0	0
0	1.775	8.5	0	0
0	1.775	8.7	0	0
0	1.775	8.9	0	0
0	1.775	9.1	0	0
0	1.775	9.3	0	0
0	1.775	9.5	0	0
0	1.775	9.7	0	0
0	1.775	9.9	0	0
0	1.775	10.1	0	0
0	1.775	10.3	0	0
0	1.775	10.5	0	0
0	1.775	10.7	0	0
0	1.775	10.9	0	0
0	1.775	11.1	0	0
0	1.775	11.3	0	0
0	1.775	11.5	0	0
0	1.775	11.7	0	0
0	1.775	11.9	0	0
0	1.775	12.1	0	0
0	1.775	12.3	0	0
0	1.775	12.5	0	0
0	1.775	12.7	0	0
0	1.775	12.9	0	0
0	1.775	13.1	0	0
0	1.775	13.3	0	0
0	1.775	13.5	0	0
0	1.775	13.7	0	0
0	1.775	13.9	0	0
0	1.775	14.1	0	0
0	1.775	14.3	0	0
0	1.775	14.5	0	0
0	1.775	14.7	0	0
0	1.775	14.9	0	0
0	1.775	15.1	0	0
0	1.775	15.3	0	0
0	1.775	15.5	0	0
0	1.775	15.7	0	0
0	1.775	15.9	0	0
0	1.785	0.1	0	0
0	1.785	0.3	0	0
0	1.785	0.5	0	0
0	1.785	0.7	0	0
0	1.785	0.9	0	0
0	1.785	1.1	0	0
0	1.785	1.3	0	0
0	1.785	1.5	0	0
0	1.785	1.7	0	0
0	1.785	1.9	0	0
0	1.785	2.1	0	0
0	1.785	2.3	0	0
0	1.785	2.5	0	0
0	1.785	2.7	0	0
0	1.785	2.9	0	0
0	1.785	3.1	0	0
0	1.785	3.3	0	0
0	1.785	3.5	0	0
0	1.785	3.7	0	0
0	1.785	3.9	0	0
0	1.785	4.1	0	0
0	1.785	4.3	0	0
0	1.785	4.5	0.000123575	1.69733e-05
0	1.785	4.7	0.000308493	2.68467e-05
0	1.785	4.9	0.00207348	7.00637e-05
0	1.785	5.1	0.00295745	8.33922e-05
0	1.785	5.3	0.00501256	0.000108059
0	1.785	5.5	0.00514131	0.000109907
0	1.785	5.7	0.006057	0.000119024
0	1.785	5.9	0.00624637	0.000120259
0	1.785	6.1	0.00387923	9.45723e-05
0	1.785	6.3	0.0034959	9.04987e-05
0	1.785	6.5	0.00286014	8.17349e-05
0	1.785	6.7	0.00179323	6.48184e-05
0	1.785	6.9	0.0010046	4.8706e-05
0	1.785	7.1	0.000744135	4.17792e-05
0	1.785	7.3	0.000213758	2.24055e-05
0	1.785	7.5	0.000173005	2.01097e-05
0	1.785	7.7	0.000101687	1.55063e-05
0	1.785	7.9	0	0
0	1.785	8.1	0	0
0	1.785	8.3	0	0
0	1.785	8.5	0	0
0	1.785	8.7	0	0
0	1.785	8.9	0	0
0	1.785	9.1	0	0
0	1.785	9.3	0	0
0	1.785	9.5	0	0
0	1.785	9.7	0	0
0	1.785	9.9	0	0
0	1.785	10.1	0	0
0	1.785	10.3	0	0
0	1.785	10.5	0	0
0	1.785	10.7	0	0
0	1.785	10.9	0	0
0	1.785	11.1	0	0
0	1.785	11.3	0	0
0	1.785	11.5	0	0
0	1.785	11.7	0	0
0	1.785	11.9	0	0
0	1.785	12.1	0	0
0	1.785	12.3	0	0
0	1.785	12.5	0	0
0	1.785	12.7	0	0
0	1.785	12.9	0	0
0	1.785	13.1	0	0
0	1.785	13.3	0	0
0	1.785	13.5	0	0
0	1.785	13.7	0	0
0	1.785	13.9	0	0
0	1.785	14.1	0	0
0	1.785	14.3	0	0
0	1.785	14.5	0	0
0	1.785	14.7	0	0
0	1.785	14.9	0	0
0	1.785	15.1	0	0
0	1.785	15.3	0	0
0	1.785	15.5	0	0
0	1.785	15.7	0	0
0	1.785	15.9	0	0
0	1.795	0.1	0	0
0	1.795	0.3	0	0
0	1.795	0.5	0	0
0	1.795	0.7	0	0
0	1.795	0.9	0	0
0	1.795	1.1	0	0
0	1.795	1.3	0	0
0	1.795	1.5	0	0
0	1.795	1.7	0	0
0	1.795	1.9	0	0
0	1.795	2.1	0	0
0	1.795	2.3	0	0
0	1.795	2.5	0	0
0	1.795	2.7	0	0
0	1.795	2.9	0	0
0	1.795	3.1	0	0
0	1.795	3.3	0	0
0	1.795	3.5	0	0
0	1.795	3.7	0	0
0	1.795	3.9	0	0
0	1.795	4.1	0	0
0	1.795	4.3	0	0
0	1.795	4.5	0	0
0	1.795	4.7	0	0
0	1.795	4.9	0	0
0	1.795	5.1	0	0
0	1.795	5.3	0	0
0	1.795	5.5	4.00373e-05	9.71028e-06
0	1.795	5.7	0.000471593	3.32558e-05
0	1.795	5.9	0.00077667	4.26087e-05
0	1.795	6.1	0.00200339	6.87277e-05
0	1.795	6.3	0.00141476	5.81051e-05
0	1.795	6.5	0.0010905	5.02204e-05
0	1.795	6.7	0.000569726	3.66889e-05
0	1.795	6.9	0.000539517	3.56426e-05
0	1.795	7.1	0.000376103	2.98213e-05
0	1.795	7.3	0.00014748	1.87286e-05
0	1.795	7.5	3.33046e-05	8.90089e-06
0	1.795	7.7	0	0
0	1.795	7.9	0	0
0	1.795	8.1	0	0
0	1.795	8.3	0	0
0	1.795	8.5	0	0
0	1.795	8.7	0	0
0	1.795	8.9	0	0
0	1.795	9.1	0	0
0	1.795	9.3	0	0
0	1.795	9.5	0	0
0	1.795	9.7	0	0
0	1.795	9.9	0	0
0	1.795	10.1	0	0
0	1.795	10.3	0	0
0	1.795	10.5	0	0
0	1.795	10.7	0	0
0	1.795	10.9	0	0
0	1.795	11.1	0	0
0	1.795	11.3	0	0
0	1.795	11.5	0	0
0	1.795	11.7	0	0
0	1.795	11.9	0	0
0	1.795	12.1	0	0
0	1.795	12.3	0	0
0	1.795	12.5	0	0
0	1.795	12.7	0	0
0	1.795	12.9	0	0
0	1.795	13.1	0	0
0	1.795	13.3	0	0
0	1.795	13.5	0	0
0	1.795	13.7	0	0
0	1.795	13.9	0	0
0	1.795	14.1	0	0
0	1.795	14.3	0	0
0	1.795	14.5	0	0
0	1.795	14.7	0	0
0	1.795	14.9	0	0
0	1.795	15.1	0	0
0	1.795	15.3	0	0
0	1.795	15.5	0	0
0	1.795	15.7	0	0
0	1.795	15.9	0	0
########################################################
##   Scatterd Kaon Absorption factor tag=1
########################################################
1	1.105	0	0
1	1.115	0.694513	0.0999042
1	1.125	0.633866	0.0223949
1	1.135	0.823244	0.0141742
1	1.145	0.882335	0.0110683
1	1.155	0.904998	0.00907888
1	1.165	0.93731	0.008419
1	1.175	0.944544	0.00817539
1	1.185	0.944604	0.0079503
1	1.195	0.944654	0.00778394
1	1.205	0.947992	0.00762876
1	1.215	0.945466	0.00744687
1	1.225	0.950879	0.00732971
1	1.235	0.951094	0.00719661
1	1.245	0.95653	0.00710573
1	1.255	0.957467	0.00698062
1	1.265	0.955023	0.00685988
1	1.275	0.954956	0.00675406
1	1.285	0.959524	0.00668608
1	1.295	0.963781	0.0066155
1	1.305	0.962919	0.00653781
1	1.315	0.96251	0.00646171
1	1.325	0.963973	0.00641152
1	1.335	0.962673	0.00634038
1	1.345	0.964848	0.00631908
1	1.355	0.968448	0.00629472
1	1.365	0.9625	0.00622016
1	1.375	0.967449	0.0062301
1	1.385	0.965041	0.0061879
1	1.395	0.966994	0.00619431
1	1.405	0.971544	0.00621857
1	1.415	0.971812	0.00623215
1	1.425	0.97056	0.00627388
1	1.435	0.970491	0.0063556
1	1.445	0.971438	0.00646607
1	1.455	0.97581	0.00663809
1	1.465	0.973461	0.00679452
1	1.475	0.973491	0.00700755
1	1.485	0.975534	0.0072715
1	1.495	0.979091	0.0075851
1	1.505	0.979433	0.00790942
1	1.515	0.980876	0.00828036
1	1.525	0.979636	0.00865915
1	1.535	0.980718	0.00908934
1	1.545	0.979355	0.00951003
1	1.555	0.982773	0.0100282
1	1.565	0.974342	0.0104021
1	1.575	0.977706	0.0109464
1	1.585	0.974409	0.0114176
1	1.595	0.97666	0.0120283
1	1.605	0.99082	0.0130687
1	1.615	0.99339	0.0142539
1	1.625	0.996171	0.0155122
1	1.635	0.998562	0.0169108
1	1.645	1	0.0184977
1	1.655	1	0.0202116
1	1.665	0.999551	0.021933
1	1.675	1	0.0241196
1	1.685	1	0.0264461
1	1.695	1	0.0293171
1	1.705	1	0.0326768
1	1.715	1	0.0361494
1	1.725	1	0.0411349
1	1.735	1	0.0477172
1	1.745	1	0.0558268
1	1.755	1	0.0680417
1	1.765	1	0.090416
1	1.775	1	0.145387
1	1.785	1	0.280574
1	1.795	1	0.
########################################################
##   AC1 Veto factor tag=2
########################################################
2 	1.105	0.9875	0.0011155
2 	1.115	0.9875	0.0011155
2 	1.125	0.9875	0.0011155
2 	1.135	0.9875	0.0011155
2 	1.145	0.9875	0.0011155
2 	1.155	0.9875	0.0011155
2 	1.165	0.9875	0.0011155
2 	1.175	0.9875	0.0011155
2 	1.185	0.9875	0.0011155
2 	1.195	0.9875	0.0011155
2 	1.205	0.9875	0.0011155
2 	1.215	0.9875	0.0011155
2 	1.225	0.9875	0.0011155
2 	1.235	0.9875	0.0011155
2 	1.245	0.9875	0.0011155
2 	1.255	0.9875	0.0011155
2 	1.265	0.9875	0.0011155
2 	1.275	0.9875	0.0011155
2 	1.285	0.9875	0.0011155
2 	1.295	0.9875	0.0011155
2 	1.305	0.9875	0.0011155
2 	1.315	0.9875	0.0011155
2 	1.325	0.9875	0.0011155
2 	1.335	0.9875	0.0011155
2 	1.345	0.9875	0.0011155
2 	1.355	0.9875	0.0011155
2 	1.365	0.9875	0.0011155
2 	1.375	0.9875	0.0011155
2 	1.385	0.9875	0.0011155
2 	1.395	0.9875	0.0011155
2 	1.405	0.988049	0.000689324
2 	1.415	0.988049	0.000689324
2 	1.425	0.987124	0.000755155
2 	1.435	0.987124	0.000755155
2 	1.445	0.983864	0.00117357
2 	1.455	0.983864	0.00117357
2 	1.465	0.974505	0.00225105
2 	1.475	0.974505	0.00225105
2 	1.485	0.96569	0.000785151
2 	1.495	0.96569	0.000785151
2 	1.505	0.958161	0.000587834
2 	1.515	0.958161	0.000587834
2 	1.525	0.934932	0.00085325
2 	1.535	0.934932	0.00085325
2 	1.545	0.903224	0.00146119
2 	1.555	0.903224	0.00146119
2 	1.565	0.858935	0.0035016
2 	1.575	0.858935	0.0035016
2 	1.585	0.858935	0.0035016
2 	1.595	0.858935	0.0035016
2 	1.605	0.858935	0.0035016
2 	1.615	0.858935	0.0035016
2 	1.625	0.858935	0.0035016
2 	1.635	0.858935	0.0035016
2 	1.645	0.858935	0.0035016
2 	1.655	0.858935	0.0035016
2 	1.665	0.858935	0.0035016
2 	1.675	0.858935	0.0035016
2 	1.685	0.858935	0.0035016
2 	1.695	0.858935	0.0035016
2 	1.705	0.858935	0.0035016
2 	1.715	0.858935	0.0035016
2 	1.725	0.858935	0.0035016
2 	1.735	0.858935	0.0035016
2 	1.745	0.858935	0.0035016
2 	1.755	0.858935	0.0035016
2 	1.765	0.858935	0.0035016
2 	1.775	0.858935	0.0035016
2 	1.785	0.858935	0.0035016
2 	1.795	0.858935	0.0035016
########################################################
##   WC Efficiency tag=3
########################################################
3 	-682.5	0.926316	0.956419	0.673509
3 	-647.5	0.943581	0.948247	0.919533
3 	-612.5	0.941756	0.950176	0.939292
3 	-577.5	0.940449	0.942125	0.91856
3 	-542.5	0.914194	0.929475	0.913274
3 	-507.5	0.939635	0.956226	0.918812
3 	-472.5	0.958984	0.961485	0.954002
3 	-437.5	0.961313	0.962775	0.955464
3 	-402.5	0.955538	0.961687	0.952621
3 	-367.5	0.958155	0.959527	0.954386
3 	-332.5	0.939462	0.958903	0.912459
3 	-297.5	0.904238	0.922339	0.903381
3 	-262.5	0.954393	0.959063	0.934429
3 	-227.5	0.959184	0.960198	0.958673
3 	-192.5	0.960751	0.961319	0.959835
3 	-157.5	0.959196	0.960696	0.958042
3 	-122.5	0.960566	0.962968	0.94945
3 	-87.5	0.905762	0.939681	0.883752
3 	-52.5	0.896614	0.916399	0.880115
3 	-17.5	0.952924	0.954251	0.94881
3 	17.5	0.954959	0.955753	0.954056
3 	52.5	0.9481	0.948734	0.9466
3 	87.5	0.950742	0.951737	0.950092
3 	122.5	0.950895	0.951657	0.949736
3 	157.5	0.911352	0.935352	0.882434
3 	192.5	0.879772	0.897551	0.8733
3 	227.5	0.950314	0.952402	0.941278
3 	262.5	0.950829	0.952812	0.949622
3 	297.5	0.949528	0.950554	0.948054
3 	332.5	0.947965	0.949405	0.947069
3 	367.5	0.944064	0.946906	0.927693
3 	402.5	0.877189	0.900711	0.87204
3 	437.5	0.913959	0.944419	0.882006
3 	472.5	0.948155	0.949102	0.944122
3 	507.5	0.945894	0.949609	0.942501
3 	542.5	0.943415	0.946184	0.941208
3 	577.5	0.94072	0.943982	0.921606
3 	612.5	0.919872	0.94019	0.823682
3 	647.5	0.812678	0.916479	0.781874
3 	682.5	0.806485	0.81552	0.254691
########################################################
##   S2S Efficiency tag=4
########################################################
4 	0.1	0.285091	0.00525104
4 	0.3	0.323708	0.00301737
4 	0.5	0.37878	0.00258959
4 	0.7	0.451792	0.0026458
4 	0.9	0.534759	0.00281757
4 	1.1	0.607808	0.00296321
4 	1.3	0.659453	0.00303389
4 	1.5	0.69796	0.00304964
4 	1.7	0.728989	0.00304176
4 	1.9	0.751812	0.00301965
4 	2.1	0.767365	0.00298631
4 	2.3	0.779185	0.00295
4 	2.5	0.785575	0.00289208
4 	2.7	0.786113	0.00283109
4 	2.9	0.785872	0.0027837
4 	3.1	0.783195	0.00272942
4 	3.3	0.778778	0.00268675
4 	3.5	0.77172	0.00264172
4 	3.7	0.762996	0.00259505
4 	3.9	0.755033	0.0025642
4 	4.1	0.747207	0.00254138
4 	4.3	0.738526	0.0025297
4 	4.5	0.729497	0.00252976
4 	4.7	0.72298	0.00253977
4 	4.9	0.719526	0.00255882
4 	5.1	0.717251	0.00258745
4 	5.3	0.713187	0.00262036
4 	5.5	0.711896	0.00267056
4 	5.7	0.710826	0.0027213
4 	5.9	0.70952	0.00277073
4 	6.1	0.709483	0.00283539
4 	6.3	0.708703	0.00290628
4 	6.5	0.709764	0.00299154
4 	6.7	0.71037	0.00308021
4 	6.9	0.709309	0.00316863
4 	7.1	0.707189	0.00326106
4 	7.3	0.70839	0.00336812
4 	7.5	0.710054	0.00347343
4 	7.7	0.710037	0.00357527
4 	7.9	0.709459	0.00367214
4 	8.1	0.70528	0.00376106
4 	8.3	0.701105	0.0038495
4 	8.5	0.696801	0.00392252
4 	8.7	0.69407	0.00400643
4 	8.9	0.69226	0.00409117
4 	9.1	0.685902	0.00415516
4 	9.3	0.680985	0.00422694
4 	9.5	0.67534	0.00429355
4 	9.7	0.667005	0.00433948
4 	9.9	0.66092	0.0043966
4 	10.1	0.648573	0.00444228
4 	10.3	0.638234	0.00448839
4 	10.5	0.631286	0.00454134
4 	10.7	0.625586	0.00460502
4 	10.9	0.619522	0.00465422
4 	11.1	0.610063	0.0046909
4 	11.3	0.601622	0.00475902
4 	11.5	0.596854	0.00483269
4 	11.7	0.584289	0.00482609
4 	11.9	0.566542	0.00483811
4 	12.1	0.552371	0.00485652
4 	12.3	0.528002	0.00477821
4 	12.5	0.508871	0.0047688
4 	12.7	0.488491	0.00473969
4 	12.9	0.465169	0.00467001
4 	13.1	0.454884	0.004709
4 	13.3	0.448046	0.00474994
4 	13.5	0.443357	0.00478139
4 	13.7	0.440277	0.00487201
4 	13.9	0.43613	0.00499558
4 	14.1	0.434959	0.00510452
4 	14.3	0.436262	0.00520085
4 	14.5	0.435774	0.00528352
4 	14.7	0.437666	0.00540716
4 	14.9	0.440258	0.00559179
4 	15.1	0.441854	0.00578999
4 	15.3	0.44199	0.00593959
4 	15.5	0.438914	0.00606011
4 	15.7	0.441352	0.00623076
4 	15.9	0.439758	0.00638528
########################################################
##   Vtz Cut Efficiency tag=5
########################################################
5 	0.1	0.128401	0.00369498
5 	0.3	0.128401	0.00369498
5 	0.5	0.128401	0.00369498
5 	0.7	0.128401	0.00369498
5 	0.9	0.128401	0.00369498
5 	1.1	0.317005	0.00912243
5 	1.3	0.317005	0.00912243
5 	1.5	0.317005	0.00912243
5 	1.7	0.317005	0.00912243
5 	1.9	0.317005	0.00912243
5 	2.1	0.519395	0.0149466
5 	2.3	0.519395	0.0149466
5 	2.5	0.519395	0.0149466
5 	2.7	0.519395	0.0149466
5 	2.9	0.519395	0.0149466
5 	3.1	0.783054	0.0225339
5 	3.3	0.783054	0.0225339
5 	3.5	0.783054	0.0225339
5 	3.7	0.783054	0.0225339
5 	3.9	0.783054	0.0225339
5 	4.1	0.864893	0.024889
5 	4.3	0.864893	0.024889
5 	4.5	0.864893	0.024889
5 	4.7	0.864893	0.024889
5 	4.9	0.864893	0.024889
5 	5.1	0.878528	0.0252813
5 	5.3	0.878528	0.0252813
5 	5.5	0.878528	0.0252813
5 	5.7	0.878528	0.0252813
5 	5.9	0.878528	0.0252813
5 	6.1	0.896183	0.0257894
5 	6.3	0.896183	0.0257894
5 	6.5	0.896183	0.0257894
5 	6.7	0.896183	0.0257894
5 	6.9	0.896183	0.0257894
5 	7.1	0.89805	0.0258431
5 	7.3	0.89805	0.0258431
5 	7.5	0.89805	0.0258431
5 	7.7	0.89805	0.0258431
5 	7.9	0.89805	0.0258431
5 	8.1	0.903129	0.0259893
5 	8.3	0.903129	0.0259893
5 	8.5	0.903129	0.0259893
5 	8.7	0.903129	0.0259893
5 	8.9	0.903129	0.0259893
5 	9.1	0.908632	0.0261476
5 	9.3	0.908632	0.0261476
5 	9.5	0.908632	0.0261476
5 	9.7	0.908632	0.0261476
5 	9.9	0.908632	0.0261476
5 	10.1	0.908359	0.0261398
5 	10.3	0.908359	0.0261398
5 	10.5	0.908359	0.0261398
5 	10.7	0.908359	0.0261398
5 	10.9	0.908359	0.0261398
5 	11.1	0.889471	0.0255962
5 	11.3	0.889471	0.0255962
5 	11.5	0.889471	0.0255962
5 	11.7	0.889471	0.0255962
5 	11.9	0.889471	0.0255962
5 	12.1	0.854983	0.0246038
5 	12.3	0.854983	0.0246038
5 	12.5	0.854983	0.0246038
5 	12.7	0.854983	0.0246038
5 	12.9	0.854983	0.0246038
5 	13.1	0.144869	0.00416888
5 	13.3	0.144869	0.00416888
5 	13.5	0.144869	0.00416888
5 	13.7	0.144869	0.00416888
5 	13.9	0.144869	0.00416888
5 	14.1	0.916143	0.0263638
5 	14.3	0.916143	0.0263638
5 	14.5	0.916143	0.0263638
5 	14.7	0.916143	0.0263638
5 	14.9	0.916143	0.0263638
5 	15.1	1.	0.
5 	15.3	1.	0.
5 	15.5	1.	0.
5 	15.7	1.	0.
5 	15.9	1.	0.

