########################################################
##   S-2S Acceptance tag=0
########################################################
0	1.105	0.1	0	0
0	1.105	0.3	0	0
0	1.105	0.5	0	0
0	1.105	0.7	0	0
0	1.105	0.9	0	0
0	1.105	1.1	0	0
0	1.105	1.3	0	0
0	1.105	1.5	0	0
0	1.105	1.7	0	0
0	1.105	1.9	0	0
0	1.105	2.1	0	0
0	1.105	2.3	0	0
0	1.105	2.5	0	0
0	1.105	2.7	0	0
0	1.105	2.9	0	0
0	1.105	3.1	0	0
0	1.105	3.3	0	0
0	1.105	3.5	0	0
0	1.105	3.7	0	0
0	1.105	3.9	0	0
0	1.105	4.1	0	0
0	1.105	4.3	0	0
0	1.105	4.5	0	0
0	1.105	4.7	0	0
0	1.105	4.9	0	0
0	1.105	5.1	0	0
0	1.105	5.3	0	0
0	1.105	5.5	0	0
0	1.105	5.7	0	0
0	1.105	5.9	0	0
0	1.105	6.1	0	0
0	1.105	6.3	0	0
0	1.105	6.5	0	0
0	1.105	6.7	0	0
0	1.105	6.9	0	0
0	1.105	7.1	0	0
0	1.105	7.3	0	0
0	1.105	7.5	0	0
0	1.105	7.7	0	0
0	1.105	7.9	0	0
0	1.105	8.1	0	0
0	1.105	8.3	0	0
0	1.105	8.5	0	0
0	1.105	8.7	0	0
0	1.105	8.9	0	0
0	1.105	9.1	0	0
0	1.105	9.3	0	0
0	1.105	9.5	0	0
0	1.105	9.7	0	0
0	1.105	9.9	0	0
0	1.105	10.1	0	0
0	1.105	10.3	0	0
0	1.105	10.5	0	0
0	1.105	10.7	0	0
0	1.105	10.9	0	0
0	1.105	11.1	0	0
0	1.105	11.3	0	0
0	1.105	11.5	0	0
0	1.105	11.7	0	0
0	1.105	11.9	0	0
0	1.105	12.1	0	0
0	1.105	12.3	0	0
0	1.105	12.5	0	0
0	1.105	12.7	0	0
0	1.105	12.9	0	0
0	1.105	13.1	0	0
0	1.105	13.3	0	0
0	1.105	13.5	0	0
0	1.105	13.7	0	0
0	1.105	13.9	0	0
0	1.105	14.1	0	0
0	1.105	14.3	0	0
0	1.105	14.5	0	0
0	1.105	14.7	0	0
0	1.105	14.9	0	0
0	1.105	15.1	0	0
0	1.105	15.3	0	0
0	1.105	15.5	0	0
0	1.105	15.7	0	0
0	1.105	15.9	0	0
0	1.115	0.1	0	0
0	1.115	0.3	0	0
0	1.115	0.5	0	0
0	1.115	0.7	0	0
0	1.115	0.9	0	0
0	1.115	1.1	0	0
0	1.115	1.3	0	0
0	1.115	1.5	0	0
0	1.115	1.7	0	0
0	1.115	1.9	0	0
0	1.115	2.1	0	0
0	1.115	2.3	0	0
0	1.115	2.5	0	0
0	1.115	2.7	0	0
0	1.115	2.9	0	0
0	1.115	3.1	9.1236e-05	1.46088e-05
0	1.115	3.3	7.09232e-06	4.09474e-06
0	1.115	3.5	5.68277e-05	1.15996e-05
0	1.115	3.7	7.78647e-05	1.3554e-05
0	1.115	3.9	7.82571e-05	1.36223e-05
0	1.115	4.1	0.000103701	1.56328e-05
0	1.115	4.3	2.31527e-06	2.31527e-06
0	1.115	4.5	2.11686e-05	7.05613e-06
0	1.115	4.7	1.1684e-05	5.22523e-06
0	1.115	4.9	2.57425e-05	7.76155e-06
0	1.115	5.1	2.34645e-05	7.42003e-06
0	1.115	5.3	2.36317e-06	2.36316e-06
0	1.115	5.5	0	0
0	1.115	5.7	0	0
0	1.115	5.9	0	0
0	1.115	6.1	2.81019e-05	8.11221e-06
0	1.115	6.3	0	0
0	1.115	6.5	0	0
0	1.115	6.7	3.55109e-05	9.1687e-06
0	1.115	6.9	0	0
0	1.115	7.1	0	0
0	1.115	7.3	0	0
0	1.115	7.5	0	0
0	1.115	7.7	0	0
0	1.115	7.9	2.3597e-05	7.46193e-06
0	1.115	8.1	0	0
0	1.115	8.3	0	0
0	1.115	8.5	0	0
0	1.115	8.7	0	0
0	1.115	8.9	0	0
0	1.115	9.1	0	0
0	1.115	9.3	0	0
0	1.115	9.5	0	0
0	1.115	9.7	0	0
0	1.115	9.9	0	0
0	1.115	10.1	0	0
0	1.115	10.3	0	0
0	1.115	10.5	0	0
0	1.115	10.7	0	0
0	1.115	10.9	0	0
0	1.115	11.1	0	0
0	1.115	11.3	0	0
0	1.115	11.5	0	0
0	1.115	11.7	1.87688e-05	6.63572e-06
0	1.115	11.9	0	0
0	1.115	12.1	0	0
0	1.115	12.3	0	0
0	1.115	12.5	0	0
0	1.115	12.7	0	0
0	1.115	12.9	0	0
0	1.115	13.1	0	0
0	1.115	13.3	0	0
0	1.115	13.5	0	0
0	1.115	13.7	0	0
0	1.115	13.9	0	0
0	1.115	14.1	0	0
0	1.115	14.3	0	0
0	1.115	14.5	0	0
0	1.115	14.7	0	0
0	1.115	14.9	0	0
0	1.115	15.1	0	0
0	1.115	15.3	0	0
0	1.115	15.5	0	0
0	1.115	15.7	0	0
0	1.115	15.9	0	0
0	1.125	0.1	0	0
0	1.125	0.3	0	0
0	1.125	0.5	0	0
0	1.125	0.7	0.00027562	2.54776e-05
0	1.125	0.9	0.00195732	6.77102e-05
0	1.125	1.1	0.0032306	8.71086e-05
0	1.125	1.3	0.00422169	9.92684e-05
0	1.125	1.5	0.00657353	0.000123401
0	1.125	1.7	0.00848943	0.000140518
0	1.125	1.9	0.00908193	0.000145513
0	1.125	2.1	0.00935813	0.000147826
0	1.125	2.3	0.0100279	0.000153138
0	1.125	2.5	0.0094058	0.00014852
0	1.125	2.7	0.00825868	0.000138723
0	1.125	2.9	0.00891476	0.000144217
0	1.125	3.1	0.00900102	0.000144504
0	1.125	3.3	0.0073812	0.000131194
0	1.125	3.5	0.00656123	0.000124144
0	1.125	3.7	0.00648277	0.000122202
0	1.125	3.9	0.00578889	0.000115837
0	1.125	4.1	0.0054005	0.000112623
0	1.125	4.3	0.00436724	0.00010096
0	1.125	4.5	0.00423554	9.9843e-05
0	1.125	4.7	0.00351331	9.0857e-05
0	1.125	4.9	0.00339075	8.92956e-05
0	1.125	5.1	0.00297632	8.36904e-05
0	1.125	5.3	0.00250764	7.69975e-05
0	1.125	5.5	0.00289081	8.24414e-05
0	1.125	5.7	0.0028185	8.1418e-05
0	1.125	5.9	0.00214423	7.07714e-05
0	1.125	6.1	0.00203265	6.91619e-05
0	1.125	6.3	0.00182788	6.57266e-05
0	1.125	6.5	0.00152193	6.00202e-05
0	1.125	6.7	0.00119851	5.30913e-05
0	1.125	6.9	0.00195817	6.75775e-05
0	1.125	7.1	0.00131253	5.53785e-05
0	1.125	7.3	0.0011374	5.14586e-05
0	1.125	7.5	0.000729874	4.15059e-05
0	1.125	7.7	0.000709086	4.09246e-05
0	1.125	7.9	0.000851775	4.48112e-05
0	1.125	8.1	0.000459717	3.29135e-05
0	1.125	8.3	0.000604471	3.79913e-05
0	1.125	8.5	0.000602095	3.76933e-05
0	1.125	8.7	0.000679758	4.01112e-05
0	1.125	8.9	0.000486902	3.39158e-05
0	1.125	9.1	0.00051328	3.46753e-05
0	1.125	9.3	0.000279514	2.56194e-05
0	1.125	9.5	0.00036911	2.94528e-05
0	1.125	9.7	0.000279793	2.5645e-05
0	1.125	9.9	7.13537e-05	1.30269e-05
0	1.125	10.1	0.000266909	2.51054e-05
0	1.125	10.3	0.000167625	1.98917e-05
0	1.125	10.5	0.00020119	2.16927e-05
0	1.125	10.7	0.000132282	1.76758e-05
0	1.125	10.9	2.33889e-06	2.33889e-06
0	1.125	11.1	0.000120166	1.68256e-05
0	1.125	11.3	0.000191522	2.12781e-05
0	1.125	11.5	8.90474e-05	1.44448e-05
0	1.125	11.7	0.00011737	1.65977e-05
0	1.125	11.9	6.8306e-05	1.26837e-05
0	1.125	12.1	5.16531e-05	1.10122e-05
0	1.125	12.3	9.19404e-05	1.47216e-05
0	1.125	12.5	3.0772e-05	8.53449e-06
0	1.125	12.7	7.03976e-05	1.28523e-05
0	1.125	12.9	4.90878e-05	1.07116e-05
0	1.125	13.1	1.64036e-05	6.19992e-06
0	1.125	13.3	1.41025e-05	5.75727e-06
0	1.125	13.5	4.90028e-05	1.0693e-05
0	1.125	13.7	6.04972e-05	1.18641e-05
0	1.125	13.9	0	0
0	1.125	14.1	3.96261e-05	9.61055e-06
0	1.125	14.3	2.12478e-05	7.08253e-06
0	1.125	14.5	0	0
0	1.125	14.7	0	0
0	1.125	14.9	4.68249e-05	1.04701e-05
0	1.125	15.1	1.40891e-05	5.75183e-06
0	1.125	15.3	0	0
0	1.125	15.5	0	0
0	1.125	15.7	0	0
0	1.125	15.9	0	0
0	1.135	0.1	0.427983	0.000762146
0	1.135	0.3	0.412226	0.00075625
0	1.135	0.5	0.387723	0.000746726
0	1.135	0.7	0.353823	0.000731044
0	1.135	0.9	0.322493	0.000717788
0	1.135	1.1	0.291859	0.000697552
0	1.135	1.3	0.265104	0.000674514
0	1.135	1.5	0.24113	0.000652581
0	1.135	1.7	0.208923	0.000622353
0	1.135	1.9	0.189584	0.000601953
0	1.135	2.1	0.169774	0.000574799
0	1.135	2.3	0.155667	0.000554787
0	1.135	2.5	0.136904	0.000527537
0	1.135	2.7	0.126561	0.000509059
0	1.135	2.9	0.112804	0.000485823
0	1.135	3.1	0.104646	0.000471168
0	1.135	3.3	0.0940441	0.000448063
0	1.135	3.5	0.0857909	0.000428266
0	1.135	3.7	0.0806089	0.000417428
0	1.135	3.9	0.0736649	0.000401339
0	1.135	4.1	0.062741	0.000372175
0	1.135	4.3	0.0613821	0.000369818
0	1.135	4.5	0.05322	0.000344694
0	1.135	4.7	0.0525183	0.000342237
0	1.135	4.9	0.0472019	0.000323834
0	1.135	5.1	0.0407279	0.000303391
0	1.135	5.3	0.0370011	0.000290406
0	1.135	5.5	0.0341357	0.000277143
0	1.135	5.7	0.0316097	0.000269037
0	1.135	5.9	0.0298781	0.000261412
0	1.135	6.1	0.0275974	0.000250175
0	1.135	6.3	0.0233003	0.000232185
0	1.135	6.5	0.0223314	0.000226293
0	1.135	6.7	0.0201535	0.000216687
0	1.135	6.9	0.0186162	0.000207714
0	1.135	7.1	0.0170103	0.000199199
0	1.135	7.3	0.0162275	0.000193667
0	1.135	7.5	0.0145905	0.000183558
0	1.135	7.7	0.0132363	0.000175188
0	1.135	7.9	0.0114907	0.000162925
0	1.135	8.1	0.0100276	0.000152417
0	1.135	8.3	0.00968132	0.000150647
0	1.135	8.5	0.00859843	0.000141207
0	1.135	8.7	0.0081442	0.00013817
0	1.135	8.9	0.00611166	0.000119654
0	1.135	9.1	0.00602291	0.000119005
0	1.135	9.3	0.00496046	0.000107594
0	1.135	9.5	0.00479474	0.000106033
0	1.135	9.7	0.00386588	9.53929e-05
0	1.135	9.9	0.00282853	8.16734e-05
0	1.135	10.1	0.00344632	8.99157e-05
0	1.135	10.3	0.00277338	8.09333e-05
0	1.135	10.5	0.00183274	6.57312e-05
0	1.135	10.7	0.0019725	6.83168e-05
0	1.135	10.9	0.00142582	5.79743e-05
0	1.135	11.1	0.00178988	6.49533e-05
0	1.135	11.3	0.00133825	5.60648e-05
0	1.135	11.5	0.000723079	4.11864e-05
0	1.135	11.7	0.000979355	4.81091e-05
0	1.135	11.9	0.000634404	3.87401e-05
0	1.135	12.1	0.00105193	4.97843e-05
0	1.135	12.3	0.00059	3.71555e-05
0	1.135	12.5	0.000489739	3.38677e-05
0	1.135	12.7	0.000582509	3.68304e-05
0	1.135	12.9	0.000412362	3.10766e-05
0	1.135	13.1	0.000379519	2.99979e-05
0	1.135	13.3	0.000290818	2.60078e-05
0	1.135	13.5	0.000292371	2.62518e-05
0	1.135	13.7	0.000374336	2.9775e-05
0	1.135	13.9	0.000183981	2.08299e-05
0	1.135	14.1	0.000243558	2.39955e-05
0	1.135	14.3	0.000134456	1.78079e-05
0	1.135	14.5	0.000126779	1.72513e-05
0	1.135	14.7	5.84262e-05	1.16849e-05
0	1.135	14.9	0.000310566	2.70271e-05
0	1.135	15.1	0.000244282	2.40669e-05
0	1.135	15.3	7.9564e-05	1.36446e-05
0	1.135	15.5	0.000114944	1.64196e-05
0	1.135	15.7	1.40262e-05	5.72614e-06
0	1.135	15.9	2.82036e-05	8.14156e-06
0	1.145	0.1	0.806175	0.000605447
0	1.145	0.3	0.79982	0.000616494
0	1.145	0.5	0.792411	0.000619732
0	1.145	0.7	0.780316	0.000633453
0	1.145	0.9	0.75701	0.000661055
0	1.145	1.1	0.723904	0.000682352
0	1.145	1.3	0.677468	0.000717421
0	1.145	1.5	0.623535	0.000745794
0	1.145	1.7	0.564375	0.000757793
0	1.145	1.9	0.511565	0.000766643
0	1.145	2.1	0.465392	0.000768252
0	1.145	2.3	0.412856	0.000752742
0	1.145	2.5	0.37394	0.000743665
0	1.145	2.7	0.33808	0.000724811
0	1.145	2.9	0.306447	0.000706362
0	1.145	3.1	0.277164	0.000689316
0	1.145	3.3	0.25396	0.000666556
0	1.145	3.5	0.230327	0.000648061
0	1.145	3.7	0.214354	0.000626801
0	1.145	3.9	0.195385	0.000608953
0	1.145	4.1	0.176192	0.000582107
0	1.145	4.3	0.16431	0.000571463
0	1.145	4.5	0.149339	0.000546134
0	1.145	4.7	0.139195	0.000531742
0	1.145	4.9	0.126306	0.000508097
0	1.145	5.1	0.116448	0.000490449
0	1.145	5.3	0.1032	0.000467692
0	1.145	5.5	0.0962423	0.000451686
0	1.145	5.7	0.0897648	0.000438333
0	1.145	5.9	0.0809354	0.000418209
0	1.145	6.1	0.0751729	0.000403389
0	1.145	6.3	0.0678076	0.000386198
0	1.145	6.5	0.0597537	0.000365037
0	1.145	6.7	0.0577975	0.000358535
0	1.145	6.9	0.0510444	0.000337195
0	1.145	7.1	0.0468389	0.000324539
0	1.145	7.3	0.0417715	0.000306654
0	1.145	7.5	0.0364542	0.000287979
0	1.145	7.7	0.0336414	0.000276474
0	1.145	7.9	0.0314519	0.000267496
0	1.145	8.1	0.0274672	0.000250787
0	1.145	8.3	0.0250017	0.000239591
0	1.145	8.5	0.0231578	0.000230162
0	1.145	8.7	0.0220569	0.000224845
0	1.145	8.9	0.0184232	0.00020621
0	1.145	9.1	0.0172543	0.000199718
0	1.145	9.3	0.0149558	0.000186302
0	1.145	9.5	0.0131779	0.000174497
0	1.145	9.7	0.0106052	0.000157199
0	1.145	9.9	0.00938176	0.000148179
0	1.145	10.1	0.0089768	0.000144418
0	1.145	10.3	0.00789891	0.000135912
0	1.145	10.5	0.00648573	0.000123276
0	1.145	10.7	0.00598074	0.000118501
0	1.145	10.9	0.00496878	0.000107293
0	1.145	11.1	0.00378912	9.44305e-05
0	1.145	11.3	0.00330717	8.75872e-05
0	1.145	11.5	0.00279938	8.09343e-05
0	1.145	11.7	0.00231218	7.38497e-05
0	1.145	11.9	0.0019966	6.86573e-05
0	1.145	12.1	0.00172255	6.3656e-05
0	1.145	12.3	0.00135639	5.67743e-05
0	1.145	12.5	0.0014036	5.73571e-05
0	1.145	12.7	0.00120356	5.32103e-05
0	1.145	12.9	0.00100557	4.86387e-05
0	1.145	13.1	0.000687585	4.0224e-05
0	1.145	13.3	0.00116231	5.24772e-05
0	1.145	13.5	0.000669699	3.9726e-05
0	1.145	13.7	0.000517666	3.4813e-05
0	1.145	13.9	0.000540609	3.57148e-05
0	1.145	14.1	0.000570352	3.65026e-05
0	1.145	14.3	0.000476286	3.33388e-05
0	1.145	14.5	0.000254248	2.44619e-05
0	1.145	14.7	0.00054321	3.58085e-05
0	1.145	14.9	0.000219365	2.27446e-05
0	1.145	15.1	0.000260228	2.46965e-05
0	1.145	15.3	0.000172934	2.02387e-05
0	1.145	15.5	0.000107838	1.5899e-05
0	1.145	15.7	0.000164237	1.96284e-05
0	1.145	15.9	0.000106212	1.58323e-05
0	1.155	0.1	0.827984	0.0005791
0	1.155	0.3	0.828475	0.000577071
0	1.155	0.5	0.823325	0.000585576
0	1.155	0.7	0.815396	0.000595169
0	1.155	0.9	0.813182	0.000598051
0	1.155	1.1	0.803373	0.000609281
0	1.155	1.3	0.795372	0.000619676
0	1.155	1.5	0.78022	0.000635678
0	1.155	1.7	0.759676	0.000655927
0	1.155	1.9	0.724192	0.000686035
0	1.155	2.1	0.684607	0.000712922
0	1.155	2.3	0.635681	0.000739869
0	1.155	2.5	0.589572	0.000756782
0	1.155	2.7	0.538131	0.00076703
0	1.155	2.9	0.498375	0.000768109
0	1.155	3.1	0.465218	0.000764672
0	1.155	3.3	0.423177	0.00076191
0	1.155	3.5	0.386152	0.000745839
0	1.155	3.7	0.356196	0.000733948
0	1.155	3.9	0.323149	0.000716402
0	1.155	4.1	0.291928	0.000696677
0	1.155	4.3	0.266951	0.000676109
0	1.155	4.5	0.243268	0.000655757
0	1.155	4.7	0.228355	0.00064109
0	1.155	4.9	0.205683	0.000619872
0	1.155	5.1	0.186175	0.000599515
0	1.155	5.3	0.167849	0.000571078
0	1.155	5.5	0.157095	0.000558126
0	1.155	5.7	0.147251	0.000544819
0	1.155	5.9	0.132226	0.000519193
0	1.155	6.1	0.121873	0.000502835
0	1.155	6.3	0.104537	0.000468017
0	1.155	6.5	0.0969431	0.000453958
0	1.155	6.7	0.0870926	0.000433181
0	1.155	6.9	0.0822728	0.000422072
0	1.155	7.1	0.0728314	0.000397838
0	1.155	7.3	0.0658219	0.000379829
0	1.155	7.5	0.058619	0.000360887
0	1.155	7.7	0.0558733	0.0003514
0	1.155	7.9	0.0479674	0.000327854
0	1.155	8.1	0.0444263	0.000314532
0	1.155	8.3	0.0386175	0.000295474
0	1.155	8.5	0.0358481	0.00028339
0	1.155	8.7	0.0314435	0.000266987
0	1.155	8.9	0.0265686	0.000245855
0	1.155	9.1	0.0234775	0.000232084
0	1.155	9.3	0.0209195	0.00021981
0	1.155	9.5	0.0197655	0.000213226
0	1.155	9.7	0.0172245	0.000200115
0	1.155	9.9	0.0137568	0.000178697
0	1.155	10.1	0.0124633	0.000170336
0	1.155	10.3	0.0116685	0.000164696
0	1.155	10.5	0.0087872	0.000143534
0	1.155	10.7	0.00781649	0.000134781
0	1.155	10.9	0.00668355	0.000125193
0	1.155	11.1	0.00587611	0.000116896
0	1.155	11.3	0.00575332	0.000116232
0	1.155	11.5	0.00420623	9.92091e-05
0	1.155	11.7	0.00362134	9.20533e-05
0	1.155	11.9	0.00305519	8.44763e-05
0	1.155	12.1	0.00278158	8.08621e-05
0	1.155	12.3	0.00249377	7.68267e-05
0	1.155	12.5	0.00217169	7.12502e-05
0	1.155	12.7	0.00191509	6.74334e-05
0	1.155	12.9	0.00171037	6.2991e-05
0	1.155	13.1	0.00118531	5.27668e-05
0	1.155	13.3	0.00122995	5.36976e-05
0	1.155	13.5	0.000837615	4.43127e-05
0	1.155	13.7	0.000839664	4.44834e-05
0	1.155	13.9	0.000686182	4.0142e-05
0	1.155	14.1	0.000555351	3.60639e-05
0	1.155	14.3	0.000531874	3.55279e-05
0	1.155	14.5	0.000480447	3.36299e-05
0	1.155	14.7	0.000488167	3.39217e-05
0	1.155	14.9	0.00051224	3.46844e-05
0	1.155	15.1	0.000312971	2.71337e-05
0	1.155	15.3	0.000221422	2.29579e-05
0	1.155	15.5	0.000217785	2.27032e-05
0	1.155	15.7	0.000294594	2.63454e-05
0	1.155	15.9	0.00010851	1.59981e-05
0	1.165	0.1	0.833517	0.000574471
0	1.165	0.3	0.835614	0.000567196
0	1.165	0.5	0.832367	0.000575153
0	1.165	0.7	0.831914	0.000573071
0	1.165	0.9	0.82769	0.000575966
0	1.165	1.1	0.823388	0.000584755
0	1.165	1.3	0.81596	0.000592862
0	1.165	1.5	0.812142	0.00059634
0	1.165	1.7	0.802103	0.000609761
0	1.165	1.9	0.785457	0.000629779
0	1.165	2.1	0.770221	0.000644525
0	1.165	2.3	0.745472	0.000668018
0	1.165	2.5	0.718803	0.000689312
0	1.165	2.7	0.672894	0.000718888
0	1.165	2.9	0.638309	0.000737584
0	1.165	3.1	0.60037	0.00075124
0	1.165	3.3	0.566401	0.000758883
0	1.165	3.5	0.541729	0.000764728
0	1.165	3.7	0.506492	0.000767202
0	1.165	3.9	0.478789	0.000767265
0	1.165	4.1	0.447534	0.000765404
0	1.165	4.3	0.418015	0.000753554
0	1.165	4.5	0.387299	0.00074493
0	1.165	4.7	0.351812	0.000730631
0	1.165	4.9	0.320616	0.000714567
0	1.165	5.1	0.289602	0.000696702
0	1.165	5.3	0.258311	0.00067094
0	1.165	5.5	0.232796	0.000647523
0	1.165	5.7	0.214217	0.000630146
0	1.165	5.9	0.189963	0.000603128
0	1.165	6.1	0.171833	0.000578454
0	1.165	6.3	0.154816	0.000555203
0	1.165	6.5	0.140052	0.00053274
0	1.165	6.7	0.123226	0.000503889
0	1.165	6.9	0.11374	0.0004865
0	1.165	7.1	0.0998734	0.000459024
0	1.165	7.3	0.0889477	0.000435177
0	1.165	7.5	0.0779724	0.000411056
0	1.165	7.7	0.0682767	0.000387319
0	1.165	7.9	0.064348	0.000375895
0	1.165	8.1	0.0554596	0.000350058
0	1.165	8.3	0.0477509	0.00032654
0	1.165	8.5	0.0438905	0.000314569
0	1.165	8.7	0.037917	0.0002926
0	1.165	8.9	0.0332933	0.000274972
0	1.165	9.1	0.0319869	0.000268965
0	1.165	9.3	0.0266674	0.000247214
0	1.165	9.5	0.0240038	0.000234333
0	1.165	9.7	0.0211113	0.000220147
0	1.165	9.9	0.0183756	0.000205563
0	1.165	10.1	0.0146104	0.000184222
0	1.165	10.3	0.0141723	0.000181375
0	1.165	10.5	0.0135123	0.000176941
0	1.165	10.7	0.00980773	0.000151242
0	1.165	10.9	0.00861571	0.000141915
0	1.165	11.1	0.00920092	0.000146559
0	1.165	11.3	0.00594151	0.000117959
0	1.165	11.5	0.00521009	0.000110464
0	1.165	11.7	0.00562893	0.000115153
0	1.165	11.9	0.00428756	0.000100758
0	1.165	12.1	0.00359026	9.15921e-05
0	1.165	12.3	0.00344158	8.97615e-05
0	1.165	12.5	0.00291231	8.28512e-05
0	1.165	12.7	0.00268924	7.9229e-05
0	1.165	12.9	0.00269886	7.92026e-05
0	1.165	13.1	0.00216631	7.08831e-05
0	1.165	13.3	0.00133115	5.61639e-05
0	1.165	13.5	0.00148778	5.93719e-05
0	1.165	13.7	0.000982283	4.83113e-05
0	1.165	13.9	0.00105107	4.95771e-05
0	1.165	14.1	0.000891064	4.5811e-05
0	1.165	14.3	0.000669463	3.97821e-05
0	1.165	14.5	0.000667439	3.96619e-05
0	1.165	14.7	0.000669072	3.97589e-05
0	1.165	14.9	0.000588437	3.72797e-05
0	1.165	15.1	0.000408618	3.09709e-05
0	1.165	15.3	0.000426615	3.15296e-05
0	1.165	15.5	0.000261674	2.49463e-05
0	1.165	15.7	0.000247546	2.41551e-05
0	1.165	15.9	0.000402141	3.08366e-05
0	1.175	0.1	0.842733	0.00055605
0	1.175	0.3	0.840908	0.000562069
0	1.175	0.5	0.837872	0.00056788
0	1.175	0.7	0.840059	0.000560542
0	1.175	0.9	0.834631	0.000568935
0	1.175	1.1	0.831584	0.000576135
0	1.175	1.3	0.825699	0.000583027
0	1.175	1.5	0.819209	0.000591937
0	1.175	1.7	0.814317	0.000595449
0	1.175	1.9	0.808239	0.000601552
0	1.175	2.1	0.796885	0.000616184
0	1.175	2.3	0.786938	0.00062929
0	1.175	2.5	0.769701	0.000643291
0	1.175	2.7	0.745692	0.000667547
0	1.175	2.9	0.711529	0.000693261
0	1.175	3.1	0.677028	0.000722237
0	1.175	3.3	0.636549	0.000737642
0	1.175	3.5	0.608224	0.000752112
0	1.175	3.7	0.572786	0.000758396
0	1.175	3.9	0.544408	0.000765465
0	1.175	4.1	0.509034	0.000763025
0	1.175	4.3	0.47928	0.000767092
0	1.175	4.5	0.451352	0.000766295
0	1.175	4.7	0.401662	0.000752449
0	1.175	4.9	0.369213	0.000741292
0	1.175	5.1	0.332958	0.000725037
0	1.175	5.3	0.300545	0.000706997
0	1.175	5.5	0.278273	0.000688692
0	1.175	5.7	0.248587	0.000664114
0	1.175	5.9	0.223929	0.000642652
0	1.175	6.1	0.204199	0.000614169
0	1.175	6.3	0.181331	0.000592942
0	1.175	6.5	0.162988	0.000564515
0	1.175	6.7	0.142445	0.000536562
0	1.175	6.9	0.128734	0.000513445
0	1.175	7.1	0.115841	0.000490301
0	1.175	7.3	0.102223	0.000464758
0	1.175	7.5	0.0900975	0.00043641
0	1.175	7.7	0.0776273	0.000408833
0	1.175	7.9	0.0702803	0.00039376
0	1.175	8.1	0.0634135	0.000373707
0	1.175	8.3	0.0577592	0.000357881
0	1.175	8.5	0.0513643	0.000337195
0	1.175	8.7	0.0452312	0.00031768
0	1.175	8.9	0.0383141	0.000294339
0	1.175	9.1	0.0358531	0.000285312
0	1.175	9.3	0.0311755	0.000267765
0	1.175	9.5	0.0279115	0.000251393
0	1.175	9.7	0.024398	0.000235717
0	1.175	9.9	0.0224241	0.000227413
0	1.175	10.1	0.01873	0.00020805
0	1.175	10.3	0.0181822	0.000204782
0	1.175	10.5	0.0154436	0.000189154
0	1.175	10.7	0.0131112	0.000175389
0	1.175	10.9	0.0112523	0.000161244
0	1.175	11.1	0.00959534	0.00014937
0	1.175	11.3	0.0101828	0.000153727
0	1.175	11.5	0.00763544	0.000134105
0	1.175	11.7	0.00607281	0.000119103
0	1.175	11.9	0.00594586	0.000118092
0	1.175	12.1	0.00466673	0.000104369
0	1.175	12.3	0.00416071	9.88582e-05
0	1.175	12.5	0.00350979	9.10418e-05
0	1.175	12.7	0.00309559	8.49107e-05
0	1.175	12.9	0.00247127	7.67579e-05
0	1.175	13.1	0.00206137	6.95754e-05
0	1.175	13.3	0.00145617	5.84857e-05
0	1.175	13.5	0.00170846	6.36602e-05
0	1.175	13.7	0.00130844	5.52557e-05
0	1.175	13.9	0.00141769	5.78842e-05
0	1.175	14.1	0.00110328	5.09164e-05
0	1.175	14.3	0.0010604	4.99059e-05
0	1.175	14.5	0.000740966	4.16014e-05
0	1.175	14.7	0.000481792	3.36417e-05
0	1.175	14.9	0.000628994	3.84099e-05
0	1.175	15.1	0.000298909	2.65199e-05
0	1.175	15.3	0.000474762	3.33138e-05
0	1.175	15.5	0.000464288	3.30714e-05
0	1.175	15.7	0.000359143	2.89354e-05
0	1.175	15.9	0.000198523	2.15307e-05
0	1.185	0.1	0.846275	0.000553842
0	1.185	0.3	0.84386	0.000555188
0	1.185	0.5	0.83955	0.000565606
0	1.185	0.7	0.837561	0.00056643
0	1.185	0.9	0.837764	0.000565413
0	1.185	1.1	0.836703	0.000566688
0	1.185	1.3	0.834935	0.000567254
0	1.185	1.5	0.830879	0.000577716
0	1.185	1.7	0.822554	0.000584401
0	1.185	1.9	0.812081	0.000599039
0	1.185	2.1	0.806233	0.000606869
0	1.185	2.3	0.79622	0.000617645
0	1.185	2.5	0.784118	0.000629273
0	1.185	2.7	0.764653	0.000653339
0	1.185	2.9	0.744882	0.000671398
0	1.185	3.1	0.718653	0.000687533
0	1.185	3.3	0.681068	0.000712356
0	1.185	3.5	0.640626	0.000734673
0	1.185	3.7	0.610046	0.000749718
0	1.185	3.9	0.572225	0.000755808
0	1.185	4.1	0.537263	0.000761502
0	1.185	4.3	0.510009	0.000767617
0	1.185	4.5	0.468071	0.000763667
0	1.185	4.7	0.437395	0.000760018
0	1.185	4.9	0.395035	0.000752928
0	1.185	5.1	0.35443	0.000736734
0	1.185	5.3	0.320907	0.000718469
0	1.185	5.5	0.291986	0.000698195
0	1.185	5.7	0.268485	0.00068166
0	1.185	5.9	0.241825	0.000658278
0	1.185	6.1	0.215502	0.000634162
0	1.185	6.3	0.199738	0.000612558
0	1.185	6.5	0.180024	0.000591364
0	1.185	6.7	0.15969	0.000560814
0	1.185	6.9	0.139721	0.000531819
0	1.185	7.1	0.129118	0.00051618
0	1.185	7.3	0.110548	0.000479637
0	1.185	7.5	0.0996097	0.000459207
0	1.185	7.7	0.0878313	0.000433692
0	1.185	7.9	0.0798834	0.000415864
0	1.185	8.1	0.0711908	0.000395402
0	1.185	8.3	0.0617074	0.000369153
0	1.185	8.5	0.0568142	0.000354382
0	1.185	8.7	0.051454	0.000338014
0	1.185	8.9	0.0468102	0.000323425
0	1.185	9.1	0.0418436	0.000308083
0	1.185	9.3	0.0364167	0.000287418
0	1.185	9.5	0.0332443	0.000274759
0	1.185	9.7	0.0285085	0.000256243
0	1.185	9.9	0.0264625	0.000245786
0	1.185	10.1	0.0228327	0.000229394
0	1.185	10.3	0.0218726	0.000224568
0	1.185	10.5	0.0169765	0.000198668
0	1.185	10.7	0.0177133	0.000202164
0	1.185	10.9	0.0138009	0.000179128
0	1.185	11.1	0.0115303	0.000164067
0	1.185	11.3	0.01043	0.000155342
0	1.185	11.5	0.0104018	0.000155996
0	1.185	11.7	0.00894732	0.000144153
0	1.185	11.9	0.0070187	0.000127502
0	1.185	12.1	0.00610002	0.000119681
0	1.185	12.3	0.00530954	0.000111538
0	1.185	12.5	0.00569819	0.000115359
0	1.185	12.7	0.00444919	0.00010214
0	1.185	12.9	0.00409903	9.77567e-05
0	1.185	13.1	0.00313141	8.52507e-05
0	1.185	13.3	0.00284509	8.18774e-05
0	1.185	13.5	0.00220068	7.21615e-05
0	1.185	13.7	0.00163349	6.20451e-05
0	1.185	13.9	0.00134196	5.60235e-05
0	1.185	14.1	0.00131073	5.56008e-05
0	1.185	14.3	0.000917852	4.65755e-05
0	1.185	14.5	0.00102835	4.91112e-05
0	1.185	14.7	0.000728571	4.16345e-05
0	1.185	14.9	0.00083025	4.41714e-05
0	1.185	15.1	0.000680785	3.99634e-05
0	1.185	15.3	0.000354312	2.89243e-05
0	1.185	15.5	0.000290962	2.61253e-05
0	1.185	15.7	0.000329773	2.78663e-05
0	1.185	15.9	0.000356296	2.88942e-05
0	1.195	0.1	0.848908	0.000551875
0	1.195	0.3	0.846305	0.000553308
0	1.195	0.5	0.848288	0.000548145
0	1.195	0.7	0.842388	0.000559971
0	1.195	0.9	0.846099	0.000552432
0	1.195	1.1	0.84287	0.000559124
0	1.195	1.3	0.835649	0.000570334
0	1.195	1.5	0.832608	0.00056998
0	1.195	1.7	0.828081	0.000579184
0	1.195	1.9	0.823284	0.00058492
0	1.195	2.1	0.812357	0.000600779
0	1.195	2.3	0.803576	0.000609951
0	1.195	2.5	0.795758	0.000619549
0	1.195	2.7	0.782721	0.000632494
0	1.195	2.9	0.757826	0.000656809
0	1.195	3.1	0.731847	0.00067792
0	1.195	3.3	0.694143	0.000705406
0	1.195	3.5	0.659928	0.000727095
0	1.195	3.7	0.628002	0.000744567
0	1.195	3.9	0.591774	0.000754693
0	1.195	4.1	0.564113	0.000761123
0	1.195	4.3	0.525714	0.000769654
0	1.195	4.5	0.493305	0.000769253
0	1.195	4.7	0.447473	0.000764376
0	1.195	4.9	0.419604	0.000753583
0	1.195	5.1	0.374265	0.000740859
0	1.195	5.3	0.342236	0.000730799
0	1.195	5.5	0.312003	0.000709463
0	1.195	5.7	0.284924	0.000695122
0	1.195	5.9	0.257321	0.000671678
0	1.195	6.1	0.235138	0.000650955
0	1.195	6.3	0.212785	0.000631159
0	1.195	6.5	0.188296	0.000600476
0	1.195	6.7	0.171795	0.000579227
0	1.195	6.9	0.153331	0.000552175
0	1.195	7.1	0.139929	0.000529629
0	1.195	7.3	0.12413	0.000505439
0	1.195	7.5	0.111782	0.000484267
0	1.195	7.7	0.0974172	0.000457309
0	1.195	7.9	0.0910931	0.000441464
0	1.195	8.1	0.0816723	0.000418715
0	1.195	8.3	0.0723768	0.000397033
0	1.195	8.5	0.0631658	0.000372628
0	1.195	8.7	0.0572279	0.000357171
0	1.195	8.9	0.0515878	0.000341663
0	1.195	9.1	0.0478132	0.000327285
0	1.195	9.3	0.0418765	0.000306968
0	1.195	9.5	0.038014	0.000292448
0	1.195	9.7	0.0334134	0.000275588
0	1.195	9.9	0.0310022	0.000266087
0	1.195	10.1	0.0278641	0.000252922
0	1.195	10.3	0.0245526	0.000238508
0	1.195	10.5	0.0230644	0.000230118
0	1.195	10.7	0.0197965	0.000212688
0	1.195	10.9	0.0181155	0.000205301
0	1.195	11.1	0.0147446	0.000184684
0	1.195	11.3	0.0145229	0.000183023
0	1.195	11.5	0.012073	0.000167967
0	1.195	11.7	0.0109747	0.000160055
0	1.195	11.9	0.0094264	0.000148396
0	1.195	12.1	0.00816311	0.000137575
0	1.195	12.3	0.00842987	0.000140216
0	1.195	12.5	0.00616262	0.00011966
0	1.195	12.7	0.0063044	0.000121943
0	1.195	12.9	0.00436393	0.000101485
0	1.195	13.1	0.00429204	0.000100779
0	1.195	13.3	0.00333026	8.82597e-05
0	1.195	13.5	0.0028292	8.10848e-05
0	1.195	13.7	0.00256422	7.7711e-05
0	1.195	13.9	0.00191021	6.70537e-05
0	1.195	14.1	0.00164527	6.22677e-05
0	1.195	14.3	0.00145345	5.83767e-05
0	1.195	14.5	0.00115804	5.22846e-05
0	1.195	14.7	0.000990753	4.83198e-05
0	1.195	14.9	0.00094303	4.69535e-05
0	1.195	15.1	0.000903486	4.62055e-05
0	1.195	15.3	0.000696986	4.04973e-05
0	1.195	15.5	0.000713718	4.11234e-05
0	1.195	15.7	0.000515003	3.47126e-05
0	1.195	15.9	0.000265362	2.5071e-05
0	1.205	0.1	0.848301	0.000549885
0	1.205	0.3	0.850317	0.000546717
0	1.205	0.5	0.845911	0.000551505
0	1.205	0.7	0.849213	0.00054953
0	1.205	0.9	0.84569	0.000554599
0	1.205	1.1	0.843697	0.000556304
0	1.205	1.3	0.841056	0.000560601
0	1.205	1.5	0.838004	0.000567182
0	1.205	1.7	0.83466	0.000569777
0	1.205	1.9	0.826565	0.000580638
0	1.205	2.1	0.817978	0.000590048
0	1.205	2.3	0.811313	0.000600063
0	1.205	2.5	0.801365	0.000612382
0	1.205	2.7	0.786439	0.000628138
0	1.205	2.9	0.769371	0.00064556
0	1.205	3.1	0.744545	0.000671375
0	1.205	3.3	0.716822	0.000691312
0	1.205	3.5	0.678164	0.000717786
0	1.205	3.7	0.646093	0.00073309
0	1.205	3.9	0.616422	0.000743314
0	1.205	4.1	0.578271	0.000764163
0	1.205	4.3	0.544572	0.000765433
0	1.205	4.5	0.511917	0.000764169
0	1.205	4.7	0.464811	0.000764685
0	1.205	4.9	0.42835	0.00076195
0	1.205	5.1	0.396502	0.000752458
0	1.205	5.3	0.363131	0.000739167
0	1.205	5.5	0.326699	0.000721763
0	1.205	5.7	0.301726	0.00070282
0	1.205	5.9	0.273874	0.00068332
0	1.205	6.1	0.252038	0.000665718
0	1.205	6.3	0.228642	0.000644391
0	1.205	6.5	0.207595	0.000624081
0	1.205	6.7	0.181858	0.000593583
0	1.205	6.9	0.168134	0.000572586
0	1.205	7.1	0.150619	0.000547681
0	1.205	7.3	0.131676	0.000516967
0	1.205	7.5	0.119545	0.000499141
0	1.205	7.7	0.10511	0.000471187
0	1.205	7.9	0.0986688	0.000456939
0	1.205	8.1	0.0849257	0.000427085
0	1.205	8.3	0.0777449	0.000411992
0	1.205	8.5	0.0705392	0.000392802
0	1.205	8.7	0.0657259	0.000381263
0	1.205	8.9	0.0574734	0.000359169
0	1.205	9.1	0.0528013	0.00034227
0	1.205	9.3	0.047911	0.00032788
0	1.205	9.5	0.0423311	0.000309879
0	1.205	9.7	0.0399792	0.000301037
0	1.205	9.9	0.0373233	0.000290334
0	1.205	10.1	0.0320764	0.000270506
0	1.205	10.3	0.031555	0.000269326
0	1.205	10.5	0.0257078	0.000242928
0	1.205	10.7	0.0234347	0.000232399
0	1.205	10.9	0.0224357	0.000227756
0	1.205	11.1	0.0188135	0.000208523
0	1.205	11.3	0.0184867	0.000207164
0	1.205	11.5	0.0158709	0.00019212
0	1.205	11.7	0.0138742	0.000180088
0	1.205	11.9	0.0131231	0.000174164
0	1.205	12.1	0.0106961	0.000157305
0	1.205	12.3	0.0106524	0.000157285
0	1.205	12.5	0.00858483	0.000141389
0	1.205	12.7	0.00760934	0.000132845
0	1.205	12.9	0.0066852	0.000124828
0	1.205	13.1	0.00600961	0.000118673
0	1.205	13.3	0.00471922	0.000105408
0	1.205	13.5	0.00411238	9.76846e-05
0	1.205	13.7	0.00339421	8.92933e-05
0	1.205	13.9	0.00269475	7.93568e-05
0	1.205	14.1	0.00221586	7.18122e-05
0	1.205	14.3	0.00230549	7.34488e-05
0	1.205	14.5	0.00138455	5.701e-05
0	1.205	14.7	0.00115428	5.20617e-05
0	1.205	14.9	0.00105406	4.96625e-05
0	1.205	15.1	0.000964792	4.76247e-05
0	1.205	15.3	0.000682247	4.00493e-05
0	1.205	15.5	0.00101051	4.85936e-05
0	1.205	15.7	0.000368696	2.94197e-05
0	1.205	15.9	0.000379509	2.99038e-05
0	1.215	0.1	0.855103	0.000540818
0	1.215	0.3	0.852581	0.000543844
0	1.215	0.5	0.85358	0.000542107
0	1.215	0.7	0.85317	0.000543304
0	1.215	0.9	0.848204	0.000550896
0	1.215	1.1	0.850384	0.000548145
0	1.215	1.3	0.84439	0.000556264
0	1.215	1.5	0.842444	0.000555675
0	1.215	1.7	0.837179	0.000564213
0	1.215	1.9	0.829404	0.000576527
0	1.215	2.1	0.821306	0.000587538
0	1.215	2.3	0.818022	0.000591078
0	1.215	2.5	0.808365	0.000604976
0	1.215	2.7	0.797545	0.00061628
0	1.215	2.9	0.783902	0.000632767
0	1.215	3.1	0.761259	0.000656229
0	1.215	3.3	0.731784	0.000680763
0	1.215	3.5	0.701952	0.000695766
0	1.215	3.7	0.665733	0.000724785
0	1.215	3.9	0.631506	0.000739806
0	1.215	4.1	0.596594	0.000750337
0	1.215	4.3	0.562723	0.000757252
0	1.215	4.5	0.524419	0.000765794
0	1.215	4.7	0.486219	0.000765864
0	1.215	4.9	0.445468	0.000763716
0	1.215	5.1	0.411342	0.000757096
0	1.215	5.3	0.375376	0.000741557
0	1.215	5.5	0.342725	0.000730134
0	1.215	5.7	0.316813	0.000713224
0	1.215	5.9	0.290342	0.000692012
0	1.215	6.1	0.266565	0.000681983
0	1.215	6.3	0.2425	0.000656129
0	1.215	6.5	0.215526	0.000631678
0	1.215	6.7	0.19754	0.000611658
0	1.215	6.9	0.173948	0.000582571
0	1.215	7.1	0.160709	0.000562504
0	1.215	7.3	0.142591	0.000532708
0	1.215	7.5	0.127889	0.00051111
0	1.215	7.7	0.115113	0.000489283
0	1.215	7.9	0.104922	0.000470386
0	1.215	8.1	0.0964869	0.000453358
0	1.215	8.3	0.0895885	0.000438631
0	1.215	8.5	0.0797396	0.000414465
0	1.215	8.7	0.0739839	0.000400392
0	1.215	8.9	0.0624591	0.000371354
0	1.215	9.1	0.0582202	0.000358659
0	1.215	9.3	0.0565826	0.000354409
0	1.215	9.5	0.049629	0.000334002
0	1.215	9.7	0.0452566	0.000318283
0	1.215	9.9	0.0396067	0.000300112
0	1.215	10.1	0.0368829	0.000288924
0	1.215	10.3	0.0348247	0.000280425
0	1.215	10.5	0.0314839	0.000267604
0	1.215	10.7	0.0280656	0.000253237
0	1.215	10.9	0.024285	0.000236238
0	1.215	11.1	0.0231956	0.000231495
0	1.215	11.3	0.0221317	0.000225803
0	1.215	11.5	0.0206129	0.000217545
0	1.215	11.7	0.0171552	0.000199247
0	1.215	11.9	0.016117	0.000194266
0	1.215	12.1	0.014836	0.000185393
0	1.215	12.3	0.0130676	0.00017396
0	1.215	12.5	0.011113	0.000160396
0	1.215	12.7	0.00954267	0.000148573
0	1.215	12.9	0.00846137	0.000140425
0	1.215	13.1	0.00674673	0.000125337
0	1.215	13.3	0.00670794	0.000125493
0	1.215	13.5	0.00574532	0.000116167
0	1.215	13.7	0.00462345	0.000104405
0	1.215	13.9	0.00424454	9.97769e-05
0	1.215	14.1	0.00310453	8.58057e-05
0	1.215	14.3	0.00275009	8.00838e-05
0	1.215	14.5	0.00191995	6.73539e-05
0	1.215	14.7	0.0016391	6.21237e-05
0	1.215	14.9	0.00128782	5.48774e-05
0	1.215	15.1	0.00131023	5.56301e-05
0	1.215	15.3	0.0010232	4.89774e-05
0	1.215	15.5	0.00070412	4.09117e-05
0	1.215	15.7	0.000490288	3.38248e-05
0	1.215	15.9	0.000621504	3.8095e-05
0	1.225	0.1	0.854937	0.000539661
0	1.225	0.3	0.85672	0.000534949
0	1.225	0.5	0.85762	0.000534906
0	1.225	0.7	0.851573	0.000543843
0	1.225	0.9	0.850351	0.000546368
0	1.225	1.1	0.85443	0.000540891
0	1.225	1.3	0.84996	0.000546801
0	1.225	1.5	0.848445	0.000552052
0	1.225	1.7	0.842763	0.000556561
0	1.225	1.9	0.835685	0.000567267
0	1.225	2.1	0.828985	0.000575611
0	1.225	2.3	0.827916	0.000580417
0	1.225	2.5	0.820138	0.000587323
0	1.225	2.7	0.806845	0.000605248
0	1.225	2.9	0.79087	0.000620827
0	1.225	3.1	0.768044	0.000646403
0	1.225	3.3	0.742377	0.00067022
0	1.225	3.5	0.710967	0.000698608
0	1.225	3.7	0.679828	0.000714683
0	1.225	3.9	0.642564	0.000733714
0	1.225	4.1	0.609793	0.000748158
0	1.225	4.3	0.57699	0.000758483
0	1.225	4.5	0.540392	0.000760816
0	1.225	4.7	0.505141	0.000762564
0	1.225	4.9	0.464686	0.000769874
0	1.225	5.1	0.432606	0.000759754
0	1.225	5.3	0.39568	0.000748383
0	1.225	5.5	0.357193	0.000733974
0	1.225	5.7	0.33154	0.000724206
0	1.225	5.9	0.307567	0.000706015
0	1.225	6.1	0.28275	0.000689747
0	1.225	6.3	0.257963	0.000669229
0	1.225	6.5	0.238732	0.000653727
0	1.225	6.7	0.212204	0.000624014
0	1.225	6.9	0.185765	0.000598096
0	1.225	7.1	0.17035	0.000577103
0	1.225	7.3	0.152675	0.000553367
0	1.225	7.5	0.138842	0.00052968
0	1.225	7.7	0.128933	0.000513042
0	1.225	7.9	0.114529	0.000487817
0	1.225	8.1	0.104996	0.00047099
0	1.225	8.3	0.094214	0.000448881
0	1.225	8.5	0.0860552	0.000428945
0	1.225	8.7	0.0791442	0.000412589
0	1.225	8.9	0.0734188	0.000400199
0	1.225	9.1	0.066939	0.000383712
0	1.225	9.3	0.0601566	0.00036478
0	1.225	9.5	0.0554461	0.000349857
0	1.225	9.7	0.051039	0.000338682
0	1.225	9.9	0.0474568	0.000326281
0	1.225	10.1	0.0430469	0.000309801
0	1.225	10.3	0.0396673	0.000298438
0	1.225	10.5	0.0371807	0.00028994
0	1.225	10.7	0.0333065	0.000275439
0	1.225	10.9	0.0285542	0.000254873
0	1.225	11.1	0.0278328	0.00025163
0	1.225	11.3	0.025166	0.000240997
0	1.225	11.5	0.0251329	0.000238298
0	1.225	11.7	0.0204011	0.000216879
0	1.225	11.9	0.0186718	0.000208195
0	1.225	12.1	0.0171421	0.000198674
0	1.225	12.3	0.0167403	0.00019732
0	1.225	12.5	0.0140998	0.000180334
0	1.225	12.7	0.0119175	0.000166749
0	1.225	12.9	0.0116811	0.000165039
0	1.225	13.1	0.0105651	0.000157133
0	1.225	13.3	0.00842632	0.000140275
0	1.225	13.5	0.00713665	0.000129358
0	1.225	13.7	0.00601048	0.000118412
0	1.225	13.9	0.00543892	0.000112953
0	1.225	14.1	0.00388645	9.50605e-05
0	1.225	14.3	0.00333232	8.79126e-05
0	1.225	14.5	0.00295726	8.33535e-05
0	1.225	14.7	0.00257748	7.75785e-05
0	1.225	14.9	0.00221548	7.19136e-05
0	1.225	15.1	0.00161681	6.19516e-05
0	1.225	15.3	0.00081213	4.37058e-05
0	1.225	15.5	0.000692393	4.02306e-05
0	1.225	15.7	0.000859113	4.49487e-05
0	1.225	15.9	0.000896301	4.58382e-05
0	1.235	0.1	0.860411	0.00053296
0	1.235	0.3	0.858872	0.00053566
0	1.235	0.5	0.863165	0.000530047
0	1.235	0.7	0.858908	0.000534279
0	1.235	0.9	0.857713	0.000534962
0	1.235	1.1	0.852108	0.000546017
0	1.235	1.3	0.856486	0.000540135
0	1.235	1.5	0.847561	0.000550602
0	1.235	1.7	0.845341	0.000554702
0	1.235	1.9	0.842097	0.00056071
0	1.235	2.1	0.834373	0.000571971
0	1.235	2.3	0.827206	0.00057633
0	1.235	2.5	0.820323	0.000589355
0	1.235	2.7	0.813217	0.000598463
0	1.235	2.9	0.804291	0.000608618
0	1.235	3.1	0.781854	0.000634228
0	1.235	3.3	0.759126	0.000654167
0	1.235	3.5	0.725856	0.000685652
0	1.235	3.7	0.694067	0.000707573
0	1.235	3.9	0.656169	0.000727479
0	1.235	4.1	0.628351	0.00074151
0	1.235	4.3	0.592898	0.000758565
0	1.235	4.5	0.549006	0.000761091
0	1.235	4.7	0.518203	0.000767189
0	1.235	4.9	0.476003	0.000763014
0	1.235	5.1	0.443089	0.000762561
0	1.235	5.3	0.403373	0.000751851
0	1.235	5.5	0.376455	0.00074419
0	1.235	5.7	0.347678	0.000728826
0	1.235	5.9	0.322827	0.000719803
0	1.235	6.1	0.297283	0.00070259
0	1.235	6.3	0.272728	0.000684892
0	1.235	6.5	0.244162	0.000657116
0	1.235	6.7	0.222615	0.000635232
0	1.235	6.9	0.198743	0.000613249
0	1.235	7.1	0.186004	0.000599334
0	1.235	7.3	0.166229	0.000569794
0	1.235	7.5	0.147122	0.000543033
0	1.235	7.7	0.134893	0.000521904
0	1.235	7.9	0.124641	0.000505404
0	1.235	8.1	0.111581	0.000482141
0	1.235	8.3	0.104913	0.000468681
0	1.235	8.5	0.0943172	0.00044755
0	1.235	8.7	0.0907291	0.00044094
0	1.235	8.9	0.0799762	0.000417107
0	1.235	9.1	0.0751915	0.000406566
0	1.235	9.3	0.067138	0.000383056
0	1.235	9.5	0.0627484	0.000371576
0	1.235	9.7	0.0568924	0.00035598
0	1.235	9.9	0.0539327	0.000346714
0	1.235	10.1	0.0495268	0.000333077
0	1.235	10.3	0.0456029	0.000320121
0	1.235	10.5	0.0422045	0.000310269
0	1.235	10.7	0.03883	0.000296086
0	1.235	10.9	0.0344828	0.000279786
0	1.235	11.1	0.0299924	0.000261789
0	1.235	11.3	0.0309585	0.000265527
0	1.235	11.5	0.0259821	0.000243639
0	1.235	11.7	0.0257465	0.000243691
0	1.235	11.9	0.0232215	0.00023045
0	1.235	12.1	0.0222174	0.000225982
0	1.235	12.3	0.0185519	0.000207888
0	1.235	12.5	0.0174842	0.000200572
0	1.235	12.7	0.0149083	0.00018595
0	1.235	12.9	0.0125276	0.000170774
0	1.235	13.1	0.0109214	0.000159902
0	1.235	13.3	0.0095699	0.000148686
0	1.235	13.5	0.00902454	0.000145544
0	1.235	13.7	0.00760197	0.000133312
0	1.235	13.9	0.00664676	0.000124595
0	1.235	14.1	0.0056139	0.000114726
0	1.235	14.3	0.00407915	9.79004e-05
0	1.235	14.5	0.00382572	9.46646e-05
0	1.235	14.7	0.00298299	8.36456e-05
0	1.235	14.9	0.00280659	8.11084e-05
0	1.235	15.1	0.00178806	6.45898e-05
0	1.235	15.3	0.00154409	6.04709e-05
0	1.235	15.5	0.0010216	4.89569e-05
0	1.235	15.7	0.00112681	5.15641e-05
0	1.235	15.9	0.000664085	3.93931e-05
0	1.245	0.1	0.86527	0.000522133
0	1.245	0.3	0.860918	0.000529568
0	1.245	0.5	0.863346	0.000526022
0	1.245	0.7	0.862603	0.000527966
0	1.245	0.9	0.861011	0.000528844
0	1.245	1.1	0.861599	0.000528384
0	1.245	1.3	0.857207	0.000535921
0	1.245	1.5	0.854726	0.000539355
0	1.245	1.7	0.8521	0.000546837
0	1.245	1.9	0.848832	0.000548197
0	1.245	2.1	0.839046	0.000564547
0	1.245	2.3	0.835987	0.000569802
0	1.245	2.5	0.829839	0.000577031
0	1.245	2.7	0.817485	0.000594354
0	1.245	2.9	0.810338	0.000602705
0	1.245	3.1	0.791217	0.000623081
0	1.245	3.3	0.766023	0.000649836
0	1.245	3.5	0.735349	0.000677471
0	1.245	3.7	0.707611	0.000698524
0	1.245	3.9	0.671361	0.000724409
0	1.245	4.1	0.636329	0.000736944
0	1.245	4.3	0.602232	0.000752783
0	1.245	4.5	0.567556	0.000758193
0	1.245	4.7	0.53372	0.000765866
0	1.245	4.9	0.497354	0.000767937
0	1.245	5.1	0.456125	0.000764231
0	1.245	5.3	0.41705	0.000753284
0	1.245	5.5	0.392487	0.000748148
0	1.245	5.7	0.362919	0.000743435
0	1.245	5.9	0.332743	0.000724233
0	1.245	6.1	0.308053	0.000708476
0	1.245	6.3	0.281491	0.000689588
0	1.245	6.5	0.257118	0.000671973
0	1.245	6.7	0.230585	0.000647667
0	1.245	6.9	0.211643	0.000624986
0	1.245	7.1	0.190961	0.000601496
0	1.245	7.3	0.170849	0.000577327
0	1.245	7.5	0.159796	0.000563923
0	1.245	7.7	0.142932	0.000537532
0	1.245	7.9	0.13488	0.000523459
0	1.245	8.1	0.119879	0.000497395
0	1.245	8.3	0.114292	0.000488473
0	1.245	8.5	0.104544	0.000470575
0	1.245	8.7	0.095511	0.000450692
0	1.245	8.9	0.0870258	0.0004329
0	1.245	9.1	0.0835416	0.000422715
0	1.245	9.3	0.0744534	0.000403675
0	1.245	9.5	0.0695424	0.000392165
0	1.245	9.7	0.0652809	0.000378228
0	1.245	9.9	0.0607258	0.00036535
0	1.245	10.1	0.0547723	0.000348144
0	1.245	10.3	0.0523744	0.000341287
0	1.245	10.5	0.0462752	0.000323485
0	1.245	10.7	0.044672	0.00031595
0	1.245	10.9	0.0407912	0.000302534
0	1.245	11.1	0.0364365	0.000288384
0	1.245	11.3	0.034868	0.000282183
0	1.245	11.5	0.0343345	0.000279329
0	1.245	11.7	0.0291074	0.000257768
0	1.245	11.9	0.0279456	0.000253661
0	1.245	12.1	0.0257281	0.000243564
0	1.245	12.3	0.0231607	0.000231245
0	1.245	12.5	0.0194848	0.000211347
0	1.245	12.7	0.0181676	0.000204606
0	1.245	12.9	0.0161598	0.000192461
0	1.245	13.1	0.0133398	0.000176142
0	1.245	13.3	0.0126182	0.000171952
0	1.245	13.5	0.0101274	0.000152596
0	1.245	13.7	0.00955458	0.000149454
0	1.245	13.9	0.00790948	0.000135149
0	1.245	14.1	0.00692072	0.000127022
0	1.245	14.3	0.00560463	0.000114803
0	1.245	14.5	0.00496052	0.000107748
0	1.245	14.7	0.00402653	9.72039e-05
0	1.245	14.9	0.00328337	8.77015e-05
0	1.245	15.1	0.00292391	8.29789e-05
0	1.245	15.3	0.0019753	6.82087e-05
0	1.245	15.5	0.00163286	6.20662e-05
0	1.245	15.7	0.00148717	5.91591e-05
0	1.245	15.9	0.00112141	5.14251e-05
0	1.255	0.1	0.862226	0.00052849
0	1.255	0.3	0.865615	0.000523543
0	1.255	0.5	0.865939	0.000524053
0	1.255	0.7	0.869561	0.000516969
0	1.255	0.9	0.863281	0.000522485
0	1.255	1.1	0.86318	0.000526655
0	1.255	1.3	0.856484	0.000538111
0	1.255	1.5	0.85954	0.000532492
0	1.255	1.7	0.852849	0.000541375
0	1.255	1.9	0.852058	0.000545398
0	1.255	2.1	0.842587	0.000561142
0	1.255	2.3	0.843433	0.000555619
0	1.255	2.5	0.833539	0.000569656
0	1.255	2.7	0.825929	0.000583442
0	1.255	2.9	0.814712	0.000592899
0	1.255	3.1	0.803696	0.000610936
0	1.255	3.3	0.779614	0.000634754
0	1.255	3.5	0.751762	0.000662116
0	1.255	3.7	0.71916	0.000688648
0	1.255	3.9	0.68574	0.000713884
0	1.255	4.1	0.652356	0.000732402
0	1.255	4.3	0.618298	0.000743768
0	1.255	4.5	0.579348	0.000750795
0	1.255	4.7	0.538566	0.000765141
0	1.255	4.9	0.502388	0.000764265
0	1.255	5.1	0.466663	0.00076835
0	1.255	5.3	0.436287	0.000763713
0	1.255	5.5	0.396074	0.00074961
0	1.255	5.7	0.377079	0.000743273
0	1.255	5.9	0.345123	0.00072881
0	1.255	6.1	0.318723	0.000715104
0	1.255	6.3	0.296209	0.000699995
0	1.255	6.5	0.268612	0.000679156
0	1.255	6.7	0.245803	0.000661024
0	1.255	6.9	0.216796	0.000630906
0	1.255	7.1	0.203968	0.000620529
0	1.255	7.3	0.17961	0.000588942
0	1.255	7.5	0.169044	0.000573509
0	1.255	7.7	0.157008	0.000557728
0	1.255	7.9	0.138828	0.000532461
0	1.255	8.1	0.127152	0.000513585
0	1.255	8.3	0.124231	0.000504908
0	1.255	8.5	0.113058	0.000485257
0	1.255	8.7	0.10411	0.000467917
0	1.255	8.9	0.096954	0.000453714
0	1.255	9.1	0.0906017	0.000439667
0	1.255	9.3	0.0806547	0.000418767
0	1.255	9.5	0.0769482	0.000409634
0	1.255	9.7	0.0695874	0.000390544
0	1.255	9.9	0.0658652	0.000380803
0	1.255	10.1	0.0615823	0.000367945
0	1.255	10.3	0.0566656	0.000355973
0	1.255	10.5	0.0536395	0.000346384
0	1.255	10.7	0.0501538	0.000334794
0	1.255	10.9	0.044987	0.000317867
0	1.255	11.1	0.0435008	0.00031263
0	1.255	11.3	0.0402359	0.000302172
0	1.255	11.5	0.0355387	0.000284175
0	1.255	11.7	0.0327968	0.000272786
0	1.255	11.9	0.0295178	0.000259107
0	1.255	12.1	0.0292217	0.000258577
0	1.255	12.3	0.0249562	0.000239885
0	1.255	12.5	0.0238594	0.000233534
0	1.255	12.7	0.0226179	0.000228826
0	1.255	12.9	0.019865	0.000213617
0	1.255	13.1	0.0166933	0.000196176
0	1.255	13.3	0.0157018	0.000191261
0	1.255	13.5	0.0131644	0.000174412
0	1.255	13.7	0.0110358	0.000160407
0	1.255	13.9	0.0100744	0.000153321
0	1.255	14.1	0.0100792	0.000154154
0	1.255	14.3	0.00742062	0.000132187
0	1.255	14.5	0.00595227	0.000118525
0	1.255	14.7	0.00528723	0.000111343
0	1.255	14.9	0.00437597	0.000101243
0	1.255	15.1	0.00352455	9.07521e-05
0	1.255	15.3	0.00349168	9.04506e-05
0	1.255	15.5	0.0019553	6.75593e-05
0	1.255	15.7	0.0016208	6.14748e-05
0	1.255	15.9	0.00134058	5.61129e-05
0	1.265	0.1	0.868455	0.000517224
0	1.265	0.3	0.869837	0.000516493
0	1.265	0.5	0.868042	0.000518999
0	1.265	0.7	0.869386	0.000517029
0	1.265	0.9	0.86609	0.000521994
0	1.265	1.1	0.864064	0.000525851
0	1.265	1.3	0.864488	0.000523359
0	1.265	1.5	0.862151	0.000528554
0	1.265	1.7	0.858148	0.000535351
0	1.265	1.9	0.855584	0.000540806
0	1.265	2.1	0.852204	0.000544293
0	1.265	2.3	0.84704	0.000553213
0	1.265	2.5	0.842226	0.000555406
0	1.265	2.7	0.832745	0.000571765
0	1.265	2.9	0.821414	0.000587931
0	1.265	3.1	0.811948	0.00059876
0	1.265	3.3	0.786539	0.000627122
0	1.265	3.5	0.763561	0.000651107
0	1.265	3.7	0.731207	0.000680633
0	1.265	3.9	0.697893	0.000705218
0	1.265	4.1	0.662703	0.000722091
0	1.265	4.3	0.627615	0.000741997
0	1.265	4.5	0.593554	0.000754413
0	1.265	4.7	0.558108	0.000764306
0	1.265	4.9	0.516435	0.00076503
0	1.265	5.1	0.478801	0.00076479
0	1.265	5.3	0.447305	0.000766161
0	1.265	5.5	0.412201	0.000756965
0	1.265	5.7	0.388233	0.000746705
0	1.265	5.9	0.365155	0.00073851
0	1.265	6.1	0.333304	0.00072565
0	1.265	6.3	0.304238	0.000704088
0	1.265	6.5	0.279322	0.000686696
0	1.265	6.7	0.251317	0.000667706
0	1.265	6.9	0.233176	0.000650946
0	1.265	7.1	0.207757	0.000623937
0	1.265	7.3	0.196805	0.000609879
0	1.265	7.5	0.178759	0.000588741
0	1.265	7.7	0.164138	0.000565644
0	1.265	7.9	0.152088	0.000551224
0	1.265	8.1	0.137971	0.000529624
0	1.265	8.3	0.129589	0.000514776
0	1.265	8.5	0.118406	0.000497033
0	1.265	8.7	0.108524	0.000476937
0	1.265	8.9	0.100432	0.000459448
0	1.265	9.1	0.0944005	0.000450316
0	1.265	9.3	0.0876592	0.000435734
0	1.265	9.5	0.0841225	0.000424927
0	1.265	9.7	0.0762998	0.00040625
0	1.265	9.9	0.0728601	0.000399121
0	1.265	10.1	0.0674452	0.000384537
0	1.265	10.3	0.0629855	0.000373576
0	1.265	10.5	0.0581801	0.000358905
0	1.265	10.7	0.0556089	0.00035075
0	1.265	10.9	0.051063	0.000338156
0	1.265	11.1	0.0494242	0.000334288
0	1.265	11.3	0.0441805	0.000314128
0	1.265	11.5	0.042354	0.000309568
0	1.265	11.7	0.0402528	0.000301544
0	1.265	11.9	0.0356552	0.000283339
0	1.265	12.1	0.0340076	0.000277871
0	1.265	12.3	0.0295239	0.000259997
0	1.265	12.5	0.0294833	0.000258963
0	1.265	12.7	0.0247408	0.000237369
0	1.265	12.9	0.0218741	0.000223562
0	1.265	13.1	0.0200019	0.000214708
0	1.265	13.3	0.0179926	0.000203456
0	1.265	13.5	0.0165901	0.000197047
0	1.265	13.7	0.0146414	0.000184017
0	1.265	13.9	0.0145274	0.000183687
0	1.265	14.1	0.0116803	0.000164712
0	1.265	14.3	0.00946325	0.000148713
0	1.265	14.5	0.00843744	0.000140322
0	1.265	14.7	0.00659989	0.000124026
0	1.265	14.9	0.00572588	0.000115966
0	1.265	15.1	0.00535297	0.000111221
0	1.265	15.3	0.00410195	9.77702e-05
0	1.265	15.5	0.00293254	8.35276e-05
0	1.265	15.7	0.00277451	8.05887e-05
0	1.265	15.9	0.00182126	6.55314e-05
0	1.275	0.1	0.872226	0.000510704
0	1.275	0.3	0.8728	0.000511175
0	1.275	0.5	0.874635	0.000508186
0	1.275	0.7	0.870053	0.000514556
0	1.275	0.9	0.86941	0.000521506
0	1.275	1.1	0.870715	0.000513574
0	1.275	1.3	0.866078	0.000521233
0	1.275	1.5	0.865681	0.000521631
0	1.275	1.7	0.862326	0.000530123
0	1.275	1.9	0.863556	0.000525754
0	1.275	2.1	0.860695	0.000531777
0	1.275	2.3	0.847876	0.000551459
0	1.275	2.5	0.844801	0.000554247
0	1.275	2.7	0.836719	0.000565851
0	1.275	2.9	0.827407	0.000582874
0	1.275	3.1	0.813108	0.000600448
0	1.275	3.3	0.79642	0.000618808
0	1.275	3.5	0.774626	0.000640148
0	1.275	3.7	0.737939	0.000668228
0	1.275	3.9	0.705677	0.00069871
0	1.275	4.1	0.674655	0.000720798
0	1.275	4.3	0.639586	0.000737139
0	1.275	4.5	0.611497	0.000747371
0	1.275	4.7	0.56542	0.000759657
0	1.275	4.9	0.528506	0.000766949
0	1.275	5.1	0.495643	0.000765468
0	1.275	5.3	0.463788	0.0007623
0	1.275	5.5	0.427788	0.000757345
0	1.275	5.7	0.401436	0.000752107
0	1.275	5.9	0.370215	0.000742068
0	1.275	6.1	0.34512	0.000731278
0	1.275	6.3	0.318841	0.000715766
0	1.275	6.5	0.290736	0.00069394
0	1.275	6.7	0.26486	0.000675467
0	1.275	6.9	0.239777	0.000653205
0	1.275	7.1	0.222178	0.000635974
0	1.275	7.3	0.201717	0.00061224
0	1.275	7.5	0.182735	0.000591311
0	1.275	7.7	0.168333	0.000572594
0	1.275	7.9	0.157782	0.000555919
0	1.275	8.1	0.146713	0.000541744
0	1.275	8.3	0.13636	0.000528147
0	1.275	8.5	0.132941	0.000522895
0	1.275	8.7	0.119234	0.000495202
0	1.275	8.9	0.112568	0.000485701
0	1.275	9.1	0.103385	0.000468118
0	1.275	9.3	0.0987523	0.000457686
0	1.275	9.5	0.0909544	0.000439928
0	1.275	9.7	0.0860106	0.000430416
0	1.275	9.9	0.0800683	0.000416638
0	1.275	10.1	0.0741273	0.000401525
0	1.275	10.3	0.0699045	0.000392085
0	1.275	10.5	0.0646314	0.000375906
0	1.275	10.7	0.06033	0.000365511
0	1.275	10.9	0.0594811	0.000361436
0	1.275	11.1	0.0553115	0.000349246
0	1.275	11.3	0.0515598	0.000339572
0	1.275	11.5	0.0473669	0.000325727
0	1.275	11.7	0.0444136	0.000315505
0	1.275	11.9	0.0406376	0.00030174
0	1.275	12.1	0.0375897	0.000291753
0	1.275	12.3	0.0365937	0.000286793
0	1.275	12.5	0.0307767	0.000263782
0	1.275	12.7	0.0288938	0.000257427
0	1.275	12.9	0.0254742	0.000241816
0	1.275	13.1	0.0229748	0.000229681
0	1.275	13.3	0.022501	0.000226498
0	1.275	13.5	0.0203413	0.000216313
0	1.275	13.7	0.0183689	0.000205896
0	1.275	13.9	0.0147687	0.000185085
0	1.275	14.1	0.0122747	0.000168428
0	1.275	14.3	0.0113419	0.000162487
0	1.275	14.5	0.0104303	0.00015685
0	1.275	14.7	0.00849311	0.000141087
0	1.275	14.9	0.0068061	0.000126108
0	1.275	15.1	0.00594232	0.000118092
0	1.275	15.3	0.00447767	0.00010228
0	1.275	15.5	0.00362979	9.18811e-05
0	1.275	15.7	0.00333195	8.81494e-05
0	1.275	15.9	0.00254944	7.75138e-05
0	1.285	0.1	0.874406	0.000509329
0	1.285	0.3	0.87598	0.000506853
0	1.285	0.5	0.874503	0.000508622
0	1.285	0.7	0.874458	0.00050953
0	1.285	0.9	0.872897	0.000511264
0	1.285	1.1	0.871191	0.000512829
0	1.285	1.3	0.868907	0.000520247
0	1.285	1.5	0.871953	0.000512832
0	1.285	1.7	0.863533	0.000526509
0	1.285	1.9	0.861745	0.000528248
0	1.285	2.1	0.860746	0.000531414
0	1.285	2.3	0.857416	0.000534697
0	1.285	2.5	0.84995	0.000548771
0	1.285	2.7	0.844611	0.000553743
0	1.285	2.9	0.835093	0.000566864
0	1.285	3.1	0.821438	0.000587397
0	1.285	3.3	0.805289	0.000606959
0	1.285	3.5	0.779609	0.00063825
0	1.285	3.7	0.754015	0.00066061
0	1.285	3.9	0.717424	0.000689587
0	1.285	4.1	0.686213	0.00071484
0	1.285	4.3	0.654455	0.000729043
0	1.285	4.5	0.619532	0.000741652
0	1.285	4.7	0.581668	0.000755631
0	1.285	4.9	0.541922	0.000759135
0	1.285	5.1	0.50382	0.000768496
0	1.285	5.3	0.471484	0.000768017
0	1.285	5.5	0.441282	0.000760806
0	1.285	5.7	0.408451	0.000754414
0	1.285	5.9	0.38472	0.0007468
0	1.285	6.1	0.354668	0.000732856
0	1.285	6.3	0.330142	0.000726853
0	1.285	6.5	0.300746	0.000700234
0	1.285	6.7	0.274738	0.00068587
0	1.285	6.9	0.247571	0.000660324
0	1.285	7.1	0.225065	0.000638347
0	1.285	7.3	0.208584	0.000623441
0	1.285	7.5	0.194516	0.000607576
0	1.285	7.7	0.17952	0.000589325
0	1.285	7.9	0.165297	0.00057267
0	1.285	8.1	0.155246	0.000554139
0	1.285	8.3	0.148786	0.000541569
0	1.285	8.5	0.135093	0.000526015
0	1.285	8.7	0.12612	0.000508465
0	1.285	8.9	0.119242	0.000498652
0	1.285	9.1	0.107652	0.000476072
0	1.285	9.3	0.103922	0.000467804
0	1.285	9.5	0.0962759	0.000452624
0	1.285	9.7	0.0911933	0.000441543
0	1.285	9.9	0.0857532	0.000429783
0	1.285	10.1	0.0812242	0.000419556
0	1.285	10.3	0.0754581	0.000407197
0	1.285	10.5	0.0741128	0.000400733
0	1.285	10.7	0.0704345	0.000392713
0	1.285	10.9	0.06283	0.000373358
0	1.285	11.1	0.0596104	0.000364864
0	1.285	11.3	0.0565326	0.000352474
0	1.285	11.5	0.0527812	0.000343433
0	1.285	11.7	0.0485167	0.000329171
0	1.285	11.9	0.0466862	0.00032407
0	1.285	12.1	0.04414	0.000315951
0	1.285	12.3	0.039944	0.000300724
0	1.285	12.5	0.0361462	0.000285971
0	1.285	12.7	0.0330857	0.000273702
0	1.285	12.9	0.0312779	0.000266448
0	1.285	13.1	0.0278334	0.000251795
0	1.285	13.3	0.0254914	0.000241463
0	1.285	13.5	0.0228671	0.000229653
0	1.285	13.7	0.0189264	0.000209592
0	1.285	13.9	0.0166325	0.000195509
0	1.285	14.1	0.0165649	0.000195478
0	1.285	14.3	0.0137083	0.000177646
0	1.285	14.5	0.0125142	0.000170271
0	1.285	14.7	0.0105373	0.0001566
0	1.285	14.9	0.00883482	0.000144211
0	1.285	15.1	0.00736447	0.000130628
0	1.285	15.3	0.00592253	0.00011763
0	1.285	15.5	0.00525939	0.00011113
0	1.285	15.7	0.00407587	9.77652e-05
0	1.285	15.9	0.00331161	8.77044e-05
0	1.295	0.1	0.881784	0.00049519
0	1.295	0.3	0.877252	0.000501958
0	1.295	0.5	0.874747	0.000506322
0	1.295	0.7	0.876626	0.000503733
0	1.295	0.9	0.878337	0.000499423
0	1.295	1.1	0.875565	0.00050575
0	1.295	1.3	0.877938	0.000500408
0	1.295	1.5	0.873523	0.000509677
0	1.295	1.7	0.871244	0.000511374
0	1.295	1.9	0.869406	0.000516553
0	1.295	2.1	0.866824	0.000522869
0	1.295	2.3	0.858693	0.000534762
0	1.295	2.5	0.854593	0.000544111
0	1.295	2.7	0.847291	0.000548969
0	1.295	2.9	0.843318	0.000555743
0	1.295	3.1	0.826574	0.000581671
0	1.295	3.3	0.812701	0.000597686
0	1.295	3.5	0.792886	0.00062005
0	1.295	3.7	0.756732	0.000658942
0	1.295	3.9	0.731618	0.000679329
0	1.295	4.1	0.695949	0.000708586
0	1.295	4.3	0.662964	0.000723426
0	1.295	4.5	0.626527	0.000738795
0	1.295	4.7	0.590001	0.000753779
0	1.295	4.9	0.552538	0.000762441
0	1.295	5.1	0.5182	0.000766955
0	1.295	5.3	0.478539	0.000768118
0	1.295	5.5	0.451599	0.000761995
0	1.295	5.7	0.416231	0.000754187
0	1.295	5.9	0.391627	0.000747623
0	1.295	6.1	0.365857	0.000736229
0	1.295	6.3	0.339006	0.000727909
0	1.295	6.5	0.304306	0.000706754
0	1.295	6.7	0.279465	0.000686988
0	1.295	6.9	0.258736	0.000669466
0	1.295	7.1	0.236709	0.000649732
0	1.295	7.3	0.21582	0.000632042
0	1.295	7.5	0.202791	0.000618539
0	1.295	7.7	0.1852	0.000596829
0	1.295	7.9	0.172251	0.000578285
0	1.295	8.1	0.162707	0.000562985
0	1.295	8.3	0.150795	0.000548792
0	1.295	8.5	0.142223	0.000535325
0	1.295	8.7	0.134814	0.000522806
0	1.295	8.9	0.123068	0.000504144
0	1.295	9.1	0.116188	0.00049343
0	1.295	9.3	0.110962	0.00048067
0	1.295	9.5	0.103966	0.000468196
0	1.295	9.7	0.100754	0.000461029
0	1.295	9.9	0.0901199	0.000440525
0	1.295	10.1	0.087019	0.000431142
0	1.295	10.3	0.0822784	0.000421834
0	1.295	10.5	0.0766044	0.000406546
0	1.295	10.7	0.070836	0.000395548
0	1.295	10.9	0.0682233	0.000387115
0	1.295	11.1	0.0662213	0.000382283
0	1.295	11.3	0.0614282	0.000369288
0	1.295	11.5	0.0574025	0.000357123
0	1.295	11.7	0.0546091	0.000348712
0	1.295	11.9	0.0522382	0.000341936
0	1.295	12.1	0.0493804	0.000331929
0	1.295	12.3	0.045479	0.00031896
0	1.295	12.5	0.0426161	0.000310232
0	1.295	12.7	0.0393359	0.00029916
0	1.295	12.9	0.0360309	0.000285549
0	1.295	13.1	0.0325156	0.00027264
0	1.295	13.3	0.029482	0.00026007
0	1.295	13.5	0.0270185	0.000248565
0	1.295	13.7	0.0241525	0.00023564
0	1.295	13.9	0.021563	0.000222396
0	1.295	14.1	0.0183552	0.000205271
0	1.295	14.3	0.0181344	0.000204938
0	1.295	14.5	0.0143145	0.000182157
0	1.295	14.7	0.0122371	0.000169358
0	1.295	14.9	0.0111418	0.000160136
0	1.295	15.1	0.0084248	0.000139821
0	1.295	15.3	0.00763578	0.000133551
0	1.295	15.5	0.00772209	0.000134661
0	1.295	15.7	0.00585165	0.000117611
0	1.295	15.9	0.00484841	0.00010567
0	1.305	0.1	0.881292	0.000497273
0	1.305	0.3	0.879625	0.00050084
0	1.305	0.5	0.884102	0.000490123
0	1.305	0.7	0.88147	0.000495261
0	1.305	0.9	0.878535	0.000501991
0	1.305	1.1	0.88009	0.000499128
0	1.305	1.3	0.879921	0.000499657
0	1.305	1.5	0.874225	0.000509553
0	1.305	1.7	0.874155	0.000510992
0	1.305	1.9	0.873381	0.000510079
0	1.305	2.1	0.865473	0.000525887
0	1.305	2.3	0.866235	0.000523535
0	1.305	2.5	0.861953	0.00052731
0	1.305	2.7	0.854321	0.000539542
0	1.305	2.9	0.843015	0.000556949
0	1.305	3.1	0.837151	0.000567714
0	1.305	3.3	0.820582	0.000589898
0	1.305	3.5	0.797601	0.000618583
0	1.305	3.7	0.76835	0.000647195
0	1.305	3.9	0.738611	0.000675231
0	1.305	4.1	0.703004	0.000700668
0	1.305	4.3	0.674465	0.000720105
0	1.305	4.5	0.638533	0.000736568
0	1.305	4.7	0.603247	0.000750567
0	1.305	4.9	0.563047	0.000761383
0	1.305	5.1	0.526967	0.00076611
0	1.305	5.3	0.497693	0.000768728
0	1.305	5.5	0.463458	0.000766974
0	1.305	5.7	0.431181	0.00075987
0	1.305	5.9	0.408507	0.000755884
0	1.305	6.1	0.373135	0.000742948
0	1.305	6.3	0.342429	0.00072895
0	1.305	6.5	0.320233	0.00071388
0	1.305	6.7	0.28405	0.000691165
0	1.305	6.9	0.265671	0.000676965
0	1.305	7.1	0.240224	0.000654634
0	1.305	7.3	0.223488	0.000641198
0	1.305	7.5	0.209867	0.00062221
0	1.305	7.7	0.195471	0.000605025
0	1.305	7.9	0.183599	0.000595064
0	1.305	8.1	0.165418	0.000569589
0	1.305	8.3	0.153626	0.000552434
0	1.305	8.5	0.148216	0.000545324
0	1.305	8.7	0.139246	0.000532237
0	1.305	8.9	0.128552	0.000512932
0	1.305	9.1	0.123506	0.000503974
0	1.305	9.3	0.118953	0.000498614
0	1.305	9.5	0.109458	0.000478732
0	1.305	9.7	0.104035	0.000467988
0	1.305	9.9	0.0968933	0.000453368
0	1.305	10.1	0.0942486	0.000445842
0	1.305	10.3	0.0853869	0.000429528
0	1.305	10.5	0.0829614	0.000421963
0	1.305	10.7	0.0770311	0.000409222
0	1.305	10.9	0.0723673	0.000398811
0	1.305	11.1	0.0666411	0.000382835
0	1.305	11.3	0.0654948	0.000380477
0	1.305	11.5	0.0643212	0.0003765
0	1.305	11.7	0.059501	0.000362415
0	1.305	11.9	0.0536211	0.000345561
0	1.305	12.1	0.0502526	0.000333162
0	1.305	12.3	0.0484532	0.000328426
0	1.305	12.5	0.0436929	0.000313017
0	1.305	12.7	0.0432546	0.000311921
0	1.305	12.9	0.0379159	0.000291591
0	1.305	13.1	0.0354849	0.000282873
0	1.305	13.3	0.0344702	0.000280021
0	1.305	13.5	0.0304125	0.000262416
0	1.305	13.7	0.0271756	0.000249947
0	1.305	13.9	0.0242537	0.000235971
0	1.305	14.1	0.0233843	0.000231521
0	1.305	14.3	0.0197947	0.000214008
0	1.305	14.5	0.0164822	0.000194925
0	1.305	14.7	0.0151729	0.000188364
0	1.305	14.9	0.0125946	0.000171006
0	1.305	15.1	0.0108057	0.00015808
0	1.305	15.3	0.0101729	0.00015404
0	1.305	15.5	0.00849529	0.000140576
0	1.305	15.7	0.0073876	0.000132152
0	1.305	15.9	0.00498216	0.000108191
0	1.315	0.1	0.885574	0.000489196
0	1.315	0.3	0.883412	0.000490868
0	1.315	0.5	0.886146	0.000489826
0	1.315	0.7	0.883082	0.000493046
0	1.315	0.9	0.881349	0.000495414
0	1.315	1.1	0.881514	0.000495992
0	1.315	1.3	0.881733	0.000493721
0	1.315	1.5	0.880148	0.000496656
0	1.315	1.7	0.878993	0.000497411
0	1.315	1.9	0.878503	0.000500305
0	1.315	2.1	0.873694	0.000506866
0	1.315	2.3	0.869395	0.000517035
0	1.315	2.5	0.866003	0.0005253
0	1.315	2.7	0.861551	0.000530624
0	1.315	2.9	0.852684	0.000544449
0	1.315	3.1	0.842764	0.000558811
0	1.315	3.3	0.825964	0.000583674
0	1.315	3.5	0.804868	0.000605864
0	1.315	3.7	0.775605	0.000640706
0	1.315	3.9	0.74201	0.000673743
0	1.315	4.1	0.709205	0.00069911
0	1.315	4.3	0.684252	0.000714416
0	1.315	4.5	0.646342	0.000730641
0	1.315	4.7	0.610769	0.000744886
0	1.315	4.9	0.57536	0.000760035
0	1.315	5.1	0.541474	0.000763067
0	1.315	5.3	0.500849	0.000769062
0	1.315	5.5	0.474637	0.000768143
0	1.315	5.7	0.440825	0.000760469
0	1.315	5.9	0.418137	0.000757285
0	1.315	6.1	0.384707	0.000744311
0	1.315	6.3	0.351347	0.000732922
0	1.315	6.5	0.322751	0.000718659
0	1.315	6.7	0.29769	0.000699845
0	1.315	6.9	0.268578	0.000679067
0	1.315	7.1	0.250526	0.00066597
0	1.315	7.3	0.233957	0.000650621
0	1.315	7.5	0.211158	0.000628009
0	1.315	7.7	0.201413	0.000617564
0	1.315	7.9	0.184988	0.000594406
0	1.315	8.1	0.171483	0.000582034
0	1.315	8.3	0.161079	0.000564662
0	1.315	8.5	0.153699	0.000551415
0	1.315	8.7	0.144504	0.000540656
0	1.315	8.9	0.135004	0.00052336
0	1.315	9.1	0.13164	0.000517241
0	1.315	9.3	0.118499	0.00049444
0	1.315	9.5	0.111562	0.000480756
0	1.315	9.7	0.105186	0.00046931
0	1.315	9.9	0.101579	0.000464493
0	1.315	10.1	0.0965322	0.000451977
0	1.315	10.3	0.0928366	0.000443578
0	1.315	10.5	0.0867981	0.000431185
0	1.315	10.7	0.0812063	0.000419791
0	1.315	10.9	0.0782817	0.000412935
0	1.315	11.1	0.0743009	0.000402434
0	1.315	11.3	0.0710871	0.000394423
0	1.315	11.5	0.0658691	0.000379315
0	1.315	11.7	0.0611857	0.000368282
0	1.315	11.9	0.058196	0.000359043
0	1.315	12.1	0.0570003	0.000355266
0	1.315	12.3	0.0537683	0.000346597
0	1.315	12.5	0.0491174	0.000331613
0	1.315	12.7	0.0458821	0.000321727
0	1.315	12.9	0.0432105	0.000312043
0	1.315	13.1	0.0380455	0.00029349
0	1.315	13.3	0.0366516	0.000287339
0	1.315	13.5	0.0330549	0.000272691
0	1.315	13.7	0.0312267	0.000266149
0	1.315	13.9	0.0284506	0.000254799
0	1.315	14.1	0.0248901	0.000238502
0	1.315	14.3	0.022851	0.000230362
0	1.315	14.5	0.0198516	0.000214796
0	1.315	14.7	0.0165122	0.000196524
0	1.315	14.9	0.0160289	0.000192617
0	1.315	15.1	0.0135563	0.000177022
0	1.315	15.3	0.0123233	0.000168625
0	1.315	15.5	0.00965113	0.000150919
0	1.315	15.7	0.00829991	0.000138978
0	1.315	15.9	0.00700185	0.000127965
0	1.325	0.1	0.886273	0.000486212
0	1.325	0.3	0.886089	0.000487109
0	1.325	0.5	0.887413	0.000483989
0	1.325	0.7	0.885986	0.000486809
0	1.325	0.9	0.887962	0.000483811
0	1.325	1.1	0.886095	0.000488013
0	1.325	1.3	0.884633	0.000487807
0	1.325	1.5	0.88099	0.000497214
0	1.325	1.7	0.884151	0.000491598
0	1.325	1.9	0.880065	0.000497492
0	1.325	2.1	0.877093	0.000504141
0	1.325	2.3	0.873546	0.000507836
0	1.325	2.5	0.869939	0.000518474
0	1.325	2.7	0.860895	0.000529848
0	1.325	2.9	0.85237	0.000545344
0	1.325	3.1	0.849434	0.000546062
0	1.325	3.3	0.832764	0.000571001
0	1.325	3.5	0.812223	0.00059777
0	1.325	3.7	0.783878	0.000631398
0	1.325	3.9	0.757363	0.000658061
0	1.325	4.1	0.723849	0.000688557
0	1.325	4.3	0.688712	0.000711966
0	1.325	4.5	0.655708	0.000726541
0	1.325	4.7	0.620079	0.000744336
0	1.325	4.9	0.584253	0.000754861
0	1.325	5.1	0.545907	0.000766192
0	1.325	5.3	0.513997	0.00076259
0	1.325	5.5	0.483491	0.000767228
0	1.325	5.7	0.452793	0.000761906
0	1.325	5.9	0.423425	0.000760233
0	1.325	6.1	0.395918	0.000750762
0	1.325	6.3	0.359425	0.000737904
0	1.325	6.5	0.33057	0.000721045
0	1.325	6.7	0.302826	0.000705911
0	1.325	6.9	0.275246	0.000684272
0	1.325	7.1	0.254131	0.000668817
0	1.325	7.3	0.236666	0.000652989
0	1.325	7.5	0.217793	0.000635124
0	1.325	7.7	0.204425	0.000619521
0	1.325	7.9	0.192134	0.00060329
0	1.325	8.1	0.177772	0.000585817
0	1.325	8.3	0.167881	0.000574761
0	1.325	8.5	0.156849	0.000561421
0	1.325	8.7	0.151158	0.000548979
0	1.325	8.9	0.139473	0.000532606
0	1.325	9.1	0.130454	0.000516649
0	1.325	9.3	0.123235	0.000504617
0	1.325	9.5	0.117988	0.000494548
0	1.325	9.7	0.110556	0.000481957
0	1.325	9.9	0.107751	0.00047716
0	1.325	10.1	0.100464	0.000458376
0	1.325	10.3	0.0971762	0.000453031
0	1.325	10.5	0.0937246	0.000445649
0	1.325	10.7	0.0867914	0.0004311
0	1.325	10.9	0.0839916	0.000426301
0	1.325	11.1	0.0788421	0.000414764
0	1.325	11.3	0.0752132	0.000404485
0	1.325	11.5	0.0723972	0.00039512
0	1.325	11.7	0.0675292	0.000384838
0	1.325	11.9	0.0642663	0.000376472
0	1.325	12.1	0.0592078	0.000361606
0	1.325	12.3	0.0572626	0.000356792
0	1.325	12.5	0.0545321	0.000347561
0	1.325	12.7	0.0518979	0.000338707
0	1.325	12.9	0.0463211	0.0003215
0	1.325	13.1	0.0449418	0.000317996
0	1.325	13.3	0.0411297	0.000304843
0	1.325	13.5	0.0391692	0.000296405
0	1.325	13.7	0.0342729	0.000278703
0	1.325	13.9	0.031213	0.00026733
0	1.325	14.1	0.0293704	0.000260356
0	1.325	14.3	0.0250782	0.000239998
0	1.325	14.5	0.0232905	0.000231138
0	1.325	14.7	0.0209129	0.000220002
0	1.325	14.9	0.0172147	0.000200235
0	1.325	15.1	0.0161851	0.00019408
0	1.325	15.3	0.0131669	0.000174757
0	1.325	15.5	0.0123641	0.000169149
0	1.325	15.7	0.0102065	0.00015451
0	1.325	15.9	0.00933945	0.000147663
0	1.335	0.1	0.889532	0.000480273
0	1.335	0.3	0.89059	0.000481175
0	1.335	0.5	0.891371	0.000477743
0	1.335	0.7	0.888673	0.000481143
0	1.335	0.9	0.886277	0.000487509
0	1.335	1.1	0.889653	0.000479794
0	1.335	1.3	0.888953	0.000482807
0	1.335	1.5	0.883997	0.000490855
0	1.335	1.7	0.8827	0.000494773
0	1.335	1.9	0.880631	0.000497658
0	1.335	2.1	0.882975	0.000495215
0	1.335	2.3	0.876244	0.000504371
0	1.335	2.5	0.876521	0.000504533
0	1.335	2.7	0.868464	0.000516237
0	1.335	2.9	0.859259	0.00053487
0	1.335	3.1	0.853037	0.00054262
0	1.335	3.3	0.837357	0.000565064
0	1.335	3.5	0.817315	0.000592627
0	1.335	3.7	0.793683	0.00062014
0	1.335	3.9	0.762518	0.000654345
0	1.335	4.1	0.73034	0.000680978
0	1.335	4.3	0.699197	0.000703466
0	1.335	4.5	0.660399	0.00072954
0	1.335	4.7	0.628855	0.000741532
0	1.335	4.9	0.592952	0.000752918
0	1.335	5.1	0.559732	0.000762978
0	1.335	5.3	0.518716	0.000769978
0	1.335	5.5	0.48501	0.000770833
0	1.335	5.7	0.459601	0.000762786
0	1.335	5.9	0.428072	0.000759224
0	1.335	6.1	0.402553	0.00075161
0	1.335	6.3	0.36963	0.000737352
0	1.335	6.5	0.336916	0.000726021
0	1.335	6.7	0.304052	0.000706953
0	1.335	6.9	0.280192	0.000689783
0	1.335	7.1	0.255678	0.000668302
0	1.335	7.3	0.239547	0.000650844
0	1.335	7.5	0.228524	0.000645185
0	1.335	7.7	0.205586	0.000620724
0	1.335	7.9	0.195998	0.000606797
0	1.335	8.1	0.183937	0.00059523
0	1.335	8.3	0.175557	0.00057994
0	1.335	8.5	0.158558	0.000562341
0	1.335	8.7	0.149541	0.000548149
0	1.335	8.9	0.143088	0.000539765
0	1.335	9.1	0.13635	0.000526402
0	1.335	9.3	0.125348	0.000509245
0	1.335	9.5	0.119891	0.000497801
0	1.335	9.7	0.112873	0.000484379
0	1.335	9.9	0.109664	0.000478727
0	1.335	10.1	0.104541	0.000468988
0	1.335	10.3	0.100198	0.000461143
0	1.335	10.5	0.0960328	0.000452106
0	1.335	10.7	0.0897528	0.00043694
0	1.335	10.9	0.0874932	0.000433478
0	1.335	11.1	0.0807598	0.000419511
0	1.335	11.3	0.0775273	0.000408894
0	1.335	11.5	0.0734148	0.000401364
0	1.335	11.7	0.0693693	0.000390804
0	1.335	11.9	0.0655447	0.000378272
0	1.335	12.1	0.0626614	0.000372671
0	1.335	12.3	0.0618853	0.00037026
0	1.335	12.5	0.0572319	0.000356997
0	1.335	12.7	0.0523438	0.000341983
0	1.335	12.9	0.0509326	0.000338522
0	1.335	13.1	0.0466867	0.000326844
0	1.335	13.3	0.0439787	0.000314529
0	1.335	13.5	0.0403117	0.000301685
0	1.335	13.7	0.0363817	0.000285884
0	1.335	13.9	0.0350729	0.000282387
0	1.335	14.1	0.030139	0.000263068
0	1.335	14.3	0.028591	0.000255722
0	1.335	14.5	0.025541	0.000241661
0	1.335	14.7	0.0220993	0.000224463
0	1.335	14.9	0.0199601	0.00021468
0	1.335	15.1	0.0205531	0.000217242
0	1.335	15.3	0.0168088	0.000196695
0	1.335	15.5	0.0144614	0.000183425
0	1.335	15.7	0.0126209	0.000171377
0	1.335	15.9	0.0116741	0.000164625
0	1.345	0.1	0.89468	0.000472788
0	1.345	0.3	0.891301	0.000477148
0	1.345	0.5	0.895154	0.000470084
0	1.345	0.7	0.895531	0.000469405
0	1.345	0.9	0.893039	0.000476433
0	1.345	1.1	0.892844	0.00047475
0	1.345	1.3	0.892136	0.000475035
0	1.345	1.5	0.8921	0.000475791
0	1.345	1.7	0.887423	0.000483469
0	1.345	1.9	0.889754	0.000481183
0	1.345	2.1	0.884222	0.000489884
0	1.345	2.3	0.88386	0.000493724
0	1.345	2.5	0.876094	0.000505415
0	1.345	2.7	0.872442	0.000511901
0	1.345	2.9	0.866721	0.000519434
0	1.345	3.1	0.858309	0.000537314
0	1.345	3.3	0.84477	0.000558195
0	1.345	3.5	0.822011	0.000587889
0	1.345	3.7	0.799769	0.000616337
0	1.345	3.9	0.768078	0.000645643
0	1.345	4.1	0.737535	0.000676418
0	1.345	4.3	0.710375	0.000693571
0	1.345	4.5	0.673154	0.000720145
0	1.345	4.7	0.638198	0.000734491
0	1.345	4.9	0.599715	0.000749677
0	1.345	5.1	0.565682	0.000761633
0	1.345	5.3	0.527141	0.000762614
0	1.345	5.5	0.492057	0.000766399
0	1.345	5.7	0.466122	0.000766538
0	1.345	5.9	0.436516	0.000760537
0	1.345	6.1	0.401945	0.000752585
0	1.345	6.3	0.375922	0.00074412
0	1.345	6.5	0.34644	0.000725677
0	1.345	6.7	0.316329	0.000710611
0	1.345	6.9	0.279818	0.000683797
0	1.345	7.1	0.265504	0.000679068
0	1.345	7.3	0.244414	0.000655694
0	1.345	7.5	0.226292	0.000641572
0	1.345	7.7	0.210966	0.000625031
0	1.345	7.9	0.196934	0.000608589
0	1.345	8.1	0.186338	0.000595183
0	1.345	8.3	0.175868	0.000582164
0	1.345	8.5	0.16286	0.000566024
0	1.345	8.7	0.15463	0.000555604
0	1.345	8.9	0.148801	0.000545796
0	1.345	9.1	0.136392	0.000526223
0	1.345	9.3	0.129633	0.000513128
0	1.345	9.5	0.124994	0.000506856
0	1.345	9.7	0.116547	0.000492224
0	1.345	9.9	0.11144	0.000483514
0	1.345	10.1	0.104545	0.000467739
0	1.345	10.3	0.0995575	0.000458752
0	1.345	10.5	0.0954582	0.00045191
0	1.345	10.7	0.0938101	0.000448051
0	1.345	10.9	0.0877896	0.000434321
0	1.345	11.1	0.0851107	0.000427961
0	1.345	11.3	0.0807381	0.000418666
0	1.345	11.5	0.0763178	0.000409438
0	1.345	11.7	0.0710685	0.000391243
0	1.345	11.9	0.0677512	0.000385253
0	1.345	12.1	0.0663181	0.000383151
0	1.345	12.3	0.0623846	0.000370152
0	1.345	12.5	0.0608504	0.000364931
0	1.345	12.7	0.0569803	0.000354212
0	1.345	12.9	0.054539	0.000347328
0	1.345	13.1	0.0515293	0.000341531
0	1.345	13.3	0.0482172	0.000328504
0	1.345	13.5	0.042754	0.000310809
0	1.345	13.7	0.0393145	0.000297145
0	1.345	13.9	0.0388892	0.000296716
0	1.345	14.1	0.0336221	0.000276909
0	1.345	14.3	0.031191	0.000266149
0	1.345	14.5	0.0268149	0.00024919
0	1.345	14.7	0.0249456	0.00024
0	1.345	14.9	0.0227213	0.000228927
0	1.345	15.1	0.019617	0.000213421
0	1.345	15.3	0.0190907	0.000210475
0	1.345	15.5	0.0166339	0.000196536
0	1.345	15.7	0.0153476	0.00018951
0	1.345	15.9	0.0149876	0.00018611
0	1.355	0.1	0.892848	0.000470757
0	1.355	0.3	0.898411	0.000466156
0	1.355	0.5	0.897876	0.000465342
0	1.355	0.7	0.896104	0.000469327
0	1.355	0.9	0.896325	0.000468479
0	1.355	1.1	0.894629	0.000470202
0	1.355	1.3	0.894147	0.000472314
0	1.355	1.5	0.890032	0.000481061
0	1.355	1.7	0.893381	0.000472607
0	1.355	1.9	0.891493	0.000478241
0	1.355	2.1	0.887696	0.000483122
0	1.355	2.3	0.885644	0.000486801
0	1.355	2.5	0.878257	0.000501373
0	1.355	2.7	0.877254	0.000502473
0	1.355	2.9	0.867935	0.000517743
0	1.355	3.1	0.862667	0.000528613
0	1.355	3.3	0.849168	0.000550956
0	1.355	3.5	0.829921	0.000575714
0	1.355	3.7	0.807823	0.000603387
0	1.355	3.9	0.776405	0.00063745
0	1.355	4.1	0.744898	0.000665703
0	1.355	4.3	0.714232	0.00069128
0	1.355	4.5	0.682726	0.00071658
0	1.355	4.7	0.649149	0.000732054
0	1.355	4.9	0.608118	0.000748498
0	1.355	5.1	0.564736	0.000760525
0	1.355	5.3	0.534046	0.000763509
0	1.355	5.5	0.498724	0.000768252
0	1.355	5.7	0.471925	0.000763628
0	1.355	5.9	0.44641	0.000762793
0	1.355	6.1	0.408488	0.000758533
0	1.355	6.3	0.382716	0.000746548
0	1.355	6.5	0.346551	0.00072825
0	1.355	6.7	0.313483	0.000711378
0	1.355	6.9	0.286154	0.000694226
0	1.355	7.1	0.264995	0.000676235
0	1.355	7.3	0.246453	0.000661627
0	1.355	7.5	0.227916	0.000642604
0	1.355	7.7	0.211088	0.000624803
0	1.355	7.9	0.202331	0.000618958
0	1.355	8.1	0.187564	0.000600205
0	1.355	8.3	0.172925	0.000579068
0	1.355	8.5	0.166437	0.000574365
0	1.355	8.7	0.155426	0.000555046
0	1.355	8.9	0.148468	0.0005465
0	1.355	9.1	0.141242	0.000532406
0	1.355	9.3	0.13523	0.000522749
0	1.355	9.5	0.131368	0.000516388
0	1.355	9.7	0.120571	0.000502672
0	1.355	9.9	0.11327	0.000485848
0	1.355	10.1	0.111847	0.000482055
0	1.355	10.3	0.10568	0.000470629
0	1.355	10.5	0.099327	0.000458019
0	1.355	10.7	0.0934849	0.000446174
0	1.355	10.9	0.0910956	0.000443393
0	1.355	11.1	0.0852048	0.000429912
0	1.355	11.3	0.0848816	0.000425928
0	1.355	11.5	0.0804615	0.000416546
0	1.355	11.7	0.0762525	0.000406077
0	1.355	11.9	0.0715367	0.000393882
0	1.355	12.1	0.0701975	0.000391703
0	1.355	12.3	0.0657537	0.000379145
0	1.355	12.5	0.062398	0.000371437
0	1.355	12.7	0.0594006	0.00036233
0	1.355	12.9	0.0563808	0.0003551
0	1.355	13.1	0.052788	0.000344023
0	1.355	13.3	0.0494363	0.000330634
0	1.355	13.5	0.0469714	0.000324886
0	1.355	13.7	0.0434081	0.000311836
0	1.355	13.9	0.0393157	0.000299054
0	1.355	14.1	0.0380125	0.00029334
0	1.355	14.3	0.0335297	0.000276998
0	1.355	14.5	0.031347	0.000267751
0	1.355	14.7	0.0290495	0.000257857
0	1.355	14.9	0.0253192	0.000242173
0	1.355	15.1	0.0227995	0.000230328
0	1.355	15.3	0.0195823	0.000212535
0	1.355	15.5	0.0197483	0.000213689
0	1.355	15.7	0.0183052	0.000206061
0	1.355	15.9	0.0176127	0.000201871
0	1.365	0.1	0.899661	0.00046119
0	1.365	0.3	0.899992	0.000460195
0	1.365	0.5	0.897448	0.000465644
0	1.365	0.7	0.89742	0.000466359
0	1.365	0.9	0.899351	0.000462676
0	1.365	1.1	0.897581	0.000466143
0	1.365	1.3	0.897495	0.000462804
0	1.365	1.5	0.896754	0.000468561
0	1.365	1.7	0.891785	0.000474959
0	1.365	1.9	0.892544	0.000477024
0	1.365	2.1	0.88782	0.000482568
0	1.365	2.3	0.884476	0.000489081
0	1.365	2.5	0.886554	0.000485972
0	1.365	2.7	0.880599	0.000499232
0	1.365	2.9	0.87315	0.000509579
0	1.365	3.1	0.863947	0.000526242
0	1.365	3.3	0.850415	0.000546915
0	1.365	3.5	0.834279	0.000571003
0	1.365	3.7	0.814204	0.000595716
0	1.365	3.9	0.783731	0.000631663
0	1.365	4.1	0.753619	0.000661393
0	1.365	4.3	0.721065	0.000687858
0	1.365	4.5	0.688073	0.000710284
0	1.365	4.7	0.652344	0.000726528
0	1.365	4.9	0.620291	0.000749733
0	1.365	5.1	0.576551	0.000761948
0	1.365	5.3	0.542142	0.000766377
0	1.365	5.5	0.506218	0.000765703
0	1.365	5.7	0.474343	0.000764758
0	1.365	5.9	0.44646	0.000763082
0	1.365	6.1	0.414204	0.000755068
0	1.365	6.3	0.380619	0.000743903
0	1.365	6.5	0.34375	0.000728623
0	1.365	6.7	0.3155	0.000714506
0	1.365	6.9	0.287865	0.000695364
0	1.365	7.1	0.270463	0.000680926
0	1.365	7.3	0.252171	0.000668334
0	1.365	7.5	0.228984	0.000645754
0	1.365	7.7	0.216712	0.000632165
0	1.365	7.9	0.20598	0.000621469
0	1.365	8.1	0.191825	0.000603089
0	1.365	8.3	0.178257	0.000589142
0	1.365	8.5	0.165906	0.000570869
0	1.365	8.7	0.161786	0.000565118
0	1.365	8.9	0.152894	0.000553152
0	1.365	9.1	0.145426	0.000541565
0	1.365	9.3	0.135307	0.000522017
0	1.365	9.5	0.127108	0.000510801
0	1.365	9.7	0.124344	0.00050598
0	1.365	9.9	0.119982	0.000499761
0	1.365	10.1	0.114057	0.000487321
0	1.365	10.3	0.10358	0.000467073
0	1.365	10.5	0.101116	0.000462434
0	1.365	10.7	0.0982165	0.000455245
0	1.365	10.9	0.094669	0.000448898
0	1.365	11.1	0.0926826	0.000446438
0	1.365	11.3	0.0851373	0.000428871
0	1.365	11.5	0.0784002	0.000411194
0	1.365	11.7	0.0782271	0.000412044
0	1.365	11.9	0.0757441	0.000406411
0	1.365	12.1	0.0708947	0.00039464
0	1.365	12.3	0.0670525	0.000384712
0	1.365	12.5	0.0661776	0.000381795
0	1.365	12.7	0.0622725	0.000370093
0	1.365	12.9	0.0613383	0.00036734
0	1.365	13.1	0.0549306	0.000351784
0	1.365	13.3	0.051867	0.000340104
0	1.365	13.5	0.050097	0.000333169
0	1.365	13.7	0.0449633	0.000317588
0	1.365	13.9	0.0427645	0.000310114
0	1.365	14.1	0.0387081	0.000295623
0	1.365	14.3	0.0357776	0.000284984
0	1.365	14.5	0.0367895	0.000287968
0	1.365	14.7	0.0315685	0.000267574
0	1.365	14.9	0.0297099	0.000260591
0	1.365	15.1	0.0264582	0.000246798
0	1.365	15.3	0.0244304	0.000236832
0	1.365	15.5	0.0213252	0.00022131
0	1.365	15.7	0.0205491	0.000216399
0	1.365	15.9	0.0198029	0.000213841
0	1.375	0.1	0.898302	0.00046381
0	1.375	0.3	0.899579	0.000464253
0	1.375	0.5	0.898804	0.000463518
0	1.375	0.7	0.902854	0.000450981
0	1.375	0.9	0.899204	0.00046079
0	1.375	1.1	0.901904	0.000455051
0	1.375	1.3	0.898622	0.000462256
0	1.375	1.5	0.901461	0.000455876
0	1.375	1.7	0.898922	0.000460111
0	1.375	1.9	0.894529	0.000470155
0	1.375	2.1	0.889137	0.000484956
0	1.375	2.3	0.890461	0.000478246
0	1.375	2.5	0.884974	0.000490657
0	1.375	2.7	0.884242	0.000491212
0	1.375	2.9	0.875292	0.000506649
0	1.375	3.1	0.867206	0.000520374
0	1.375	3.3	0.857275	0.000538363
0	1.375	3.5	0.835591	0.000572117
0	1.375	3.7	0.81677	0.00059444
0	1.375	3.9	0.787705	0.000627838
0	1.375	4.1	0.759815	0.00065415
0	1.375	4.3	0.730073	0.000682418
0	1.375	4.5	0.693397	0.000708595
0	1.375	4.7	0.657143	0.000727478
0	1.375	4.9	0.618824	0.000748815
0	1.375	5.1	0.581722	0.000761284
0	1.375	5.3	0.542623	0.00076441
0	1.375	5.5	0.511752	0.000763864
0	1.375	5.7	0.480347	0.000765426
0	1.375	5.9	0.450077	0.000763665
0	1.375	6.1	0.419996	0.000757739
0	1.375	6.3	0.382832	0.000745829
0	1.375	6.5	0.350819	0.00073073
0	1.375	6.7	0.321161	0.000715633
0	1.375	6.9	0.291925	0.000700939
0	1.375	7.1	0.26973	0.00067836
0	1.375	7.3	0.247278	0.000661904
0	1.375	7.5	0.23289	0.000646439
0	1.375	7.7	0.220307	0.000636643
0	1.375	7.9	0.205973	0.000620901
0	1.375	8.1	0.193589	0.000602971
0	1.375	8.3	0.180551	0.000591386
0	1.375	8.5	0.174178	0.000579686
0	1.375	8.7	0.160316	0.000563284
0	1.375	8.9	0.152889	0.000552493
0	1.375	9.1	0.142543	0.000536058
0	1.375	9.3	0.134163	0.000522443
0	1.375	9.5	0.129037	0.000514726
0	1.375	9.7	0.12364	0.000506354
0	1.375	9.9	0.120097	0.000498302
0	1.375	10.1	0.114421	0.000486264
0	1.375	10.3	0.108668	0.000478434
0	1.375	10.5	0.103886	0.000468772
0	1.375	10.7	0.100021	0.000461464
0	1.375	10.9	0.0928973	0.000445205
0	1.375	11.1	0.0900117	0.000441135
0	1.375	11.3	0.0851253	0.000429936
0	1.375	11.5	0.079399	0.00041513
0	1.375	11.7	0.0806246	0.000416849
0	1.375	11.9	0.0762748	0.000407444
0	1.375	12.1	0.0734151	0.000401178
0	1.375	12.3	0.069214	0.000388777
0	1.375	12.5	0.0645559	0.000378173
0	1.375	12.7	0.0634473	0.000373388
0	1.375	12.9	0.0597884	0.000363608
0	1.375	13.1	0.0555415	0.000351741
0	1.375	13.3	0.0536036	0.000345429
0	1.375	13.5	0.050914	0.000336434
0	1.375	13.7	0.0491195	0.000331286
0	1.375	13.9	0.0456653	0.000318192
0	1.375	14.1	0.0423732	0.000309162
0	1.375	14.3	0.0387637	0.00029527
0	1.375	14.5	0.0365041	0.000287048
0	1.375	14.7	0.0341773	0.000278063
0	1.375	14.9	0.0309182	0.000264795
0	1.375	15.1	0.0287155	0.000255299
0	1.375	15.3	0.027284	0.000248426
0	1.375	15.5	0.0245914	0.000235976
0	1.375	15.7	0.0232268	0.000231508
0	1.375	15.9	0.0237357	0.000233463
0	1.385	0.1	0.903575	0.000454567
0	1.385	0.3	0.901996	0.000457096
0	1.385	0.5	0.902897	0.000452543
0	1.385	0.7	0.898618	0.000461886
0	1.385	0.9	0.900189	0.000458774
0	1.385	1.1	0.904611	0.000450845
0	1.385	1.3	0.900137	0.000457133
0	1.385	1.5	0.902516	0.000454927
0	1.385	1.7	0.898724	0.000462112
0	1.385	1.9	0.90121	0.000456493
0	1.385	2.1	0.897986	0.000464271
0	1.385	2.3	0.890157	0.000480725
0	1.385	2.5	0.889705	0.000478084
0	1.385	2.7	0.887413	0.000485464
0	1.385	2.9	0.875909	0.000506596
0	1.385	3.1	0.873121	0.000511998
0	1.385	3.3	0.858706	0.000534455
0	1.385	3.5	0.840514	0.000561789
0	1.385	3.7	0.823478	0.00058343
0	1.385	3.9	0.793622	0.000620671
0	1.385	4.1	0.760009	0.000654816
0	1.385	4.3	0.734584	0.000677097
0	1.385	4.5	0.701643	0.000701242
0	1.385	4.7	0.659414	0.000726044
0	1.385	4.9	0.622998	0.000742223
0	1.385	5.1	0.584726	0.000755905
0	1.385	5.3	0.5493	0.000762652
0	1.385	5.5	0.520132	0.000765602
0	1.385	5.7	0.490397	0.000770589
0	1.385	5.9	0.449057	0.000761806
0	1.385	6.1	0.420933	0.000755699
0	1.385	6.3	0.389083	0.000747125
0	1.385	6.5	0.35212	0.000732816
0	1.385	6.7	0.323355	0.000720324
0	1.385	6.9	0.290727	0.000693583
0	1.385	7.1	0.268865	0.000678832
0	1.385	7.3	0.250887	0.00066595
0	1.385	7.5	0.230405	0.000645221
0	1.385	7.7	0.22098	0.000638459
0	1.385	7.9	0.207726	0.000624914
0	1.385	8.1	0.188642	0.000600259
0	1.385	8.3	0.180928	0.000585366
0	1.385	8.5	0.167458	0.000571958
0	1.385	8.7	0.164609	0.000568165
0	1.385	8.9	0.152964	0.000553115
0	1.385	9.1	0.146702	0.000541809
0	1.385	9.3	0.136987	0.000526714
0	1.385	9.5	0.129196	0.000514527
0	1.385	9.7	0.124354	0.000507007
0	1.385	9.9	0.119767	0.000498388
0	1.385	10.1	0.110696	0.00048316
0	1.385	10.3	0.111592	0.000481996
0	1.385	10.5	0.103061	0.000464895
0	1.385	10.7	0.097264	0.000454376
0	1.385	10.9	0.093694	0.000444409
0	1.385	11.1	0.0884765	0.000437648
0	1.385	11.3	0.0856316	0.000429775
0	1.385	11.5	0.0806324	0.000416567
0	1.385	11.7	0.078841	0.000413883
0	1.385	11.9	0.0775465	0.00040964
0	1.385	12.1	0.0732031	0.000399602
0	1.385	12.3	0.0715826	0.000394434
0	1.385	12.5	0.0674767	0.000383995
0	1.385	12.7	0.0634038	0.000373742
0	1.385	12.9	0.0625565	0.000371521
0	1.385	13.1	0.0598046	0.000363832
0	1.385	13.3	0.0527922	0.000342236
0	1.385	13.5	0.0521104	0.000340003
0	1.385	13.7	0.051086	0.000336844
0	1.385	13.9	0.0470929	0.000326058
0	1.385	14.1	0.043329	0.000311955
0	1.385	14.3	0.0397409	0.000299803
0	1.385	14.5	0.0377671	0.000293139
0	1.385	14.7	0.0361996	0.00028733
0	1.385	14.9	0.0329156	0.000272929
0	1.385	15.1	0.0319027	0.000270129
0	1.385	15.3	0.0301776	0.000261144
0	1.385	15.5	0.0277721	0.000251101
0	1.385	15.7	0.0284255	0.000254936
0	1.385	15.9	0.0268442	0.000247989
0	1.395	0.1	0.903517	0.000454696
0	1.395	0.3	0.907609	0.000442196
0	1.395	0.5	0.904147	0.000451831
0	1.395	0.7	0.905489	0.00044742
0	1.395	0.9	0.902216	0.00045388
0	1.395	1.1	0.904418	0.000449685
0	1.395	1.3	0.903897	0.000451602
0	1.395	1.5	0.904211	0.000451009
0	1.395	1.7	0.902625	0.000453296
0	1.395	1.9	0.900815	0.000456388
0	1.395	2.1	0.898455	0.000463815
0	1.395	2.3	0.893081	0.000474062
0	1.395	2.5	0.892431	0.00047728
0	1.395	2.7	0.888959	0.00048194
0	1.395	2.9	0.882863	0.000492138
0	1.395	3.1	0.87868	0.000503005
0	1.395	3.3	0.861849	0.000527085
0	1.395	3.5	0.846531	0.000552079
0	1.395	3.7	0.82717	0.000580538
0	1.395	3.9	0.801073	0.000610346
0	1.395	4.1	0.768814	0.000646874
0	1.395	4.3	0.737137	0.000675919
0	1.395	4.5	0.700465	0.000703891
0	1.395	4.7	0.668644	0.00072555
0	1.395	4.9	0.626888	0.000739827
0	1.395	5.1	0.587419	0.000754238
0	1.395	5.3	0.553536	0.000763416
0	1.395	5.5	0.521166	0.000765511
0	1.395	5.7	0.486847	0.000767501
0	1.395	5.9	0.452197	0.000764662
0	1.395	6.1	0.426048	0.000756229
0	1.395	6.3	0.387782	0.000746849
0	1.395	6.5	0.351762	0.00073426
0	1.395	6.7	0.325752	0.000722219
0	1.395	6.9	0.295185	0.000701105
0	1.395	7.1	0.271341	0.000681383
0	1.395	7.3	0.245395	0.000659141
0	1.395	7.5	0.234193	0.00064701
0	1.395	7.7	0.221316	0.000638069
0	1.395	7.9	0.20475	0.000617869
0	1.395	8.1	0.194061	0.000605024
0	1.395	8.3	0.180547	0.00059296
0	1.395	8.5	0.16912	0.000574077
0	1.395	8.7	0.161972	0.000566781
0	1.395	8.9	0.151856	0.000551375
0	1.395	9.1	0.145666	0.000541091
0	1.395	9.3	0.136998	0.000528981
0	1.395	9.5	0.127808	0.00051098
0	1.395	9.7	0.122107	0.000499565
0	1.395	9.9	0.117425	0.000494977
0	1.395	10.1	0.114166	0.000485548
0	1.395	10.3	0.10736	0.000473859
0	1.395	10.5	0.104041	0.000468082
0	1.395	10.7	0.101269	0.000461283
0	1.395	10.9	0.0939138	0.000445077
0	1.395	11.1	0.0899311	0.000437413
0	1.395	11.3	0.0864229	0.00043044
0	1.395	11.5	0.0818836	0.000420775
0	1.395	11.7	0.0796356	0.000415734
0	1.395	11.9	0.0769712	0.000409739
0	1.395	12.1	0.072819	0.000400934
0	1.395	12.3	0.0713484	0.000396409
0	1.395	12.5	0.0682883	0.000386131
0	1.395	12.7	0.0663637	0.000381662
0	1.395	12.9	0.0624278	0.000370657
0	1.395	13.1	0.0594584	0.000363182
0	1.395	13.3	0.0559283	0.000352624
0	1.395	13.5	0.0515912	0.000338999
0	1.395	13.7	0.0493577	0.000332073
0	1.395	13.9	0.0484002	0.000331372
0	1.395	14.1	0.0448384	0.000317991
0	1.395	14.3	0.042744	0.000309324
0	1.395	14.5	0.0405582	0.000301379
0	1.395	14.7	0.0381422	0.000294833
0	1.395	14.9	0.0347098	0.000280213
0	1.395	15.1	0.0346771	0.000282047
0	1.395	15.3	0.0336463	0.000275983
0	1.395	15.5	0.0297954	0.000259607
0	1.395	15.7	0.0305624	0.000263841
0	1.395	15.9	0.0283226	0.000254184
0	1.405	0.1	0.908174	0.000443417
0	1.405	0.3	0.904987	0.00045095
0	1.405	0.5	0.906821	0.000445204
0	1.405	0.7	0.909152	0.00044028
0	1.405	0.9	0.907037	0.000445122
0	1.405	1.1	0.905096	0.000450415
0	1.405	1.3	0.904986	0.000449709
0	1.405	1.5	0.903109	0.000454942
0	1.405	1.7	0.904879	0.000450577
0	1.405	1.9	0.902416	0.000453418
0	1.405	2.1	0.900586	0.000461934
0	1.405	2.3	0.896442	0.000465596
0	1.405	2.5	0.895083	0.000468579
0	1.405	2.7	0.888329	0.000482332
0	1.405	2.9	0.880972	0.000498005
0	1.405	3.1	0.880344	0.00049682
0	1.405	3.3	0.867971	0.000518489
0	1.405	3.5	0.851626	0.000545961
0	1.405	3.7	0.829834	0.000576557
0	1.405	3.9	0.801428	0.000611673
0	1.405	4.1	0.772177	0.000643897
0	1.405	4.3	0.737706	0.000674556
0	1.405	4.5	0.706297	0.000701137
0	1.405	4.7	0.670016	0.000721604
0	1.405	4.9	0.631803	0.000737916
0	1.405	5.1	0.59059	0.000752196
0	1.405	5.3	0.557512	0.000762009
0	1.405	5.5	0.522233	0.000765011
0	1.405	5.7	0.486886	0.000768783
0	1.405	5.9	0.455363	0.00076248
0	1.405	6.1	0.423693	0.000758531
0	1.405	6.3	0.390174	0.000750956
0	1.405	6.5	0.351547	0.000732171
0	1.405	6.7	0.322526	0.000718931
0	1.405	6.9	0.293943	0.000698987
0	1.405	7.1	0.267817	0.000680489
0	1.405	7.3	0.250865	0.000664475
0	1.405	7.5	0.23369	0.000646833
0	1.405	7.7	0.21622	0.000629919
0	1.405	7.9	0.200766	0.000614825
0	1.405	8.1	0.18717	0.000598626
0	1.405	8.3	0.180566	0.00059127
0	1.405	8.5	0.168616	0.000574542
0	1.405	8.7	0.159954	0.000562222
0	1.405	8.9	0.148736	0.000547164
0	1.405	9.1	0.142217	0.000534562
0	1.405	9.3	0.134153	0.000520159
0	1.405	9.5	0.129335	0.000516685
0	1.405	9.7	0.121192	0.000500417
0	1.405	9.9	0.116321	0.000490585
0	1.405	10.1	0.110187	0.000479988
0	1.405	10.3	0.109641	0.000479436
0	1.405	10.5	0.104279	0.000467234
0	1.405	10.7	0.0985151	0.000457235
0	1.405	10.9	0.0918934	0.000441191
0	1.405	11.1	0.0887169	0.000435392
0	1.405	11.3	0.0836858	0.000425167
0	1.405	11.5	0.0803057	0.000417028
0	1.405	11.7	0.0791915	0.000413509
0	1.405	11.9	0.0780253	0.000412231
0	1.405	12.1	0.0727682	0.00039929
0	1.405	12.3	0.0710494	0.000394078
0	1.405	12.5	0.0696972	0.000391197
0	1.405	12.7	0.0664678	0.000383239
0	1.405	12.9	0.0632568	0.000374345
0	1.405	13.1	0.0579895	0.000359132
0	1.405	13.3	0.0550596	0.000351338
0	1.405	13.5	0.05442	0.000348533
0	1.405	13.7	0.0509346	0.000338582
0	1.405	13.9	0.0496719	0.000333086
0	1.405	14.1	0.047613	0.000325861
0	1.405	14.3	0.0425898	0.00031063
0	1.405	14.5	0.0411409	0.000303381
0	1.405	14.7	0.0391845	0.000298229
0	1.405	14.9	0.0378803	0.00029206
0	1.405	15.1	0.0360135	0.000286179
0	1.405	15.3	0.0352095	0.000281796
0	1.405	15.5	0.0331723	0.000275167
0	1.405	15.7	0.0328128	0.00027239
0	1.405	15.9	0.0313733	0.000267559
0	1.415	0.1	0.909292	0.000442213
0	1.415	0.3	0.91106	0.000436031
0	1.415	0.5	0.907212	0.000445297
0	1.415	0.7	0.911091	0.000436351
0	1.415	0.9	0.909104	0.000440456
0	1.415	1.1	0.909272	0.000440439
0	1.415	1.3	0.91005	0.000438402
0	1.415	1.5	0.905816	0.000449725
0	1.415	1.7	0.90521	0.000449895
0	1.415	1.9	0.904207	0.000453199
0	1.415	2.1	0.900027	0.00046085
0	1.415	2.3	0.89836	0.000462594
0	1.415	2.5	0.89361	0.000471537
0	1.415	2.7	0.888127	0.000483726
0	1.415	2.9	0.886389	0.00048708
0	1.415	3.1	0.880664	0.000495847
0	1.415	3.3	0.870185	0.000516783
0	1.415	3.5	0.852994	0.000542269
0	1.415	3.7	0.8335	0.000570731
0	1.415	3.9	0.80731	0.000603977
0	1.415	4.1	0.774091	0.000640405
0	1.415	4.3	0.741744	0.000671812
0	1.415	4.5	0.700978	0.00070233
0	1.415	4.7	0.670072	0.000722046
0	1.415	4.9	0.627482	0.000741531
0	1.415	5.1	0.586645	0.000757377
0	1.415	5.3	0.558526	0.000762998
0	1.415	5.5	0.519753	0.000765852
0	1.415	5.7	0.484665	0.000766857
0	1.415	5.9	0.457871	0.000768138
0	1.415	6.1	0.419425	0.00075756
0	1.415	6.3	0.385868	0.000746179
0	1.415	6.5	0.343847	0.000726997
0	1.415	6.7	0.315736	0.000713445
0	1.415	6.9	0.289634	0.000698575
0	1.415	7.1	0.267717	0.000680747
0	1.415	7.3	0.252765	0.000665275
0	1.415	7.5	0.229686	0.000644523
0	1.415	7.7	0.212933	0.000628112
0	1.415	7.9	0.202167	0.000618265
0	1.415	8.1	0.190278	0.000602047
0	1.415	8.3	0.178128	0.00058541
0	1.415	8.5	0.169544	0.000575267
0	1.415	8.7	0.157458	0.000558512
0	1.415	8.9	0.150449	0.000548623
0	1.415	9.1	0.139413	0.000529231
0	1.415	9.3	0.133375	0.000521444
0	1.415	9.5	0.128129	0.000516185
0	1.415	9.7	0.122869	0.000501596
0	1.415	9.9	0.112714	0.000485456
0	1.415	10.1	0.110859	0.000479496
0	1.415	10.3	0.108813	0.000478056
0	1.415	10.5	0.1018	0.00046579
0	1.415	10.7	0.0954516	0.000450804
0	1.415	10.9	0.0919314	0.000442833
0	1.415	11.1	0.0855252	0.000428977
0	1.415	11.3	0.0829007	0.000424746
0	1.415	11.5	0.0802009	0.000415758
0	1.415	11.7	0.0749915	0.000403026
0	1.415	11.9	0.0755352	0.000405266
0	1.415	12.1	0.0729293	0.000399809
0	1.415	12.3	0.0684314	0.000385991
0	1.415	12.5	0.0644227	0.000377025
0	1.415	12.7	0.0643462	0.000377243
0	1.415	12.9	0.0607134	0.000367351
0	1.415	13.1	0.0599597	0.000363545
0	1.415	13.3	0.0565099	0.00035368
0	1.415	13.5	0.0535635	0.0003444
0	1.415	13.7	0.0524034	0.000341509
0	1.415	13.9	0.0463747	0.000323534
0	1.415	14.1	0.0474046	0.000325843
0	1.415	14.3	0.0458746	0.000319908
0	1.415	14.5	0.0440972	0.000315441
0	1.415	14.7	0.0412112	0.00030438
0	1.415	14.9	0.0411117	0.000304112
0	1.415	15.1	0.0385201	0.000294878
0	1.415	15.3	0.0368165	0.000288469
0	1.415	15.5	0.0357243	0.000285282
0	1.415	15.7	0.0358839	0.000284917
0	1.415	15.9	0.0352322	0.000282415
0	1.425	0.1	0.911333	0.000438041
0	1.425	0.3	0.912555	0.000433828
0	1.425	0.5	0.914101	0.000426932
0	1.425	0.7	0.910763	0.000438256
0	1.425	0.9	0.912145	0.000434285
0	1.425	1.1	0.909244	0.000439346
0	1.425	1.3	0.908182	0.000442342
0	1.425	1.5	0.907435	0.000444765
0	1.425	1.7	0.910765	0.0004367
0	1.425	1.9	0.906006	0.000446887
0	1.425	2.1	0.904331	0.00045131
0	1.425	2.3	0.896766	0.000465992
0	1.425	2.5	0.896939	0.000466465
0	1.425	2.7	0.894264	0.000471954
0	1.425	2.9	0.887073	0.000484738
0	1.425	3.1	0.876413	0.000504546
0	1.425	3.3	0.870271	0.000513298
0	1.425	3.5	0.853999	0.000539858
0	1.425	3.7	0.836151	0.000568276
0	1.425	3.9	0.809557	0.000602162
0	1.425	4.1	0.782639	0.000636025
0	1.425	4.3	0.744643	0.000669007
0	1.425	4.5	0.7052	0.000700594
0	1.425	4.7	0.663023	0.000722794
0	1.425	4.9	0.623262	0.00074444
0	1.425	5.1	0.585202	0.000753833
0	1.425	5.3	0.544775	0.000765974
0	1.425	5.5	0.515514	0.000764297
0	1.425	5.7	0.480342	0.000771517
0	1.425	5.9	0.449201	0.000759189
0	1.425	6.1	0.416466	0.000757696
0	1.425	6.3	0.383496	0.000745702
0	1.425	6.5	0.346032	0.000730934
0	1.425	6.7	0.315614	0.00071525
0	1.425	6.9	0.287117	0.000693044
0	1.425	7.1	0.264171	0.000677176
0	1.425	7.3	0.244401	0.000660558
0	1.425	7.5	0.230954	0.000646842
0	1.425	7.7	0.211245	0.000625884
0	1.425	7.9	0.200042	0.000612031
0	1.425	8.1	0.191607	0.000601638
0	1.425	8.3	0.175618	0.000582259
0	1.425	8.5	0.160655	0.000562137
0	1.425	8.7	0.163103	0.000565022
0	1.425	8.9	0.147124	0.00054221
0	1.425	9.1	0.141245	0.000534256
0	1.425	9.3	0.128009	0.000510044
0	1.425	9.5	0.128501	0.000512456
0	1.425	9.7	0.121239	0.00050055
0	1.425	9.9	0.115615	0.000492894
0	1.425	10.1	0.110639	0.000479654
0	1.425	10.3	0.10326	0.000466785
0	1.425	10.5	0.100198	0.000463441
0	1.425	10.7	0.0942685	0.000447081
0	1.425	10.9	0.0887416	0.000436014
0	1.425	11.1	0.0862869	0.000429672
0	1.425	11.3	0.0781852	0.000412971
0	1.425	11.5	0.0798682	0.000415801
0	1.425	11.7	0.0760312	0.000406014
0	1.425	11.9	0.0702157	0.000392025
0	1.425	12.1	0.0738013	0.000400796
0	1.425	12.3	0.0686192	0.000387913
0	1.425	12.5	0.0640001	0.000376857
0	1.425	12.7	0.0612607	0.000366897
0	1.425	12.9	0.0618036	0.000370488
0	1.425	13.1	0.0584864	0.000360663
0	1.425	13.3	0.0552606	0.000349436
0	1.425	13.5	0.0535918	0.000345985
0	1.425	13.7	0.0509724	0.000337221
0	1.425	13.9	0.047827	0.000326911
0	1.425	14.1	0.0459202	0.000320611
0	1.425	14.3	0.0466044	0.000323769
0	1.425	14.5	0.0445936	0.000316746
0	1.425	14.7	0.0412549	0.0003052
0	1.425	14.9	0.0414504	0.000305544
0	1.425	15.1	0.039526	0.000299549
0	1.425	15.3	0.0388716	0.000296424
0	1.425	15.5	0.0383428	0.000293728
0	1.425	15.7	0.0373571	0.000291317
0	1.425	15.9	0.036301	0.00028916
0	1.435	0.1	0.915114	0.00042768
0	1.435	0.3	0.912922	0.000432245
0	1.435	0.5	0.914272	0.000429622
0	1.435	0.7	0.912698	0.000431517
0	1.435	0.9	0.91434	0.000430249
0	1.435	1.1	0.9145	0.000427937
0	1.435	1.3	0.913642	0.000430872
0	1.435	1.5	0.914176	0.000430694
0	1.435	1.7	0.909917	0.000439512
0	1.435	1.9	0.909338	0.000439273
0	1.435	2.1	0.909338	0.00044182
0	1.435	2.3	0.901138	0.000456379
0	1.435	2.5	0.898344	0.000462599
0	1.435	2.7	0.895423	0.000472022
0	1.435	2.9	0.887206	0.000488732
0	1.435	3.1	0.882771	0.00049359
0	1.435	3.3	0.873751	0.000509541
0	1.435	3.5	0.856933	0.000535988
0	1.435	3.7	0.837126	0.000565562
0	1.435	3.9	0.81116	0.00060064
0	1.435	4.1	0.776684	0.000638978
0	1.435	4.3	0.73755	0.000674626
0	1.435	4.5	0.692888	0.000707913
0	1.435	4.7	0.644988	0.000733256
0	1.435	4.9	0.608682	0.000743754
0	1.435	5.1	0.567841	0.000756714
0	1.435	5.3	0.529131	0.00076517
0	1.435	5.5	0.503587	0.000765152
0	1.435	5.7	0.469403	0.000767452
0	1.435	5.9	0.436468	0.000761068
0	1.435	6.1	0.404226	0.000751346
0	1.435	6.3	0.373973	0.000743402
0	1.435	6.5	0.339271	0.000726147
0	1.435	6.7	0.311113	0.000710742
0	1.435	6.9	0.28566	0.000693472
0	1.435	7.1	0.25823	0.000669889
0	1.435	7.3	0.242642	0.00066034
0	1.435	7.5	0.225716	0.000642236
0	1.435	7.7	0.206385	0.000621325
0	1.435	7.9	0.196349	0.000606417
0	1.435	8.1	0.183686	0.000592455
0	1.435	8.3	0.173376	0.000581019
0	1.435	8.5	0.161683	0.000567181
0	1.435	8.7	0.152838	0.000551504
0	1.435	8.9	0.144729	0.000539594
0	1.435	9.1	0.136739	0.000523937
0	1.435	9.3	0.127573	0.000509997
0	1.435	9.5	0.124867	0.000508828
0	1.435	9.7	0.119255	0.000497919
0	1.435	9.9	0.111223	0.000480627
0	1.435	10.1	0.105878	0.000471417
0	1.435	10.3	0.100476	0.00045997
0	1.435	10.5	0.0979805	0.00045527
0	1.435	10.7	0.0912523	0.000441257
0	1.435	10.9	0.0855849	0.000429961
0	1.435	11.1	0.0823631	0.000420703
0	1.435	11.3	0.0790399	0.000415354
0	1.435	11.5	0.0770703	0.000408748
0	1.435	11.7	0.0726522	0.000396674
0	1.435	11.9	0.071925	0.00039537
0	1.435	12.1	0.0674355	0.000386612
0	1.435	12.3	0.0696111	0.000389848
0	1.435	12.5	0.0633113	0.000373784
0	1.435	12.7	0.0619726	0.000370581
0	1.435	12.9	0.0600207	0.000365905
0	1.435	13.1	0.0567665	0.000353736
0	1.435	13.3	0.054729	0.000350698
0	1.435	13.5	0.0536184	0.000345673
0	1.435	13.7	0.0478862	0.00032837
0	1.435	13.9	0.047739	0.000327467
0	1.435	14.1	0.0450499	0.000319195
0	1.435	14.3	0.0428288	0.000310937
0	1.435	14.5	0.0437052	0.000313702
0	1.435	14.7	0.0416135	0.000305228
0	1.435	14.9	0.0409036	0.000305842
0	1.435	15.1	0.0396919	0.000299387
0	1.435	15.3	0.0390515	0.000297561
0	1.435	15.5	0.0370968	0.00029029
0	1.435	15.7	0.0379535	0.000293896
0	1.435	15.9	0.0377352	0.000291993
0	1.445	0.1	0.916922	0.000424396
0	1.445	0.3	0.914717	0.000429863
0	1.445	0.5	0.914734	0.000428973
0	1.445	0.7	0.918031	0.000420928
0	1.445	0.9	0.912774	0.000432457
0	1.445	1.1	0.916692	0.00042236
0	1.445	1.3	0.916027	0.000426379
0	1.445	1.5	0.912173	0.000431761
0	1.445	1.7	0.909744	0.000439976
0	1.445	1.9	0.907669	0.000445029
0	1.445	2.1	0.906208	0.000447862
0	1.445	2.3	0.906213	0.000446478
0	1.445	2.5	0.899959	0.000457848
0	1.445	2.7	0.897488	0.000465304
0	1.445	2.9	0.888291	0.000483897
0	1.445	3.1	0.883294	0.000490703
0	1.445	3.3	0.872789	0.000510363
0	1.445	3.5	0.858172	0.000536989
0	1.445	3.7	0.837548	0.000565491
0	1.445	3.9	0.807041	0.000605202
0	1.445	4.1	0.766868	0.000648399
0	1.445	4.3	0.719242	0.000689816
0	1.445	4.5	0.669291	0.000721308
0	1.445	4.7	0.621565	0.000742986
0	1.445	4.9	0.580413	0.000757529
0	1.445	5.1	0.543397	0.000765176
0	1.445	5.3	0.507717	0.000769166
0	1.445	5.5	0.477087	0.000766358
0	1.445	5.7	0.450322	0.000764341
0	1.445	5.9	0.429417	0.00075803
0	1.445	6.1	0.393671	0.000749205
0	1.445	6.3	0.358371	0.000736333
0	1.445	6.5	0.33351	0.000722693
0	1.445	6.7	0.304231	0.000704876
0	1.445	6.9	0.277323	0.000687208
0	1.445	7.1	0.258845	0.000673741
0	1.445	7.3	0.236236	0.00064939
0	1.445	7.5	0.219436	0.000631622
0	1.445	7.7	0.208425	0.00062258
0	1.445	7.9	0.190757	0.000600421
0	1.445	8.1	0.176564	0.000587102
0	1.445	8.3	0.169258	0.00057299
0	1.445	8.5	0.157051	0.000560398
0	1.445	8.7	0.15174	0.000550184
0	1.445	8.9	0.142805	0.000537146
0	1.445	9.1	0.135403	0.000524794
0	1.445	9.3	0.127386	0.000511395
0	1.445	9.5	0.119393	0.000496977
0	1.445	9.7	0.11469	0.000490553
0	1.445	9.9	0.108426	0.000475339
0	1.445	10.1	0.10249	0.000466442
0	1.445	10.3	0.0992745	0.000458581
0	1.445	10.5	0.0908335	0.00044105
0	1.445	10.7	0.0902176	0.000437958
0	1.445	10.9	0.0831046	0.00042406
0	1.445	11.1	0.0785427	0.000413691
0	1.445	11.3	0.0756545	0.000405514
0	1.445	11.5	0.0710249	0.000396091
0	1.445	11.7	0.0706117	0.00039321
0	1.445	11.9	0.0672352	0.000385173
0	1.445	12.1	0.0662928	0.000381661
0	1.445	12.3	0.0641084	0.000374728
0	1.445	12.5	0.0616132	0.000368075
0	1.445	12.7	0.0605758	0.000365648
0	1.445	12.9	0.0554134	0.000350189
0	1.445	13.1	0.0540469	0.000346347
0	1.445	13.3	0.051535	0.000338801
0	1.445	13.5	0.0485467	0.000330587
0	1.445	13.7	0.0481961	0.000329281
0	1.445	13.9	0.0485359	0.000328686
0	1.445	14.1	0.0447829	0.000316799
0	1.445	14.3	0.0432009	0.000313035
0	1.445	14.5	0.0454016	0.000318717
0	1.445	14.7	0.042017	0.000307993
0	1.445	14.9	0.040186	0.000300932
0	1.445	15.1	0.042418	0.000309809
0	1.445	15.3	0.0391294	0.000297219
0	1.445	15.5	0.0401355	0.000299913
0	1.445	15.7	0.0387179	0.000294767
0	1.445	15.9	0.0356284	0.000283986
0	1.455	0.1	0.917351	0.000421763
0	1.455	0.3	0.917376	0.000421738
0	1.455	0.5	0.919104	0.000418686
0	1.455	0.7	0.918355	0.000419144
0	1.455	0.9	0.917255	0.000421234
0	1.455	1.1	0.919202	0.000418877
0	1.455	1.3	0.91615	0.000422415
0	1.455	1.5	0.913998	0.000430268
0	1.455	1.7	0.917212	0.000421445
0	1.455	1.9	0.911385	0.000436754
0	1.455	2.1	0.91234	0.000434272
0	1.455	2.3	0.911511	0.000433352
0	1.455	2.5	0.902142	0.000454053
0	1.455	2.7	0.895468	0.00046806
0	1.455	2.9	0.894392	0.000471587
0	1.455	3.1	0.884515	0.00048995
0	1.455	3.3	0.871739	0.00051202
0	1.455	3.5	0.85792	0.000537552
0	1.455	3.7	0.831281	0.000572321
0	1.455	3.9	0.786932	0.00063013
0	1.455	4.1	0.73556	0.000672823
0	1.455	4.3	0.67758	0.000718102
0	1.455	4.5	0.625191	0.000739095
0	1.455	4.7	0.58394	0.00075646
0	1.455	4.9	0.545688	0.000760688
0	1.455	5.1	0.509617	0.000765763
0	1.455	5.3	0.48212	0.000768262
0	1.455	5.5	0.452329	0.000762527
0	1.455	5.7	0.432282	0.000759076
0	1.455	5.9	0.405352	0.000757541
0	1.455	6.1	0.378759	0.000744779
0	1.455	6.3	0.349522	0.000731845
0	1.455	6.5	0.32429	0.000716956
0	1.455	6.7	0.291493	0.00069712
0	1.455	6.9	0.272833	0.000680074
0	1.455	7.1	0.252152	0.000662812
0	1.455	7.3	0.23432	0.000649611
0	1.455	7.5	0.214254	0.000630907
0	1.455	7.7	0.201229	0.000614353
0	1.455	7.9	0.184652	0.000595284
0	1.455	8.1	0.176681	0.000584795
0	1.455	8.3	0.163381	0.000566965
0	1.455	8.5	0.152646	0.000548524
0	1.455	8.7	0.145433	0.000540326
0	1.455	8.9	0.138655	0.000527392
0	1.455	9.1	0.1303	0.000517653
0	1.455	9.3	0.121883	0.000500836
0	1.455	9.5	0.116682	0.000493379
0	1.455	9.7	0.109669	0.000480419
0	1.455	9.9	0.105064	0.000471404
0	1.455	10.1	0.098309	0.000457711
0	1.455	10.3	0.0943249	0.000447791
0	1.455	10.5	0.087835	0.000432331
0	1.455	10.7	0.0803081	0.000417837
0	1.455	10.9	0.0813525	0.000417471
0	1.455	11.1	0.0740637	0.00040082
0	1.455	11.3	0.0728024	0.000399782
0	1.455	11.5	0.070232	0.000391876
0	1.455	11.7	0.0696068	0.000387869
0	1.455	11.9	0.0649643	0.000378474
0	1.455	12.1	0.0636181	0.000374172
0	1.455	12.3	0.0604594	0.000365159
0	1.455	12.5	0.0587227	0.000360795
0	1.455	12.7	0.0582975	0.000359042
0	1.455	12.9	0.054238	0.000347574
0	1.455	13.1	0.0522352	0.000341493
0	1.455	13.3	0.0515628	0.000339203
0	1.455	13.5	0.0501184	0.000334949
0	1.455	13.7	0.0479594	0.000328414
0	1.455	13.9	0.0445471	0.000316984
0	1.455	14.1	0.0431959	0.000311102
0	1.455	14.3	0.0456523	0.000319825
0	1.455	14.5	0.0436265	0.000313521
0	1.455	14.7	0.0404568	0.000302669
0	1.455	14.9	0.0392826	0.000297663
0	1.455	15.1	0.0386629	0.000296601
0	1.455	15.3	0.0389437	0.00029581
0	1.455	15.5	0.0385299	0.000295783
0	1.455	15.7	0.0369797	0.000287577
0	1.455	15.9	0.0359416	0.000285919
0	1.465	0.1	0.920336	0.000415175
0	1.465	0.3	0.920309	0.000415194
0	1.465	0.5	0.920738	0.000415218
0	1.465	0.7	0.921977	0.000411953
0	1.465	0.9	0.92238	0.000408593
0	1.465	1.1	0.917346	0.0004227
0	1.465	1.3	0.919077	0.000416992
0	1.465	1.5	0.916883	0.000422516
0	1.465	1.7	0.914128	0.000428673
0	1.465	1.9	0.912537	0.000434026
0	1.465	2.1	0.910845	0.000435674
0	1.465	2.3	0.908858	0.00044273
0	1.465	2.5	0.90261	0.00045488
0	1.465	2.7	0.897416	0.00046474
0	1.465	2.9	0.892374	0.000476365
0	1.465	3.1	0.878511	0.000501526
0	1.465	3.3	0.870247	0.000515747
0	1.465	3.5	0.84196	0.000558398
0	1.465	3.7	0.797254	0.000618953
0	1.465	3.9	0.748565	0.000666586
0	1.465	4.1	0.691825	0.000707806
0	1.465	4.3	0.639799	0.000738258
0	1.465	4.5	0.595187	0.000756343
0	1.465	4.7	0.545518	0.000763034
0	1.465	4.9	0.508789	0.000769944
0	1.465	5.1	0.480939	0.0007694
0	1.465	5.3	0.457572	0.000768614
0	1.465	5.5	0.425711	0.000756761
0	1.465	5.7	0.407891	0.000752693
0	1.465	5.9	0.381009	0.000746809
0	1.465	6.1	0.357257	0.00073517
0	1.465	6.3	0.336777	0.000724675
0	1.465	6.5	0.310379	0.000706423
0	1.465	6.7	0.287845	0.000694597
0	1.465	6.9	0.259949	0.000671868
0	1.465	7.1	0.244508	0.000658012
0	1.465	7.3	0.23024	0.000645156
0	1.465	7.5	0.209828	0.000623069
0	1.465	7.7	0.192455	0.00060536
0	1.465	7.9	0.183479	0.000594188
0	1.465	8.1	0.174384	0.000581525
0	1.465	8.3	0.157928	0.000557078
0	1.465	8.5	0.148738	0.000548044
0	1.465	8.7	0.142451	0.000534717
0	1.465	8.9	0.133678	0.000521085
0	1.465	9.1	0.124943	0.000506836
0	1.465	9.3	0.120679	0.000500378
0	1.465	9.5	0.113975	0.000489383
0	1.465	9.7	0.107483	0.000473238
0	1.465	9.9	0.101253	0.000462061
0	1.465	10.1	0.0946358	0.000447838
0	1.465	10.3	0.0918658	0.000444474
0	1.465	10.5	0.0868333	0.000431661
0	1.465	10.7	0.0800538	0.000417742
0	1.465	10.9	0.0750531	0.000406234
0	1.465	11.1	0.0746067	0.000402307
0	1.465	11.3	0.0702414	0.000391749
0	1.465	11.5	0.0681334	0.000386663
0	1.465	11.7	0.065621	0.000381778
0	1.465	11.9	0.0639149	0.000376799
0	1.465	12.1	0.061511	0.000370019
0	1.465	12.3	0.0588241	0.000360906
0	1.465	12.5	0.0570588	0.000354794
0	1.465	12.7	0.0540298	0.000347297
0	1.465	12.9	0.0512997	0.000337066
0	1.465	13.1	0.0493641	0.000333163
0	1.465	13.3	0.0487503	0.000331012
0	1.465	13.5	0.0477281	0.000327353
0	1.465	13.7	0.0449365	0.000318143
0	1.465	13.9	0.0437337	0.000313547
0	1.465	14.1	0.0431764	0.00031176
0	1.465	14.3	0.0414179	0.000305301
0	1.465	14.5	0.0397873	0.000301012
0	1.465	14.7	0.0405906	0.000303031
0	1.465	14.9	0.0392324	0.00029883
0	1.465	15.1	0.0400285	0.000301339
0	1.465	15.3	0.0393171	0.000299091
0	1.465	15.5	0.0367156	0.000288523
0	1.465	15.7	0.0373986	0.000291865
0	1.465	15.9	0.0359814	0.000285639
0	1.475	0.1	0.922181	0.0004087
0	1.475	0.3	0.925535	0.000401347
0	1.475	0.5	0.922369	0.000411672
0	1.475	0.7	0.922132	0.000411433
0	1.475	0.9	0.924028	0.000407637
0	1.475	1.1	0.919682	0.000419271
0	1.475	1.3	0.91903	0.000417503
0	1.475	1.5	0.91952	0.000416259
0	1.475	1.7	0.915055	0.000426942
0	1.475	1.9	0.912481	0.000433222
0	1.475	2.1	0.911213	0.000436232
0	1.475	2.3	0.904917	0.000450363
0	1.475	2.5	0.904987	0.000450791
0	1.475	2.7	0.897231	0.000466167
0	1.475	2.9	0.887258	0.00048556
0	1.475	3.1	0.870571	0.000513165
0	1.475	3.3	0.840784	0.000561187
0	1.475	3.5	0.799252	0.000616086
0	1.475	3.7	0.755359	0.000660125
0	1.475	3.9	0.703841	0.000697298
0	1.475	4.1	0.648122	0.000732879
0	1.475	4.3	0.600004	0.000753963
0	1.475	4.5	0.560745	0.000760677
0	1.475	4.7	0.514089	0.000761454
0	1.475	4.9	0.484395	0.000770059
0	1.475	5.1	0.453135	0.000763248
0	1.475	5.3	0.427672	0.000758618
0	1.475	5.5	0.402734	0.000751699
0	1.475	5.7	0.38397	0.000745924
0	1.475	5.9	0.358443	0.000736269
0	1.475	6.1	0.334997	0.000722568
0	1.475	6.3	0.312861	0.000709673
0	1.475	6.5	0.296857	0.000703121
0	1.475	6.7	0.272437	0.000683456
0	1.475	6.9	0.253194	0.000667114
0	1.475	7.1	0.2373	0.000649555
0	1.475	7.3	0.218428	0.000628631
0	1.475	7.5	0.204304	0.000617294
0	1.475	7.7	0.190979	0.000605383
0	1.475	7.9	0.181463	0.000591807
0	1.475	8.1	0.168205	0.000571916
0	1.475	8.3	0.157542	0.000561311
0	1.475	8.5	0.14399	0.000537313
0	1.475	8.7	0.136064	0.00052794
0	1.475	8.9	0.128815	0.000513477
0	1.475	9.1	0.11974	0.000496416
0	1.475	9.3	0.115736	0.000490203
0	1.475	9.5	0.111496	0.000480629
0	1.475	9.7	0.103961	0.000469027
0	1.475	9.9	0.0981412	0.000457126
0	1.475	10.1	0.0922939	0.000443738
0	1.475	10.3	0.0884256	0.000434987
0	1.475	10.5	0.0809493	0.000416641
0	1.475	10.7	0.0771663	0.000408402
0	1.475	10.9	0.071974	0.000396384
0	1.475	11.1	0.0701409	0.00039211
0	1.475	11.3	0.0676331	0.000386893
0	1.475	11.5	0.0630601	0.000370706
0	1.475	11.7	0.0613239	0.000367573
0	1.475	11.9	0.060463	0.000366048
0	1.475	12.1	0.0560452	0.000351267
0	1.475	12.3	0.0566508	0.00035271
0	1.475	12.5	0.0545346	0.00034834
0	1.475	12.7	0.051218	0.000337058
0	1.475	12.9	0.0483372	0.000328748
0	1.475	13.1	0.0472662	0.000325537
0	1.475	13.3	0.0457396	0.000319625
0	1.475	13.5	0.0455571	0.000321782
0	1.475	13.7	0.0433078	0.000311098
0	1.475	13.9	0.0445059	0.00031664
0	1.475	14.1	0.0411048	0.000303637
0	1.475	14.3	0.0403146	0.000302662
0	1.475	14.5	0.0415064	0.000305897
0	1.475	14.7	0.0425114	0.000309298
0	1.475	14.9	0.0395132	0.000300797
0	1.475	15.1	0.0400425	0.000300733
0	1.475	15.3	0.0387042	0.000295119
0	1.475	15.5	0.0389687	0.000297185
0	1.475	15.7	0.0367706	0.000288863
0	1.475	15.9	0.0347849	0.000281685
0	1.485	0.1	0.922042	0.000411331
0	1.485	0.3	0.924295	0.000405545
0	1.485	0.5	0.925721	0.000401347
0	1.485	0.7	0.926058	0.000399137
0	1.485	0.9	0.922673	0.000410748
0	1.485	1.1	0.922336	0.000411666
0	1.485	1.3	0.922123	0.000410687
0	1.485	1.5	0.916746	0.000422212
0	1.485	1.7	0.918358	0.000418613
0	1.485	1.9	0.915311	0.000426888
0	1.485	2.1	0.911402	0.000436617
0	1.485	2.3	0.906671	0.000447375
0	1.485	2.5	0.901156	0.000458446
0	1.485	2.7	0.887224	0.000484997
0	1.485	2.9	0.870896	0.000513142
0	1.485	3.1	0.834467	0.000570803
0	1.485	3.3	0.796524	0.00061749
0	1.485	3.5	0.753355	0.000661509
0	1.485	3.7	0.709551	0.000695276
0	1.485	3.9	0.657617	0.000724508
0	1.485	4.1	0.61257	0.000748261
0	1.485	4.3	0.567841	0.000763337
0	1.485	4.5	0.52696	0.000763791
0	1.485	4.7	0.487422	0.000764565
0	1.485	4.9	0.452412	0.000764171
0	1.485	5.1	0.433375	0.00075842
0	1.485	5.3	0.404299	0.000751809
0	1.485	5.5	0.3898	0.000749253
0	1.485	5.7	0.361162	0.000734109
0	1.485	5.9	0.337617	0.000724111
0	1.485	6.1	0.316939	0.000713547
0	1.485	6.3	0.293725	0.00069729
0	1.485	6.5	0.273911	0.000682638
0	1.485	6.7	0.258571	0.000668824
0	1.485	6.9	0.241642	0.000656531
0	1.485	7.1	0.223721	0.000639087
0	1.485	7.3	0.21251	0.00062735
0	1.485	7.5	0.196491	0.000609407
0	1.485	7.7	0.180654	0.000593131
0	1.485	7.9	0.1697	0.000576278
0	1.485	8.1	0.16377	0.000567938
0	1.485	8.3	0.149892	0.000545569
0	1.485	8.5	0.140306	0.00053347
0	1.485	8.7	0.13	0.000516291
0	1.485	8.9	0.12255	0.00050389
0	1.485	9.1	0.115382	0.000490654
0	1.485	9.3	0.109008	0.000476312
0	1.485	9.5	0.100593	0.000460335
0	1.485	9.7	0.0974599	0.000454671
0	1.485	9.9	0.091573	0.000443317
0	1.485	10.1	0.0862932	0.000430216
0	1.485	10.3	0.0807826	0.000417049
0	1.485	10.5	0.0784592	0.000412081
0	1.485	10.7	0.0735452	0.000399289
0	1.485	10.9	0.0687206	0.000388259
0	1.485	11.1	0.0653209	0.000378716
0	1.485	11.3	0.0609025	0.000366591
0	1.485	11.5	0.0584837	0.000360407
0	1.485	11.7	0.0576934	0.000355793
0	1.485	11.9	0.0563513	0.000352842
0	1.485	12.1	0.0541167	0.000345926
0	1.485	12.3	0.0494093	0.000332205
0	1.485	12.5	0.0474905	0.00032458
0	1.485	12.7	0.047448	0.000327207
0	1.485	12.9	0.0452657	0.000318849
0	1.485	13.1	0.0438369	0.000314532
0	1.485	13.3	0.0435734	0.000312996
0	1.485	13.5	0.0418287	0.000307039
0	1.485	13.7	0.0399548	0.000300281
0	1.485	13.9	0.0403307	0.000301429
0	1.485	14.1	0.0360452	0.000287606
0	1.485	14.3	0.0384332	0.000295245
0	1.485	14.5	0.0375838	0.000290501
0	1.485	14.7	0.0361994	0.000286143
0	1.485	14.9	0.0359106	0.00028478
0	1.485	15.1	0.0365653	0.000288915
0	1.485	15.3	0.0373988	0.000291176
0	1.485	15.5	0.0358602	0.000285208
0	1.485	15.7	0.0333499	0.000276477
0	1.485	15.9	0.0347125	0.0002805
0	1.495	0.1	0.924201	0.000405046
0	1.495	0.3	0.924161	0.000407071
0	1.495	0.5	0.92663	0.00040082
0	1.495	0.7	0.924219	0.000406387
0	1.495	0.9	0.926053	0.000402933
0	1.495	1.1	0.925469	0.000402743
0	1.495	1.3	0.921684	0.000412984
0	1.495	1.5	0.921028	0.000414137
0	1.495	1.7	0.919215	0.000417804
0	1.495	1.9	0.914533	0.000430263
0	1.495	2.1	0.908982	0.000441901
0	1.495	2.3	0.903859	0.000452527
0	1.495	2.5	0.880015	0.000499724
0	1.495	2.7	0.858321	0.000534772
0	1.495	2.9	0.824743	0.000582192
0	1.495	3.1	0.781877	0.000636637
0	1.495	3.3	0.742251	0.000672822
0	1.495	3.5	0.706752	0.000697018
0	1.495	3.7	0.663226	0.000724305
0	1.495	3.9	0.62785	0.000742096
0	1.495	4.1	0.576235	0.000761452
0	1.495	4.3	0.539691	0.000764088
0	1.495	4.5	0.496056	0.000764066
0	1.495	4.7	0.458038	0.000764317
0	1.495	4.9	0.432482	0.000762844
0	1.495	5.1	0.406173	0.000754619
0	1.495	5.3	0.37989	0.000742277
0	1.495	5.5	0.358145	0.000735804
0	1.495	5.7	0.336568	0.000725899
0	1.495	5.9	0.31873	0.000715255
0	1.495	6.1	0.291793	0.000698332
0	1.495	6.3	0.274842	0.000687147
0	1.495	6.5	0.257793	0.000672437
0	1.495	6.7	0.238527	0.000654358
0	1.495	6.9	0.2256	0.000642953
0	1.495	7.1	0.214514	0.000628295
0	1.495	7.3	0.201827	0.000617396
0	1.495	7.5	0.187942	0.000601242
0	1.495	7.7	0.177528	0.000586477
0	1.495	7.9	0.165697	0.000569479
0	1.495	8.1	0.152016	0.000551791
0	1.495	8.3	0.142309	0.000536408
0	1.495	8.5	0.133284	0.000520705
0	1.495	8.7	0.126678	0.000511403
0	1.495	8.9	0.121216	0.000502586
0	1.495	9.1	0.111752	0.000482486
0	1.495	9.3	0.10465	0.000466367
0	1.495	9.5	0.0987216	0.000459041
0	1.495	9.7	0.0936948	0.000446826
0	1.495	9.9	0.0868701	0.000431502
0	1.495	10.1	0.0826334	0.000424527
0	1.495	10.3	0.075107	0.000403868
0	1.495	10.5	0.0705993	0.000392405
0	1.495	10.7	0.0662164	0.000381109
0	1.495	10.9	0.0633321	0.000372107
0	1.495	11.1	0.0611092	0.000366384
0	1.495	11.3	0.0586264	0.000360178
0	1.495	11.5	0.0542197	0.000347876
0	1.495	11.7	0.0521303	0.000340996
0	1.495	11.9	0.0519942	0.000340607
0	1.495	12.1	0.0502594	0.000336143
0	1.495	12.3	0.0475534	0.000327899
0	1.495	12.5	0.0452558	0.000317619
0	1.495	12.7	0.0445089	0.000316309
0	1.495	12.9	0.0414026	0.00030539
0	1.495	13.1	0.0390996	0.000296499
0	1.495	13.3	0.0390497	0.000297619
0	1.495	13.5	0.03687	0.000289907
0	1.495	13.7	0.0374433	0.000292912
0	1.495	13.9	0.0378719	0.000291627
0	1.495	14.1	0.0378932	0.00029261
0	1.495	14.3	0.0346695	0.000280844
0	1.495	14.5	0.0346529	0.000279706
0	1.495	14.7	0.0335446	0.000275924
0	1.495	14.9	0.0351693	0.000283149
0	1.495	15.1	0.0339602	0.000278465
0	1.495	15.3	0.0364139	0.000288518
0	1.495	15.5	0.034098	0.000278848
0	1.495	15.7	0.03369	0.000276153
0	1.495	15.9	0.0312743	0.00026732
0	1.505	0.1	0.927832	0.000395654
0	1.505	0.3	0.931952	0.000384655
0	1.505	0.5	0.927773	0.000397502
0	1.505	0.7	0.925934	0.000401535
0	1.505	0.9	0.926265	0.000400898
0	1.505	1.1	0.925247	0.00040359
0	1.505	1.3	0.924815	0.000403039
0	1.505	1.5	0.918918	0.00042176
0	1.505	1.7	0.916956	0.000424351
0	1.505	1.9	0.913033	0.000433075
0	1.505	2.1	0.898244	0.00046626
0	1.505	2.3	0.881615	0.000494449
0	1.505	2.5	0.849125	0.000550376
0	1.505	2.7	0.807068	0.000605192
0	1.505	2.9	0.773617	0.000643282
0	1.505	3.1	0.733515	0.000679721
0	1.505	3.3	0.704837	0.00070297
0	1.505	3.5	0.668148	0.000721783
0	1.505	3.7	0.63148	0.000742974
0	1.505	3.9	0.595565	0.000753439
0	1.505	4.1	0.548355	0.000764369
0	1.505	4.3	0.511524	0.000767965
0	1.505	4.5	0.472259	0.000765975
0	1.505	4.7	0.436384	0.000761364
0	1.505	4.9	0.408259	0.000755559
0	1.505	5.1	0.380424	0.000745767
0	1.505	5.3	0.359614	0.00073346
0	1.505	5.5	0.340119	0.000728471
0	1.505	5.7	0.312923	0.000714362
0	1.505	5.9	0.297909	0.000701544
0	1.505	6.1	0.272618	0.000682434
0	1.505	6.3	0.250966	0.000665547
0	1.505	6.5	0.232937	0.000645625
0	1.505	6.7	0.213914	0.0006285
0	1.505	6.9	0.201436	0.000614664
0	1.505	7.1	0.196122	0.000608684
0	1.505	7.3	0.179934	0.000589175
0	1.505	7.5	0.171444	0.000577917
0	1.505	7.7	0.161687	0.000563895
0	1.505	7.9	0.156567	0.000560016
0	1.505	8.1	0.141026	0.000534784
0	1.505	8.3	0.134889	0.000525864
0	1.505	8.5	0.127483	0.00051329
0	1.505	8.7	0.119517	0.000499449
0	1.505	8.9	0.112445	0.000484326
0	1.505	9.1	0.107431	0.000475958
0	1.505	9.3	0.0990602	0.000458433
0	1.505	9.5	0.0937552	0.000445626
0	1.505	9.7	0.0857995	0.000428998
0	1.505	9.9	0.0827678	0.000421266
0	1.505	10.1	0.0762512	0.000408225
0	1.505	10.3	0.072332	0.000396507
0	1.505	10.5	0.0665109	0.000382947
0	1.505	10.7	0.0624665	0.000369307
0	1.505	10.9	0.0586811	0.000361243
0	1.505	11.1	0.0535191	0.000346676
0	1.505	11.3	0.0535513	0.000346029
0	1.505	11.5	0.0500238	0.00033355
0	1.505	11.7	0.0481622	0.000327405
0	1.505	11.9	0.0501485	0.000335082
0	1.505	12.1	0.0443353	0.00031434
0	1.505	12.3	0.0437781	0.000314884
0	1.505	12.5	0.0396997	0.000299268
0	1.505	12.7	0.0414043	0.000305933
0	1.505	12.9	0.0377396	0.000292217
0	1.505	13.1	0.038619	0.000295603
0	1.505	13.3	0.034661	0.000281437
0	1.505	13.5	0.0360098	0.000285917
0	1.505	13.7	0.0349795	0.000281866
0	1.505	13.9	0.0346175	0.000280268
0	1.505	14.1	0.0337992	0.000277486
0	1.505	14.3	0.0325967	0.000272193
0	1.505	14.5	0.0326875	0.000273431
0	1.505	14.7	0.0326303	0.000273446
0	1.505	14.9	0.0320937	0.000270233
0	1.505	15.1	0.033026	0.000275033
0	1.505	15.3	0.0311652	0.000266053
0	1.505	15.5	0.0318016	0.000269288
0	1.505	15.7	0.0329775	0.000274243
0	1.505	15.9	0.0293953	0.000259109
0	1.515	0.1	0.930521	0.000389176
0	1.515	0.3	0.928887	0.000391716
0	1.515	0.5	0.928805	0.000394319
0	1.515	0.7	0.928998	0.000394114
0	1.515	0.9	0.926267	0.000400314
0	1.515	1.1	0.923409	0.000409131
0	1.515	1.3	0.923404	0.000405892
0	1.515	1.5	0.919034	0.000419084
0	1.515	1.7	0.910689	0.000437875
0	1.515	1.9	0.897064	0.000466786
0	1.515	2.1	0.872042	0.000512455
0	1.515	2.3	0.834318	0.000571235
0	1.515	2.5	0.792026	0.000621178
0	1.515	2.7	0.760756	0.000653868
0	1.515	2.9	0.724308	0.00068538
0	1.515	3.1	0.690406	0.000708242
0	1.515	3.3	0.663225	0.000725657
0	1.515	3.5	0.633933	0.000737816
0	1.515	3.7	0.600155	0.000751846
0	1.515	3.9	0.569683	0.000759443
0	1.515	4.1	0.527389	0.00076722
0	1.515	4.3	0.486393	0.000765002
0	1.515	4.5	0.447231	0.000758678
0	1.515	4.7	0.418561	0.000758101
0	1.515	4.9	0.379891	0.000749464
0	1.515	5.1	0.363316	0.000739182
0	1.515	5.3	0.340098	0.000726646
0	1.515	5.5	0.317675	0.000713326
0	1.515	5.7	0.289487	0.000698131
0	1.515	5.9	0.276226	0.000683686
0	1.515	6.1	0.255937	0.000668597
0	1.515	6.3	0.231743	0.000645772
0	1.515	6.5	0.215115	0.000631401
0	1.515	6.7	0.198679	0.000612195
0	1.515	6.9	0.18278	0.000593535
0	1.515	7.1	0.16976	0.000576453
0	1.515	7.3	0.161621	0.000562532
0	1.515	7.5	0.155544	0.000554893
0	1.515	7.7	0.146516	0.000542021
0	1.515	7.9	0.141929	0.00053388
0	1.515	8.1	0.134119	0.000522204
0	1.515	8.3	0.126708	0.000511566
0	1.515	8.5	0.119446	0.000497951
0	1.515	8.7	0.114531	0.00049167
0	1.515	8.9	0.103684	0.000467455
0	1.515	9.1	0.0976117	0.000454165
0	1.515	9.3	0.0950011	0.000448777
0	1.515	9.5	0.090734	0.000439175
0	1.515	9.7	0.0811386	0.000419237
0	1.515	9.9	0.0790233	0.000414743
0	1.515	10.1	0.0713823	0.000395193
0	1.515	10.3	0.0673227	0.000383136
0	1.515	10.5	0.061853	0.000369159
0	1.515	10.7	0.0562834	0.000354841
0	1.515	10.9	0.0526684	0.00034355
0	1.515	11.1	0.0527073	0.000341837
0	1.515	11.3	0.048059	0.000328658
0	1.515	11.5	0.0461137	0.000322375
0	1.515	11.7	0.0456444	0.000320837
0	1.515	11.9	0.0430119	0.000311816
0	1.515	12.1	0.0413504	0.000304358
0	1.515	12.3	0.0391963	0.000297592
0	1.515	12.5	0.0402611	0.000301288
0	1.515	12.7	0.0358846	0.00028482
0	1.515	12.9	0.0343868	0.000279374
0	1.515	13.1	0.0356323	0.000284683
0	1.515	13.3	0.0335913	0.000276718
0	1.515	13.5	0.031627	0.000267546
0	1.515	13.7	0.030435	0.000262708
0	1.515	13.9	0.0301587	0.000262415
0	1.515	14.1	0.0299749	0.000261279
0	1.515	14.3	0.0303892	0.000261497
0	1.515	14.5	0.0302353	0.000262162
0	1.515	14.7	0.0308752	0.000266601
0	1.515	14.9	0.0300851	0.000262236
0	1.515	15.1	0.0306495	0.000265029
0	1.515	15.3	0.0299993	0.000260968
0	1.515	15.5	0.0288698	0.000257248
0	1.515	15.7	0.0271265	0.000248296
0	1.515	15.9	0.0248346	0.000238708
0	1.525	0.1	0.932103	0.000384839
0	1.525	0.3	0.931761	0.000387818
0	1.525	0.5	0.928742	0.000394627
0	1.525	0.7	0.931394	0.000388217
0	1.525	0.9	0.927898	0.00039545
0	1.525	1.1	0.921272	0.000411699
0	1.525	1.3	0.918979	0.000418699
0	1.525	1.5	0.912362	0.000433216
0	1.525	1.7	0.894887	0.000471023
0	1.525	1.9	0.865154	0.000522928
0	1.525	2.1	0.821709	0.000587731
0	1.525	2.3	0.783638	0.00063334
0	1.525	2.5	0.742961	0.000670402
0	1.525	2.7	0.709166	0.000698013
0	1.525	2.9	0.677186	0.000715078
0	1.525	3.1	0.657371	0.000731121
0	1.525	3.3	0.631264	0.000739285
0	1.525	3.5	0.605722	0.000754465
0	1.525	3.7	0.576746	0.00075915
0	1.525	3.9	0.54342	0.000761331
0	1.525	4.1	0.504245	0.000765597
0	1.525	4.3	0.465363	0.000762822
0	1.525	4.5	0.433892	0.000759497
0	1.525	4.7	0.402446	0.000751605
0	1.525	4.9	0.367255	0.000736378
0	1.525	5.1	0.339501	0.000727742
0	1.525	5.3	0.319521	0.000714777
0	1.525	5.5	0.298945	0.000702388
0	1.525	5.7	0.275174	0.000683673
0	1.525	5.9	0.255015	0.000669593
0	1.525	6.1	0.235047	0.000651775
0	1.525	6.3	0.215895	0.000634907
0	1.525	6.5	0.19606	0.000610059
0	1.525	6.7	0.182796	0.000593966
0	1.525	6.9	0.169455	0.000575956
0	1.525	7.1	0.156218	0.000559627
0	1.525	7.3	0.147905	0.000545242
0	1.525	7.5	0.134422	0.000524106
0	1.525	7.7	0.125167	0.000508479
0	1.525	7.9	0.121751	0.000501354
0	1.525	8.1	0.114484	0.000487161
0	1.525	8.3	0.112276	0.000483165
0	1.525	8.5	0.10543	0.000470245
0	1.525	8.7	0.09733	0.000456995
0	1.525	8.9	0.0951771	0.000450348
0	1.525	9.1	0.0892317	0.000436447
0	1.525	9.3	0.0850524	0.000430005
0	1.525	9.5	0.0823987	0.000421819
0	1.525	9.7	0.0768607	0.000409005
0	1.525	9.9	0.0699051	0.000391618
0	1.525	10.1	0.0644286	0.000372737
0	1.525	10.3	0.0601974	0.000364705
0	1.525	10.5	0.0555411	0.000352322
0	1.525	10.7	0.0531668	0.000342273
0	1.525	10.9	0.0517775	0.000338163
0	1.525	11.1	0.0438263	0.000315214
0	1.525	11.3	0.0453714	0.000319245
0	1.525	11.5	0.0427496	0.000309575
0	1.525	11.7	0.0417624	0.000308152
0	1.525	11.9	0.0388194	0.000297006
0	1.525	12.1	0.036426	0.000288246
0	1.525	12.3	0.0365066	0.00028765
0	1.525	12.5	0.0339121	0.000277912
0	1.525	12.7	0.0320475	0.000270217
0	1.525	12.9	0.0329469	0.000272112
0	1.525	13.1	0.0292276	0.00025842
0	1.525	13.3	0.0288039	0.000257618
0	1.525	13.5	0.0279651	0.000253257
0	1.525	13.7	0.0269421	0.00024726
0	1.525	13.9	0.0270211	0.000248255
0	1.525	14.1	0.0265523	0.000246729
0	1.525	14.3	0.0286149	0.000256429
0	1.525	14.5	0.027972	0.000253318
0	1.525	14.7	0.0284199	0.000254655
0	1.525	14.9	0.0298375	0.000260212
0	1.525	15.1	0.0283668	0.000254386
0	1.525	15.3	0.0276199	0.00025127
0	1.525	15.5	0.0254914	0.000242662
0	1.525	15.7	0.0257788	0.000243023
0	1.525	15.9	0.0214399	0.000221794
0	1.535	0.1	0.932887	0.000383185
0	1.535	0.3	0.933373	0.000381827
0	1.535	0.5	0.931739	0.000386747
0	1.535	0.7	0.930097	0.000390565
0	1.535	0.9	0.928895	0.000394147
0	1.535	1.1	0.923948	0.000406291
0	1.535	1.3	0.910696	0.000435284
0	1.535	1.5	0.890883	0.000481611
0	1.535	1.7	0.852109	0.000543964
0	1.535	1.9	0.809595	0.000601878
0	1.535	2.1	0.768626	0.000646352
0	1.535	2.3	0.730339	0.000680443
0	1.535	2.5	0.697389	0.000701998
0	1.535	2.7	0.671447	0.000717906
0	1.535	2.9	0.645647	0.000733618
0	1.535	3.1	0.62231	0.000742143
0	1.535	3.3	0.600202	0.000754364
0	1.535	3.5	0.578732	0.000757217
0	1.535	3.7	0.548032	0.000763232
0	1.535	3.9	0.523701	0.00076789
0	1.535	4.1	0.482402	0.00076483
0	1.535	4.3	0.443467	0.00075912
0	1.535	4.5	0.415742	0.000752638
0	1.535	4.7	0.381007	0.000747099
0	1.535	4.9	0.349737	0.000732582
0	1.535	5.1	0.328006	0.000717617
0	1.535	5.3	0.30195	0.00070541
0	1.535	5.5	0.277142	0.000683817
0	1.535	5.7	0.262243	0.000674093
0	1.535	5.9	0.237329	0.000653622
0	1.535	6.1	0.219403	0.000637165
0	1.535	6.3	0.199347	0.000615522
0	1.535	6.5	0.179844	0.000588003
0	1.535	6.7	0.166517	0.000567813
0	1.535	6.9	0.154745	0.000555273
0	1.535	7.1	0.140126	0.000532778
0	1.535	7.3	0.13278	0.00052011
0	1.535	7.5	0.117842	0.000494141
0	1.535	7.7	0.113633	0.000487125
0	1.535	7.9	0.10897	0.000476416
0	1.535	8.1	0.101938	0.000464222
0	1.535	8.3	0.0914059	0.000442978
0	1.535	8.5	0.0880716	0.000433152
0	1.535	8.7	0.0854612	0.000427578
0	1.535	8.9	0.0803522	0.000417015
0	1.535	9.1	0.0776761	0.000409473
0	1.535	9.3	0.0739009	0.000400208
0	1.535	9.5	0.0728089	0.000400083
0	1.535	9.7	0.0661212	0.000380108
0	1.535	9.9	0.0644328	0.000376072
0	1.535	10.1	0.0581439	0.00035788
0	1.535	10.3	0.0527854	0.000344361
0	1.535	10.5	0.0473223	0.000325987
0	1.535	10.7	0.0448364	0.000317077
0	1.535	10.9	0.0429441	0.000309757
0	1.535	11.1	0.0398299	0.000300826
0	1.535	11.3	0.0383881	0.00029566
0	1.535	11.5	0.0364701	0.00028919
0	1.535	11.7	0.0358962	0.000284761
0	1.535	11.9	0.0335555	0.000276963
0	1.535	12.1	0.0337104	0.000276164
0	1.535	12.3	0.0321573	0.000271137
0	1.535	12.5	0.0284629	0.000254907
0	1.535	12.7	0.0291605	0.000258033
0	1.535	12.9	0.026659	0.000245902
0	1.535	13.1	0.0267298	0.00024785
0	1.535	13.3	0.0254138	0.000240738
0	1.535	13.5	0.0241999	0.000236039
0	1.535	13.7	0.0243926	0.000236197
0	1.535	13.9	0.0249896	0.000239668
0	1.535	14.1	0.0226954	0.000229062
0	1.535	14.3	0.0241207	0.000234933
0	1.535	14.5	0.0240366	0.000236094
0	1.535	14.7	0.0255754	0.000242517
0	1.535	14.9	0.02418	0.000235308
0	1.535	15.1	0.024897	0.00023904
0	1.535	15.3	0.0240921	0.000235714
0	1.535	15.5	0.0237918	0.000234883
0	1.535	15.7	0.0221367	0.000225781
0	1.535	15.9	0.0196721	0.00021309
0	1.545	0.1	0.933717	0.00038084
0	1.545	0.3	0.932239	0.0003847
0	1.545	0.5	0.930235	0.000391431
0	1.545	0.7	0.924836	0.00040586
0	1.545	0.9	0.922327	0.000411279
0	1.545	1.1	0.90908	0.000441198
0	1.545	1.3	0.886333	0.000486059
0	1.545	1.5	0.845006	0.000554359
0	1.545	1.7	0.79789	0.000615546
0	1.545	1.9	0.752675	0.000663529
0	1.545	2.1	0.717134	0.000689812
0	1.545	2.3	0.682096	0.000712389
0	1.545	2.5	0.661863	0.000730764
0	1.545	2.7	0.640012	0.000736852
0	1.545	2.9	0.610333	0.000748055
0	1.545	3.1	0.595841	0.000750439
0	1.545	3.3	0.57249	0.000760819
0	1.545	3.5	0.556669	0.000762144
0	1.545	3.7	0.525875	0.000765757
0	1.545	3.9	0.499417	0.000764114
0	1.545	4.1	0.465455	0.000763301
0	1.545	4.3	0.425186	0.000758421
0	1.545	4.5	0.391321	0.000745148
0	1.545	4.7	0.357312	0.000737192
0	1.545	4.9	0.331126	0.000722557
0	1.545	5.1	0.312731	0.000711226
0	1.545	5.3	0.289096	0.000694551
0	1.545	5.5	0.268184	0.000679698
0	1.545	5.7	0.246088	0.000661632
0	1.545	5.9	0.224518	0.000639032
0	1.545	6.1	0.204003	0.000618631
0	1.545	6.3	0.183516	0.000593317
0	1.545	6.5	0.16513	0.000570425
0	1.545	6.7	0.150356	0.000549223
0	1.545	6.9	0.141413	0.000534934
0	1.545	7.1	0.127821	0.000511755
0	1.545	7.3	0.119467	0.000495871
0	1.545	7.5	0.110662	0.000483032
0	1.545	7.7	0.102594	0.000465063
0	1.545	7.9	0.0951999	0.000450189
0	1.545	8.1	0.085922	0.000430052
0	1.545	8.3	0.0812462	0.000419628
0	1.545	8.5	0.0743662	0.000403895
0	1.545	8.7	0.0738545	0.000400443
0	1.545	8.9	0.0669234	0.000383484
0	1.545	9.1	0.064772	0.000378307
0	1.545	9.3	0.060254	0.00036591
0	1.545	9.5	0.0560789	0.000353158
0	1.545	9.7	0.0538449	0.000345374
0	1.545	9.9	0.0514554	0.000338701
0	1.545	10.1	0.0491868	0.000331569
0	1.545	10.3	0.0422316	0.000308288
0	1.545	10.5	0.041851	0.000306459
0	1.545	10.7	0.0371687	0.00028994
0	1.545	10.9	0.0361645	0.000286616
0	1.545	11.1	0.0343932	0.000279215
0	1.545	11.3	0.0327328	0.000273379
0	1.545	11.5	0.0306485	0.000264664
0	1.545	11.7	0.0326749	0.000273605
0	1.545	11.9	0.0283784	0.000253733
0	1.545	12.1	0.0272032	0.000249882
0	1.545	12.3	0.0248516	0.000238768
0	1.545	12.5	0.0246759	0.000238072
0	1.545	12.7	0.0225819	0.000227526
0	1.545	12.9	0.0233383	0.000230368
0	1.545	13.1	0.021092	0.000219936
0	1.545	13.3	0.0219581	0.000225049
0	1.545	13.5	0.0212938	0.000221758
0	1.545	13.7	0.0199042	0.000213506
0	1.545	13.9	0.0209124	0.000219526
0	1.545	14.1	0.0200742	0.000215793
0	1.545	14.3	0.0202545	0.000215961
0	1.545	14.5	0.0208654	0.000219706
0	1.545	14.7	0.0223333	0.000227691
0	1.545	14.9	0.021456	0.00022225
0	1.545	15.1	0.0207651	0.000218082
0	1.545	15.3	0.0204026	0.000217384
0	1.545	15.5	0.020756	0.000219727
0	1.545	15.7	0.0185101	0.00020785
0	1.545	15.9	0.016668	0.000197244
0	1.555	0.1	0.93244	0.000384794
0	1.555	0.3	0.930741	0.00039069
0	1.555	0.5	0.926332	0.000400937
0	1.555	0.7	0.922984	0.000409059
0	1.555	0.9	0.906484	0.000446381
0	1.555	1.1	0.877253	0.000504117
0	1.555	1.3	0.837188	0.000566938
0	1.555	1.5	0.78638	0.000626981
0	1.555	1.7	0.744347	0.000670563
0	1.555	1.9	0.705094	0.00069775
0	1.555	2.1	0.68042	0.000711346
0	1.555	2.3	0.648321	0.000731454
0	1.555	2.5	0.62876	0.000737915
0	1.555	2.7	0.605779	0.000752777
0	1.555	2.9	0.589438	0.000755876
0	1.555	3.1	0.571783	0.000760375
0	1.555	3.3	0.55474	0.000760453
0	1.555	3.5	0.531704	0.000769017
0	1.555	3.7	0.510127	0.000762703
0	1.555	3.9	0.481385	0.000770949
0	1.555	4.1	0.452415	0.000764812
0	1.555	4.3	0.41553	0.000755823
0	1.555	4.5	0.384802	0.000745978
0	1.555	4.7	0.345589	0.000727766
0	1.555	4.9	0.321439	0.000715321
0	1.555	5.1	0.295485	0.000700126
0	1.555	5.3	0.271316	0.000681487
0	1.555	5.5	0.25284	0.000667301
0	1.555	5.7	0.230242	0.000645872
0	1.555	5.9	0.210998	0.000624505
0	1.555	6.1	0.188627	0.000598755
0	1.555	6.3	0.169681	0.000574302
0	1.555	6.5	0.150403	0.000545451
0	1.555	6.7	0.13984	0.000531987
0	1.555	6.9	0.127115	0.000511812
0	1.555	7.1	0.113986	0.000487902
0	1.555	7.3	0.10853	0.000475801
0	1.555	7.5	0.0992111	0.000458766
0	1.555	7.7	0.0909741	0.000441653
0	1.555	7.9	0.0844346	0.000427235
0	1.555	8.1	0.0783187	0.000411992
0	1.555	8.3	0.0719499	0.000397257
0	1.555	8.5	0.0667088	0.000382305
0	1.555	8.7	0.0611627	0.000366898
0	1.555	8.9	0.0570809	0.000357012
0	1.555	9.1	0.0536375	0.000343485
0	1.555	9.3	0.0512497	0.00033892
0	1.555	9.5	0.0482158	0.000330598
0	1.555	9.7	0.0448164	0.000317212
0	1.555	9.9	0.0418336	0.000307377
0	1.555	10.1	0.0362503	0.000286157
0	1.555	10.3	0.0339812	0.000278993
0	1.555	10.5	0.0329933	0.000273669
0	1.555	10.7	0.0310528	0.000266556
0	1.555	10.9	0.0287856	0.000256982
0	1.555	11.1	0.0267399	0.000247061
0	1.555	11.3	0.0256622	0.000243734
0	1.555	11.5	0.0250371	0.000241789
0	1.555	11.7	0.0255366	0.000241819
0	1.555	11.9	0.0224029	0.000226783
0	1.555	12.1	0.0214431	0.000221875
0	1.555	12.3	0.0200824	0.00021597
0	1.555	12.5	0.0187019	0.00020795
0	1.555	12.7	0.0189443	0.00021009
0	1.555	12.9	0.0179567	0.000204632
0	1.555	13.1	0.015653	0.000189672
0	1.555	13.3	0.0177615	0.000202067
0	1.555	13.5	0.0162452	0.000193429
0	1.555	13.7	0.0167191	0.000196284
0	1.555	13.9	0.0164183	0.000194855
0	1.555	14.1	0.0170886	0.00019958
0	1.555	14.3	0.0176088	0.000201504
0	1.555	14.5	0.0162463	0.000194311
0	1.555	14.7	0.0171549	0.0001982
0	1.555	14.9	0.0176747	0.000201461
0	1.555	15.1	0.0181998	0.000205031
0	1.555	15.3	0.018069	0.000204339
0	1.555	15.5	0.0175975	0.000201162
0	1.555	15.7	0.0164387	0.0001949
0	1.555	15.9	0.0138159	0.000179108
0	1.565	0.1	0.929627	0.000391541
0	1.565	0.3	0.927008	0.000397938
0	1.565	0.5	0.921573	0.000410165
0	1.565	0.7	0.903398	0.000454386
0	1.565	0.9	0.868155	0.000520835
0	1.565	1.1	0.824864	0.000584576
0	1.565	1.3	0.775597	0.00064221
0	1.565	1.5	0.731921	0.000682689
0	1.565	1.7	0.694547	0.000708888
0	1.565	1.9	0.659134	0.000728823
0	1.565	2.1	0.642474	0.000734863
0	1.565	2.3	0.616419	0.000750512
0	1.565	2.5	0.594824	0.000753671
0	1.565	2.7	0.579413	0.00075661
0	1.565	2.9	0.563518	0.00076112
0	1.565	3.1	0.548002	0.000762526
0	1.565	3.3	0.525343	0.000764811
0	1.565	3.5	0.514922	0.000763115
0	1.565	3.7	0.488866	0.000766187
0	1.565	3.9	0.463253	0.000765328
0	1.565	4.1	0.432686	0.000761675
0	1.565	4.3	0.399061	0.000748682
0	1.565	4.5	0.361488	0.000735606
0	1.565	4.7	0.333081	0.000722642
0	1.565	4.9	0.302066	0.000704798
0	1.565	5.1	0.280309	0.000688186
0	1.565	5.3	0.260173	0.000672732
0	1.565	5.5	0.241508	0.000655159
0	1.565	5.7	0.219238	0.000634802
0	1.565	5.9	0.199899	0.0006113
0	1.565	6.1	0.175301	0.00058431
0	1.565	6.3	0.163539	0.00056705
0	1.565	6.5	0.138966	0.000529937
0	1.565	6.7	0.129499	0.00051509
0	1.565	6.9	0.115303	0.00048829
0	1.565	7.1	0.108775	0.000477798
0	1.565	7.3	0.0946086	0.000448126
0	1.565	7.5	0.0863871	0.000431266
0	1.565	7.7	0.0801995	0.000417137
0	1.565	7.9	0.0763209	0.000408646
0	1.565	8.1	0.0669113	0.000381676
0	1.565	8.3	0.06531	0.000378268
0	1.565	8.5	0.0565163	0.000354411
0	1.565	8.7	0.0519714	0.000340801
0	1.565	8.9	0.0503609	0.000335833
0	1.565	9.1	0.0441215	0.00031589
0	1.565	9.3	0.0429822	0.000310593
0	1.565	9.5	0.03975	0.000300172
0	1.565	9.7	0.0362113	0.000285717
0	1.565	9.9	0.0329272	0.000272936
0	1.565	10.1	0.0293266	0.000258907
0	1.565	10.3	0.0270957	0.000249114
0	1.565	10.5	0.0262843	0.000244728
0	1.565	10.7	0.0229692	0.000229672
0	1.565	10.9	0.0222783	0.000226177
0	1.565	11.1	0.0213078	0.000221181
0	1.565	11.3	0.0202457	0.000215681
0	1.565	11.5	0.0184722	0.000206898
0	1.565	11.7	0.019151	0.000211054
0	1.565	11.9	0.0166417	0.00019585
0	1.565	12.1	0.0154424	0.000188882
0	1.565	12.3	0.0159925	0.000192014
0	1.565	12.5	0.0151313	0.000187063
0	1.565	12.7	0.0152147	0.000187955
0	1.565	12.9	0.0126794	0.000171542
0	1.565	13.1	0.0134808	0.00017647
0	1.565	13.3	0.0120543	0.000167006
0	1.565	13.5	0.0130898	0.000173973
0	1.565	13.7	0.0122879	0.000168947
0	1.565	13.9	0.0128409	0.000173073
0	1.565	14.1	0.01297	0.00017437
0	1.565	14.3	0.0130679	0.000174011
0	1.565	14.5	0.0130841	0.000174116
0	1.565	14.7	0.0134285	0.000176667
0	1.565	14.9	0.0128355	0.00017262
0	1.565	15.1	0.0147324	0.00018487
0	1.565	15.3	0.0152329	0.000188529
0	1.565	15.5	0.0152131	0.000187906
0	1.565	15.7	0.0148077	0.000185601
0	1.565	15.9	0.0131234	0.000173427
0	1.575	0.1	0.922279	0.000411109
0	1.575	0.3	0.911998	0.000434234
0	1.575	0.5	0.893843	0.000470565
0	1.575	0.7	0.86436	0.000526931
0	1.575	0.9	0.810037	0.000600898
0	1.575	1.1	0.761092	0.000653152
0	1.575	1.3	0.716128	0.000690056
0	1.575	1.5	0.675672	0.000717557
0	1.575	1.7	0.648544	0.00073033
0	1.575	1.9	0.619936	0.000745594
0	1.575	2.1	0.598633	0.000754213
0	1.575	2.3	0.584516	0.000753884
0	1.575	2.5	0.572862	0.000758543
0	1.575	2.7	0.553986	0.000762664
0	1.575	2.9	0.539214	0.000768721
0	1.575	3.1	0.52414	0.000767645
0	1.575	3.3	0.510511	0.000766965
0	1.575	3.5	0.49301	0.000767458
0	1.575	3.7	0.473948	0.000764579
0	1.575	3.9	0.454876	0.000763558
0	1.575	4.1	0.423053	0.000758913
0	1.575	4.3	0.382819	0.000747163
0	1.575	4.5	0.359772	0.000735341
0	1.575	4.7	0.321469	0.00071748
0	1.575	4.9	0.294077	0.000699038
0	1.575	5.1	0.268759	0.000678429
0	1.575	5.3	0.244155	0.000659277
0	1.575	5.5	0.224452	0.000638794
0	1.575	5.7	0.202735	0.000617074
0	1.575	5.9	0.182661	0.000592452
0	1.575	6.1	0.164409	0.000567955
0	1.575	6.3	0.146331	0.000541632
0	1.575	6.5	0.130177	0.000515724
0	1.575	6.7	0.115235	0.000489757
0	1.575	6.9	0.106287	0.00047309
0	1.575	7.1	0.0959165	0.000454026
0	1.575	7.3	0.0850655	0.000428402
0	1.575	7.5	0.0796026	0.000416923
0	1.575	7.7	0.0733329	0.000400257
0	1.575	7.9	0.0681278	0.000385926
0	1.575	8.1	0.0581963	0.000360109
0	1.575	8.3	0.0549664	0.000349476
0	1.575	8.5	0.0498008	0.000332445
0	1.575	8.7	0.0460558	0.00032088
0	1.575	8.9	0.0419595	0.000308403
0	1.575	9.1	0.0385802	0.000294594
0	1.575	9.3	0.0360434	0.000286328
0	1.575	9.5	0.0311033	0.000266466
0	1.575	9.7	0.029774	0.000260712
0	1.575	9.9	0.0281117	0.000254094
0	1.575	10.1	0.023844	0.000233799
0	1.575	10.3	0.0217467	0.000223085
0	1.575	10.5	0.0195097	0.000212638
0	1.575	10.7	0.0182269	0.000205961
0	1.575	10.9	0.0167171	0.00019589
0	1.575	11.1	0.0156158	0.00019084
0	1.575	11.3	0.0157752	0.00019137
0	1.575	11.5	0.0146475	0.000184344
0	1.575	11.7	0.0136853	0.000178156
0	1.575	11.9	0.0130533	0.000173756
0	1.575	12.1	0.0131314	0.000175308
0	1.575	12.3	0.0121526	0.000167854
0	1.575	12.5	0.0107803	0.000157968
0	1.575	12.7	0.0116093	0.000164546
0	1.575	12.9	0.0103236	0.000154356
0	1.575	13.1	0.00933989	0.000147726
0	1.575	13.3	0.0104413	0.000155931
0	1.575	13.5	0.0100838	0.00015332
0	1.575	13.7	0.0100445	0.000152673
0	1.575	13.9	0.0101211	0.000153526
0	1.575	14.1	0.0100967	0.000153034
0	1.575	14.3	0.0107533	0.000158594
0	1.575	14.5	0.0106415	0.00015763
0	1.575	14.7	0.0102284	0.000154004
0	1.575	14.9	0.0121185	0.000167825
0	1.575	15.1	0.0122368	0.000169059
0	1.575	15.3	0.0125308	0.000170768
0	1.575	15.5	0.0114728	0.000162888
0	1.575	15.7	0.012763	0.00017323
0	1.575	15.9	0.0116097	0.000164669
0	1.585	0.1	0.90226	0.00045412
0	1.585	0.3	0.887138	0.000485085
0	1.585	0.5	0.846535	0.000551497
0	1.585	0.7	0.798214	0.000618257
0	1.585	0.9	0.741589	0.000673506
0	1.585	1.1	0.700408	0.000700671
0	1.585	1.3	0.659659	0.000725497
0	1.585	1.5	0.631317	0.000738637
0	1.585	1.7	0.608964	0.000749095
0	1.585	1.9	0.588204	0.000756813
0	1.585	2.1	0.575243	0.000758388
0	1.585	2.3	0.558747	0.000760784
0	1.585	2.5	0.540265	0.000765197
0	1.585	2.7	0.531138	0.000766389
0	1.585	2.9	0.514586	0.000765165
0	1.585	3.1	0.506269	0.000769241
0	1.585	3.3	0.490379	0.000762889
0	1.585	3.5	0.476074	0.000770171
0	1.585	3.7	0.459068	0.000765182
0	1.585	3.9	0.435299	0.000758382
0	1.585	4.1	0.405539	0.000754329
0	1.585	4.3	0.372832	0.000740263
0	1.585	4.5	0.342694	0.000729888
0	1.585	4.7	0.30709	0.000710093
0	1.585	4.9	0.279321	0.000687167
0	1.585	5.1	0.25614	0.000671216
0	1.585	5.3	0.234612	0.000650469
0	1.585	5.5	0.216035	0.000631329
0	1.585	5.7	0.193054	0.000602885
0	1.585	5.9	0.175682	0.000585776
0	1.585	6.1	0.153577	0.000555414
0	1.585	6.3	0.133288	0.000522405
0	1.585	6.5	0.120143	0.000496821
0	1.585	6.7	0.106473	0.000473275
0	1.585	6.9	0.0936126	0.000448269
0	1.585	7.1	0.0873027	0.000434489
0	1.585	7.3	0.0763969	0.000406371
0	1.585	7.5	0.0691512	0.000387493
0	1.585	7.7	0.0634605	0.000373878
0	1.585	7.9	0.0572453	0.000355671
0	1.585	8.1	0.0497245	0.000334627
0	1.585	8.3	0.0453475	0.00032133
0	1.585	8.5	0.0421404	0.000306709
0	1.585	8.7	0.0380663	0.000294075
0	1.585	8.9	0.0361783	0.000285231
0	1.585	9.1	0.0312154	0.00026737
0	1.585	9.3	0.0293161	0.000259442
0	1.585	9.5	0.027336	0.000251895
0	1.585	9.7	0.0238753	0.000234843
0	1.585	9.9	0.0213123	0.000220331
0	1.585	10.1	0.01893	0.000208707
0	1.585	10.3	0.0173407	0.00019984
0	1.585	10.5	0.0153054	0.000188513
0	1.585	10.7	0.0144966	0.000183182
0	1.585	10.9	0.0137029	0.000177864
0	1.585	11.1	0.0124184	0.000170032
0	1.585	11.3	0.0115265	0.000164317
0	1.585	11.5	0.0125773	0.000171366
0	1.585	11.7	0.0107803	0.000157917
0	1.585	11.9	0.0103267	0.000155531
0	1.585	12.1	0.00936458	0.000148283
0	1.585	12.3	0.0087229	0.000142719
0	1.585	12.5	0.00854221	0.000141682
0	1.585	12.7	0.00802389	0.000137338
0	1.585	12.9	0.00862955	0.000141658
0	1.585	13.1	0.00800649	0.000136459
0	1.585	13.3	0.00752685	0.000132867
0	1.585	13.5	0.00869174	0.000142849
0	1.585	13.7	0.00816557	0.000138131
0	1.585	13.9	0.00810902	0.000137377
0	1.585	14.1	0.00759549	0.000133406
0	1.585	14.3	0.00720729	0.00012923
0	1.585	14.5	0.00802964	0.000136972
0	1.585	14.7	0.00736258	0.000130781
0	1.585	14.9	0.00961865	0.00014933
0	1.585	15.1	0.00757339	0.000133351
0	1.585	15.3	0.00920235	0.000147262
0	1.585	15.5	0.00933758	0.000147652
0	1.585	15.7	0.0109831	0.000160143
0	1.585	15.9	0.0102608	0.000154366
0	1.595	0.1	0.853258	0.000545006
0	1.595	0.3	0.827738	0.000580401
0	1.595	0.5	0.775901	0.000636688
0	1.595	0.7	0.721771	0.000686524
0	1.595	0.9	0.67242	0.000718442
0	1.595	1.1	0.643166	0.000733264
0	1.595	1.3	0.608541	0.000746728
0	1.595	1.5	0.592654	0.000753302
0	1.595	1.7	0.572744	0.000756875
0	1.595	1.9	0.552491	0.000762949
0	1.595	2.1	0.54328	0.000762598
0	1.595	2.3	0.528391	0.000767231
0	1.595	2.5	0.518106	0.000763169
0	1.595	2.7	0.509441	0.0007671
0	1.595	2.9	0.499292	0.000766856
0	1.595	3.1	0.486505	0.000767085
0	1.595	3.3	0.480154	0.000766228
0	1.595	3.5	0.460641	0.000761089
0	1.595	3.7	0.443829	0.000763211
0	1.595	3.9	0.419672	0.000758201
0	1.595	4.1	0.395039	0.000747357
0	1.595	4.3	0.359516	0.000736207
0	1.595	4.5	0.327115	0.000719211
0	1.595	4.7	0.297727	0.000701101
0	1.595	4.9	0.270532	0.0006819
0	1.595	5.1	0.242765	0.00065515
0	1.595	5.3	0.228361	0.000643587
0	1.595	5.5	0.199564	0.000616044
0	1.595	5.7	0.178542	0.000587262
0	1.595	5.9	0.158846	0.000560669
0	1.595	6.1	0.14152	0.000533382
0	1.595	6.3	0.125574	0.000509065
0	1.595	6.5	0.110307	0.000482306
0	1.595	6.7	0.0941071	0.000448752
0	1.595	6.9	0.0850746	0.000426933
0	1.595	7.1	0.0786935	0.000414115
0	1.595	7.3	0.0680322	0.00038577
0	1.595	7.5	0.0597308	0.000364237
0	1.595	7.7	0.0553113	0.000349688
0	1.595	7.9	0.0496434	0.000332876
0	1.595	8.1	0.0453703	0.000318898
0	1.595	8.3	0.0401939	0.000301465
0	1.595	8.5	0.0383767	0.000295164
0	1.595	8.7	0.032431	0.000271725
0	1.595	8.9	0.0307511	0.000265251
0	1.595	9.1	0.0266307	0.000247119
0	1.595	9.3	0.024041	0.000235266
0	1.595	9.5	0.0215237	0.000222504
0	1.595	9.7	0.0179433	0.000204305
0	1.595	9.9	0.0171222	0.000198176
0	1.595	10.1	0.0142985	0.000182103
0	1.595	10.3	0.0134879	0.000176915
0	1.595	10.5	0.0121031	0.000167743
0	1.595	10.7	0.0109197	0.000159636
0	1.595	10.9	0.0101621	0.000153258
0	1.595	11.1	0.00964803	0.000150408
0	1.595	11.3	0.0101071	0.000154124
0	1.595	11.5	0.00726797	0.000130377
0	1.595	11.7	0.00840633	0.000140061
0	1.595	11.9	0.00741341	0.000131451
0	1.595	12.1	0.00702358	0.000127867
0	1.595	12.3	0.00671655	0.000125148
0	1.595	12.5	0.00668024	0.000124626
0	1.595	12.7	0.00614831	0.000119679
0	1.595	12.9	0.00577013	0.000115719
0	1.595	13.1	0.00553829	0.00011352
0	1.595	13.3	0.00618465	0.000119837
0	1.595	13.5	0.00630226	0.000121423
0	1.595	13.7	0.00642206	0.000122651
0	1.595	13.9	0.00537433	0.000112127
0	1.595	14.1	0.0057704	0.000116385
0	1.595	14.3	0.00603696	0.000118677
0	1.595	14.5	0.00659718	0.000124108
0	1.595	14.7	0.00615282	0.000120087
0	1.595	14.9	0.00668257	0.000124604
0	1.595	15.1	0.00588683	0.000116715
0	1.595	15.3	0.00632725	0.000121315
0	1.595	15.5	0.00697955	0.000127004
0	1.595	15.7	0.00629469	0.000121802
0	1.595	15.9	0.00638968	0.000121878
0	1.605	0.1	0.749768	0.0006641
0	1.605	0.3	0.717515	0.000690163
0	1.605	0.5	0.671252	0.000725857
0	1.605	0.7	0.629546	0.000741051
0	1.605	0.9	0.601254	0.000750506
0	1.605	1.1	0.577184	0.000758606
0	1.605	1.3	0.558286	0.000764981
0	1.605	1.5	0.543839	0.000765671
0	1.605	1.7	0.531588	0.000767392
0	1.605	1.9	0.518579	0.000767624
0	1.605	2.1	0.508747	0.000764096
0	1.605	2.3	0.504059	0.0007642
0	1.605	2.5	0.493122	0.000764776
0	1.605	2.7	0.488292	0.000768153
0	1.605	2.9	0.482263	0.000765299
0	1.605	3.1	0.468139	0.000767927
0	1.605	3.3	0.457694	0.000763334
0	1.605	3.5	0.448633	0.000761702
0	1.605	3.7	0.427569	0.000759667
0	1.605	3.9	0.413317	0.000754064
0	1.605	4.1	0.378258	0.000748433
0	1.605	4.3	0.352086	0.000730629
0	1.605	4.5	0.319923	0.000713262
0	1.605	4.7	0.287232	0.000692276
0	1.605	4.9	0.259838	0.00067172
0	1.605	5.1	0.23151	0.000643611
0	1.605	5.3	0.211247	0.000625381
0	1.605	5.5	0.192351	0.000604343
0	1.605	5.7	0.172022	0.00057848
0	1.605	5.9	0.146598	0.000544471
0	1.605	6.1	0.130897	0.000517433
0	1.605	6.3	0.114799	0.000488654
0	1.605	6.5	0.0988077	0.00045765
0	1.605	6.7	0.0845098	0.000426632
0	1.605	6.9	0.076016	0.00040563
0	1.605	7.1	0.0679934	0.000384465
0	1.605	7.3	0.0598636	0.000363408
0	1.605	7.5	0.0520223	0.00033882
0	1.605	7.7	0.0486762	0.000330281
0	1.605	7.9	0.0440821	0.000313902
0	1.605	8.1	0.0393063	0.000296961
0	1.605	8.3	0.0339177	0.000278238
0	1.605	8.5	0.0283415	0.000253512
0	1.605	8.7	0.0260567	0.000243681
0	1.605	8.9	0.025303	0.00024124
0	1.605	9.1	0.0232254	0.000230441
0	1.605	9.3	0.0194773	0.000212379
0	1.605	9.5	0.0167198	0.000196265
0	1.605	9.7	0.0146024	0.000184613
0	1.605	9.9	0.0132647	0.000175111
0	1.605	10.1	0.0119648	0.000165805
0	1.605	10.3	0.0100201	0.000152768
0	1.605	10.5	0.00928247	0.000147607
0	1.605	10.7	0.00850336	0.00014067
0	1.605	10.9	0.00849976	0.000141099
0	1.605	11.1	0.00750897	0.00013247
0	1.605	11.3	0.00608363	0.000119453
0	1.605	11.5	0.00615499	0.000120268
0	1.605	11.7	0.00597314	0.000118491
0	1.605	11.9	0.00541134	0.000112333
0	1.605	12.1	0.00554735	0.000113897
0	1.605	12.3	0.00457473	0.000103149
0	1.605	12.5	0.00457633	0.000103449
0	1.605	12.7	0.00430631	0.000100421
0	1.605	12.9	0.00392583	9.59356e-05
0	1.605	13.1	0.00425177	0.00010003
0	1.605	13.3	0.00373362	9.36947e-05
0	1.605	13.5	0.00333153	8.82624e-05
0	1.605	13.7	0.00451512	0.000102917
0	1.605	13.9	0.0043336	0.000100918
0	1.605	14.1	0.0044037	0.000101475
0	1.605	14.3	0.00420514	9.91558e-05
0	1.605	14.5	0.00445882	0.000101876
0	1.605	14.7	0.00352124	9.02181e-05
0	1.605	14.9	0.00465774	0.000105285
0	1.605	15.1	0.00427347	9.95753e-05
0	1.605	15.3	0.00400347	9.70179e-05
0	1.605	15.5	0.00417692	9.91583e-05
0	1.605	15.7	0.0041321	9.82633e-05
0	1.605	15.9	0.00289319	8.25092e-05
0	1.615	0.1	0.43586	0.000759299
0	1.615	0.3	0.451225	0.000761571
0	1.615	0.5	0.464634	0.000764464
0	1.615	0.7	0.475171	0.000766358
0	1.615	0.9	0.479911	0.000764969
0	1.615	1.1	0.473667	0.000765985
0	1.615	1.3	0.475493	0.000764009
0	1.615	1.5	0.472371	0.000765961
0	1.615	1.7	0.467917	0.000768148
0	1.615	1.9	0.464657	0.00076814
0	1.615	2.1	0.462311	0.000761952
0	1.615	2.3	0.459199	0.000766582
0	1.615	2.5	0.456479	0.000764138
0	1.615	2.7	0.452243	0.00076197
0	1.615	2.9	0.448376	0.000762385
0	1.615	3.1	0.4373	0.000757929
0	1.615	3.3	0.431974	0.000759626
0	1.615	3.5	0.422728	0.000760202
0	1.615	3.7	0.402646	0.000755211
0	1.615	3.9	0.384707	0.000743619
0	1.615	4.1	0.362505	0.000735357
0	1.615	4.3	0.335545	0.000720449
0	1.615	4.5	0.300245	0.000701605
0	1.615	4.7	0.269997	0.000682106
0	1.615	4.9	0.243116	0.000657417
0	1.615	5.1	0.219637	0.00063787
0	1.615	5.3	0.19939	0.000614981
0	1.615	5.5	0.177553	0.000584125
0	1.615	5.7	0.152134	0.000550891
0	1.615	5.9	0.134255	0.0005234
0	1.615	6.1	0.115909	0.000489875
0	1.615	6.3	0.0975107	0.000454064
0	1.615	6.5	0.0861801	0.000429486
0	1.615	6.7	0.0751649	0.000404268
0	1.615	6.9	0.0626674	0.000371843
0	1.615	7.1	0.0573164	0.000353968
0	1.615	7.3	0.0508391	0.000336402
0	1.615	7.5	0.0439689	0.000315347
0	1.615	7.7	0.039381	0.000298072
0	1.615	7.9	0.0350631	0.000282177
0	1.615	8.1	0.0311287	0.00026673
0	1.615	8.3	0.028144	0.000254168
0	1.615	8.5	0.02444	0.000238911
0	1.615	8.7	0.0215899	0.000222599
0	1.615	8.9	0.018619	0.000207076
0	1.615	9.1	0.0168145	0.000197242
0	1.615	9.3	0.0134731	0.000177063
0	1.615	9.5	0.0128421	0.000172236
0	1.615	9.7	0.0101145	0.000152543
0	1.615	9.9	0.0081951	0.000138549
0	1.615	10.1	0.00795427	0.000136353
0	1.615	10.3	0.00663599	0.000124969
0	1.615	10.5	0.00600351	0.000118716
0	1.615	10.7	0.00516918	0.000110274
0	1.615	10.9	0.0051721	0.00011021
0	1.615	11.1	0.00437963	0.000101464
0	1.615	11.3	0.00480925	0.000105911
0	1.615	11.5	0.00416046	9.87683e-05
0	1.615	11.7	0.00418964	9.89568e-05
0	1.615	11.9	0.00372104	9.37656e-05
0	1.615	12.1	0.00270985	7.98704e-05
0	1.615	12.3	0.00304704	8.49712e-05
0	1.615	12.5	0.00282136	8.11954e-05
0	1.615	12.7	0.00282556	8.14855e-05
0	1.615	12.9	0.00227396	7.32319e-05
0	1.615	13.1	0.00244659	7.6029e-05
0	1.615	13.3	0.002335	7.40871e-05
0	1.615	13.5	0.00257527	7.83708e-05
0	1.615	13.7	0.00278296	8.04601e-05
0	1.615	13.9	0.00249651	7.62608e-05
0	1.615	14.1	0.00282706	8.18022e-05
0	1.615	14.3	0.00268937	7.94058e-05
0	1.615	14.5	0.00257245	7.77101e-05
0	1.615	14.7	0.00214068	7.1004e-05
0	1.615	14.9	0.00288956	8.19724e-05
0	1.615	15.1	0.00219541	7.18341e-05
0	1.615	15.3	0.00186341	6.63193e-05
0	1.615	15.5	0.0011326	5.15594e-05
0	1.615	15.7	0.000950893	4.71696e-05
0	1.615	15.9	0.000957151	4.73054e-05
0	1.625	0.1	0.160359	0.000560481
0	1.625	0.3	0.190682	0.000604589
0	1.625	0.5	0.23608	0.000650487
0	1.625	0.7	0.287327	0.000694342
0	1.625	0.9	0.33398	0.000721536
0	1.625	1.1	0.369	0.000740296
0	1.625	1.3	0.378646	0.000745027
0	1.625	1.5	0.39388	0.000749256
0	1.625	1.7	0.404585	0.000751042
0	1.625	1.9	0.405704	0.000753397
0	1.625	2.1	0.417748	0.000757633
0	1.625	2.3	0.416476	0.000754164
0	1.625	2.5	0.407973	0.00074982
0	1.625	2.7	0.408244	0.000755569
0	1.625	2.9	0.408849	0.000755215
0	1.625	3.1	0.410764	0.000756318
0	1.625	3.3	0.396452	0.000753357
0	1.625	3.5	0.390005	0.000747858
0	1.625	3.7	0.379377	0.000742535
0	1.625	3.9	0.360449	0.000735106
0	1.625	4.1	0.336595	0.000724964
0	1.625	4.3	0.309873	0.00070912
0	1.625	4.5	0.277072	0.000686895
0	1.625	4.7	0.250799	0.000667816
0	1.625	4.9	0.219564	0.000636577
0	1.625	5.1	0.198687	0.000611036
0	1.625	5.3	0.176413	0.000582061
0	1.625	5.5	0.1553	0.000553739
0	1.625	5.7	0.139225	0.000531953
0	1.625	5.9	0.121013	0.000498656
0	1.625	6.1	0.101493	0.000462064
0	1.625	6.3	0.0849956	0.000427356
0	1.625	6.5	0.0720702	0.000397283
0	1.625	6.7	0.0613276	0.000368441
0	1.625	6.9	0.0519872	0.00034177
0	1.625	7.1	0.0441852	0.000315734
0	1.625	7.3	0.0392306	0.000298735
0	1.625	7.5	0.034209	0.000278012
0	1.625	7.7	0.031502	0.000267955
0	1.625	7.9	0.0273373	0.000250522
0	1.625	8.1	0.024414	0.000236016
0	1.625	8.3	0.0210768	0.000220243
0	1.625	8.5	0.0171949	0.000199829
0	1.625	8.7	0.0143219	0.00018258
0	1.625	8.9	0.0129107	0.00017296
0	1.625	9.1	0.0111165	0.000160666
0	1.625	9.3	0.00975696	0.000150247
0	1.625	9.5	0.0078737	0.000136358
0	1.625	9.7	0.00660822	0.000124404
0	1.625	9.9	0.00545828	0.000113012
0	1.625	10.1	0.00453077	0.000103085
0	1.625	10.3	0.00445767	0.000102361
0	1.625	10.5	0.00330318	8.79471e-05
0	1.625	10.7	0.00291542	8.25054e-05
0	1.625	10.9	0.00277814	8.14907e-05
0	1.625	11.1	0.00232102	7.39809e-05
0	1.625	11.3	0.00254344	7.70821e-05
0	1.625	11.5	0.00171203	6.34415e-05
0	1.625	11.7	0.00166444	6.27232e-05
0	1.625	11.9	0.00163559	6.19017e-05
0	1.625	12.1	0.00156014	6.04978e-05
0	1.625	12.3	0.00142353	5.79292e-05
0	1.625	12.5	0.00162616	6.18566e-05
0	1.625	12.7	0.00135694	5.65992e-05
0	1.625	12.9	0.00103215	4.92364e-05
0	1.625	13.1	0.00128405	5.49171e-05
0	1.625	13.3	0.00146547	5.86227e-05
0	1.625	13.5	0.00118529	5.29233e-05
0	1.625	13.7	0.00102137	4.90588e-05
0	1.625	13.9	0.00143794	5.83222e-05
0	1.625	14.1	0.00109584	5.10105e-05
0	1.625	14.3	0.00113595	5.17119e-05
0	1.625	14.5	0.00110117	5.09278e-05
0	1.625	14.7	0.00106301	4.97537e-05
0	1.625	14.9	0.000839052	4.43887e-05
0	1.625	15.1	0.000605558	3.76161e-05
0	1.625	15.3	0.000284141	2.58273e-05
0	1.625	15.5	0.00036714	2.93893e-05
0	1.625	15.7	0.000273269	2.52603e-05
0	1.625	15.9	0.000125016	1.70114e-05
0	1.635	0.1	0.0707357	0.000393481
0	1.635	0.3	0.0771161	0.000410616
0	1.635	0.5	0.096837	0.000454992
0	1.635	0.7	0.13413	0.000524875
0	1.635	0.9	0.185611	0.000596647
0	1.635	1.1	0.244245	0.000658845
0	1.635	1.3	0.285085	0.000692147
0	1.635	1.5	0.311959	0.000708968
0	1.635	1.7	0.337016	0.000724845
0	1.635	1.9	0.350071	0.000732153
0	1.635	2.1	0.356962	0.000736279
0	1.635	2.3	0.370705	0.000741786
0	1.635	2.5	0.373226	0.000740867
0	1.635	2.7	0.375774	0.000743526
0	1.635	2.9	0.373656	0.000744182
0	1.635	3.1	0.374361	0.000741824
0	1.635	3.3	0.376507	0.000745427
0	1.635	3.5	0.364834	0.000736865
0	1.635	3.7	0.355452	0.000732618
0	1.635	3.9	0.338791	0.000724685
0	1.635	4.1	0.316452	0.000717557
0	1.635	4.3	0.287162	0.000697098
0	1.635	4.5	0.258746	0.000674705
0	1.635	4.7	0.233674	0.000650843
0	1.635	4.9	0.204164	0.000616104
0	1.635	5.1	0.177222	0.00058459
0	1.635	5.3	0.161368	0.000562353
0	1.635	5.5	0.143587	0.000536764
0	1.635	5.7	0.120836	0.000500775
0	1.635	5.9	0.105464	0.000471074
0	1.635	6.1	0.0834587	0.000423952
0	1.635	6.3	0.0715914	0.000395686
0	1.635	6.5	0.0615459	0.000368535
0	1.635	6.7	0.0486902	0.000329792
0	1.635	6.9	0.0440344	0.000314968
0	1.635	7.1	0.0339114	0.000277003
0	1.635	7.3	0.0307243	0.000265206
0	1.635	7.5	0.0251186	0.000239482
0	1.635	7.7	0.0221783	0.000225901
0	1.635	7.9	0.0202325	0.00021618
0	1.635	8.1	0.0161477	0.000192666
0	1.635	8.3	0.0124283	0.00016978
0	1.635	8.5	0.0122287	0.00016885
0	1.635	8.7	0.00912925	0.000145349
0	1.635	8.9	0.00808801	0.000136805
0	1.635	9.1	0.00606681	0.000118619
0	1.635	9.3	0.00573971	0.000115958
0	1.635	9.5	0.00440463	0.000101388
0	1.635	9.7	0.00390395	9.54018e-05
0	1.635	9.9	0.00290198	8.28271e-05
0	1.635	10.1	0.00170203	6.32017e-05
0	1.635	10.3	0.00164172	6.20002e-05
0	1.635	10.5	0.0015205	5.99638e-05
0	1.635	10.7	0.00120203	5.3352e-05
0	1.635	10.9	0.000759869	4.23298e-05
0	1.635	11.1	0.000861604	4.5203e-05
0	1.635	11.3	0.000940254	4.71085e-05
0	1.635	11.5	0.000842843	4.45268e-05
0	1.635	11.7	0.000445005	3.23622e-05
0	1.635	11.9	0.000437541	3.2075e-05
0	1.635	12.1	0.00060778	3.77541e-05
0	1.635	12.3	0.000459757	3.29163e-05
0	1.635	12.5	0.000382526	3.00483e-05
0	1.635	12.7	0.000409162	3.11017e-05
0	1.635	12.9	0.000380945	2.99242e-05
0	1.635	13.1	0.000432723	3.18939e-05
0	1.635	13.3	0.000619069	3.80893e-05
0	1.635	13.5	0.000370749	2.94898e-05
0	1.635	13.7	0.000449986	3.25525e-05
0	1.635	13.9	0.000488362	3.38535e-05
0	1.635	14.1	0.000334686	2.79832e-05
0	1.635	14.3	0.000184906	2.09345e-05
0	1.635	14.5	0.000153776	1.9072e-05
0	1.635	14.7	0.000261355	2.48035e-05
0	1.635	14.9	0.000193167	2.13296e-05
0	1.635	15.1	4.24914e-05	1.00151e-05
0	1.635	15.3	3.77301e-05	9.43234e-06
0	1.635	15.5	0	0
0	1.635	15.7	3.29676e-05	8.8108e-06
0	1.635	15.9	5.38521e-05	1.12286e-05
0	1.645	0.1	0.0337252	0.000277567
0	1.645	0.3	0.0366806	0.000289321
0	1.645	0.5	0.0441211	0.000314081
0	1.645	0.7	0.059387	0.000362559
0	1.645	0.9	0.0837413	0.000425905
0	1.645	1.1	0.124661	0.000504383
0	1.645	1.3	0.174061	0.000580838
0	1.645	1.5	0.220825	0.000635823
0	1.645	1.7	0.264336	0.000676964
0	1.645	1.9	0.292271	0.00069846
0	1.645	2.1	0.305191	0.000707963
0	1.645	2.3	0.316491	0.000712388
0	1.645	2.5	0.330656	0.00072291
0	1.645	2.7	0.339169	0.000724582
0	1.645	2.9	0.341426	0.00072284
0	1.645	3.1	0.33934	0.000725714
0	1.645	3.3	0.342036	0.000727197
0	1.645	3.5	0.337765	0.000722314
0	1.645	3.7	0.333708	0.000723684
0	1.645	3.9	0.318264	0.000714348
0	1.645	4.1	0.293758	0.000698513
0	1.645	4.3	0.266404	0.00068031
0	1.645	4.5	0.238679	0.000653246
0	1.645	4.7	0.212891	0.000627534
0	1.645	4.9	0.193873	0.000604437
0	1.645	5.1	0.164125	0.000566872
0	1.645	5.3	0.144004	0.000539141
0	1.645	5.5	0.125884	0.000507646
0	1.645	5.7	0.10899	0.000475375
0	1.645	5.9	0.0886993	0.000437273
0	1.645	6.1	0.0712982	0.000395424
0	1.645	6.3	0.0592458	0.000362443
0	1.645	6.5	0.0459066	0.000321564
0	1.645	6.7	0.0404473	0.000302555
0	1.645	6.9	0.0309826	0.000267174
0	1.645	7.1	0.0280063	0.00025385
0	1.645	7.3	0.021695	0.000223295
0	1.645	7.5	0.0177911	0.000202508
0	1.645	7.7	0.0151987	0.000187992
0	1.645	7.9	0.0123752	0.000168995
0	1.645	8.1	0.00869983	0.000142884
0	1.645	8.3	0.00842109	0.00014013
0	1.645	8.5	0.00596024	0.00011847
0	1.645	8.7	0.00477359	0.000105488
0	1.645	8.9	0.00395726	9.60706e-05
0	1.645	9.1	0.00341554	8.9698e-05
0	1.645	9.3	0.00282709	8.14278e-05
0	1.645	9.5	0.00214772	7.09639e-05
0	1.645	9.7	0.00125606	5.42196e-05
0	1.645	9.9	0.000809905	4.35861e-05
0	1.645	10.1	0.000556973	3.61692e-05
0	1.645	10.3	0.00037331	2.95998e-05
0	1.645	10.5	0.000445862	3.24245e-05
0	1.645	10.7	0.000262644	2.48143e-05
0	1.645	10.9	0.000113193	1.63371e-05
0	1.645	11.1	0.000215861	2.2626e-05
0	1.645	11.3	9.42778e-05	1.49059e-05
0	1.645	11.5	0.000141513	1.8268e-05
0	1.645	11.7	0.000135302	1.79199e-05
0	1.645	11.9	0.000135386	1.77758e-05
0	1.645	12.1	0.000161817	1.94789e-05
0	1.645	12.3	0.000134309	1.77884e-05
0	1.645	12.5	3.55125e-05	9.16911e-06
0	1.645	12.7	7.5453e-05	1.33378e-05
0	1.645	12.9	4.00738e-05	9.71914e-06
0	1.645	13.1	6.87034e-05	1.27575e-05
0	1.645	13.3	0.000115238	1.64616e-05
0	1.645	13.5	0.000184916	2.08028e-05
0	1.645	13.7	0.000211871	2.23308e-05
0	1.645	13.9	8.49353e-05	1.41553e-05
0	1.645	14.1	8.04905e-05	1.38035e-05
0	1.645	14.3	2.35256e-06	2.35256e-06
0	1.645	14.5	5.45716e-05	1.13786e-05
0	1.645	14.7	3.5499e-05	9.16564e-06
0	1.645	14.9	0	0
0	1.645	15.1	2.361e-06	2.36099e-06
0	1.645	15.3	0	0
0	1.645	15.5	6.14522e-05	1.20514e-05
0	1.645	15.7	0	0
0	1.645	15.9	1.40781e-05	5.74733e-06
0	1.655	0.1	0.0139957	0.000180303
0	1.655	0.3	0.018043	0.000203412
0	1.655	0.5	0.0215951	0.000222737
0	1.655	0.7	0.027034	0.000248113
0	1.655	0.9	0.0381793	0.000295425
0	1.655	1.1	0.0574337	0.000357187
0	1.655	1.3	0.0848263	0.000426468
0	1.655	1.5	0.124993	0.000507828
0	1.655	1.7	0.176616	0.0005877
0	1.655	1.9	0.218955	0.000634361
0	1.655	2.1	0.249855	0.000665333
0	1.655	2.3	0.270999	0.000685225
0	1.655	2.5	0.289364	0.000695493
0	1.655	2.7	0.300346	0.00070152
0	1.655	2.9	0.30852	0.000705612
0	1.655	3.1	0.31258	0.000713831
0	1.655	3.3	0.31227	0.000710009
0	1.655	3.5	0.313738	0.000712581
0	1.655	3.7	0.303485	0.000705119
0	1.655	3.9	0.292731	0.000695405
0	1.655	4.1	0.27489	0.000681909
0	1.655	4.3	0.253139	0.000666536
0	1.655	4.5	0.217913	0.000631042
0	1.655	4.7	0.20076	0.000613898
0	1.655	4.9	0.174967	0.000582565
0	1.655	5.1	0.150861	0.000548211
0	1.655	5.3	0.130393	0.000515067
0	1.655	5.5	0.114793	0.000488573
0	1.655	5.7	0.0924409	0.000442636
0	1.655	5.9	0.0738684	0.000401652
0	1.655	6.1	0.0603823	0.000364886
0	1.655	6.3	0.0456438	0.000319964
0	1.655	6.5	0.0375662	0.00029008
0	1.655	6.7	0.028962	0.00025793
0	1.655	6.9	0.023168	0.000231058
0	1.655	7.1	0.0190565	0.000209363
0	1.655	7.3	0.0149599	0.000185871
0	1.655	7.5	0.0118471	0.000166665
0	1.655	7.7	0.00848811	0.000140711
0	1.655	7.9	0.00694325	0.000127305
0	1.655	8.1	0.00572551	0.00011591
0	1.655	8.3	0.00394188	9.6327e-05
0	1.655	8.5	0.00290795	8.26268e-05
0	1.655	8.7	0.00244335	7.54911e-05
0	1.655	8.9	0.00188707	6.64477e-05
0	1.655	9.1	0.00103406	4.94405e-05
0	1.655	9.3	0.000907753	4.62424e-05
0	1.655	9.5	0.000634184	3.85117e-05
0	1.655	9.7	0.000552112	3.61601e-05
0	1.655	9.9	0.000171752	2.02395e-05
0	1.655	10.1	0.000208133	2.20597e-05
0	1.655	10.3	6.81604e-05	1.26566e-05
0	1.655	10.5	0.000295417	2.6419e-05
0	1.655	10.7	4.19855e-05	9.89588e-06
0	1.655	10.9	3.29476e-05	8.80547e-06
0	1.655	11.1	2.57824e-05	7.77358e-06
0	1.655	11.3	0.000143339	1.83514e-05
0	1.655	11.5	1.41765e-05	5.7875e-06
0	1.655	11.7	1.88136e-05	6.65155e-06
0	1.655	11.9	2.10866e-05	7.0288e-06
0	1.655	12.1	2.13186e-05	7.10612e-06
0	1.655	12.3	0	0
0	1.655	12.5	3.30558e-05	8.83439e-06
0	1.655	12.7	5.6461e-05	1.15247e-05
0	1.655	12.9	4.67767e-06	3.30761e-06
0	1.655	13.1	3.06191e-05	8.49207e-06
0	1.655	13.3	9.37425e-06	4.6871e-06
0	1.655	13.5	2.34937e-05	7.42927e-06
0	1.655	13.7	1.86731e-05	6.60187e-06
0	1.655	13.9	9.41859e-06	4.70927e-06
0	1.655	14.1	0.000119742	1.67662e-05
0	1.655	14.3	2.56411e-05	7.731e-06
0	1.655	14.5	0	0
0	1.655	14.7	0	0
0	1.655	14.9	2.33864e-06	2.33864e-06
0	1.655	15.1	1.42236e-05	5.80671e-06
0	1.655	15.3	0	0
0	1.655	15.5	0	0
0	1.655	15.7	1.17807e-05	5.26847e-06
0	1.655	15.9	0	0
0	1.665	0.1	0.00553482	0.00011381
0	1.665	0.3	0.00753472	0.000133006
0	1.665	0.5	0.00875428	0.00014273
0	1.665	0.7	0.0138219	0.000179353
0	1.665	0.9	0.0206657	0.000216695
0	1.665	1.1	0.0279031	0.000252512
0	1.665	1.3	0.0413438	0.000305617
0	1.665	1.5	0.0602425	0.000363335
0	1.665	1.7	0.0936681	0.000445561
0	1.665	1.9	0.136377	0.000525341
0	1.665	2.1	0.181464	0.000592948
0	1.665	2.3	0.219997	0.000635525
0	1.665	2.5	0.240298	0.000655555
0	1.665	2.7	0.26091	0.000671857
0	1.665	2.9	0.269311	0.000671622
0	1.665	3.1	0.282887	0.000689065
0	1.665	3.3	0.282648	0.000689246
0	1.665	3.5	0.289146	0.000697873
0	1.665	3.7	0.285561	0.000690405
0	1.665	3.9	0.27193	0.00067791
0	1.665	4.1	0.256214	0.000669019
0	1.665	4.3	0.231511	0.000648017
0	1.665	4.5	0.207453	0.000621988
0	1.665	4.7	0.180988	0.000592016
0	1.665	4.9	0.160802	0.000564254
0	1.665	5.1	0.135874	0.000523921
0	1.665	5.3	0.1132	0.000484248
0	1.665	5.5	0.09862	0.000458046
0	1.665	5.7	0.0796142	0.00041761
0	1.665	5.9	0.0628601	0.000371979
0	1.665	6.1	0.0464132	0.00032249
0	1.665	6.3	0.0361089	0.000287489
0	1.665	6.5	0.0270674	0.000250352
0	1.665	6.7	0.0191302	0.000210087
0	1.665	6.9	0.0152834	0.000188215
0	1.665	7.1	0.0125716	0.000170919
0	1.665	7.3	0.0081037	0.000137686
0	1.665	7.5	0.00602804	0.000118641
0	1.665	7.7	0.00391798	9.59167e-05
0	1.665	7.9	0.00261582	7.85884e-05
0	1.665	8.1	0.00170522	6.34954e-05
0	1.665	8.3	0.00105845	4.98141e-05
0	1.665	8.5	0.000574791	3.66368e-05
0	1.665	8.7	0.00068318	4.01733e-05
0	1.665	8.9	0.000259982	2.46732e-05
0	1.665	9.1	0.000374742	2.97134e-05
0	1.665	9.3	0.000256981	2.4499e-05
0	1.665	9.5	0.00017733	2.04745e-05
0	1.665	9.7	9.86084e-05	1.52149e-05
0	1.665	9.9	5.40628e-05	1.12726e-05
0	1.665	10.1	2.36281e-05	7.47177e-06
0	1.665	10.3	2.36446e-06	2.36446e-06
0	1.665	10.5	3.74582e-05	9.36437e-06
0	1.665	10.7	1.41406e-05	5.77285e-06
0	1.665	10.9	0	0
0	1.665	11.1	0	0
0	1.665	11.3	0	0
0	1.665	11.5	0	0
0	1.665	11.7	2.34785e-06	2.34784e-06
0	1.665	11.9	0	0
0	1.665	12.1	7.11002e-06	4.10495e-06
0	1.665	12.3	1.18204e-05	5.28621e-06
0	1.665	12.5	0	0
0	1.665	12.7	0	0
0	1.665	12.9	0	0
0	1.665	13.1	0	0
0	1.665	13.3	7.01359e-06	4.04928e-06
0	1.665	13.5	3.05859e-05	8.48286e-06
0	1.665	13.7	7.06378e-06	4.07826e-06
0	1.665	13.9	0	0
0	1.665	14.1	0	0
0	1.665	14.3	0	0
0	1.665	14.5	0	0
0	1.665	14.7	0	0
0	1.665	14.9	0	0
0	1.665	15.1	0	0
0	1.665	15.3	0	0
0	1.665	15.5	0	0
0	1.665	15.7	3.97012e-05	9.62876e-06
0	1.665	15.9	0	0
0	1.675	0.1	0.00114478	5.18986e-05
0	1.675	0.3	0.0020821	7.01543e-05
0	1.675	0.5	0.0043926	0.000101545
0	1.675	0.7	0.00654618	0.000124173
0	1.675	0.9	0.0100244	0.000152923
0	1.675	1.1	0.0153141	0.00018827
0	1.675	1.3	0.0233905	0.00023267
0	1.675	1.5	0.0325351	0.000271785
0	1.675	1.7	0.0462661	0.000322392
0	1.675	1.9	0.0703635	0.000392536
0	1.675	2.1	0.113566	0.000486508
0	1.675	2.3	0.153425	0.000552763
0	1.675	2.5	0.191791	0.000602043
0	1.675	2.7	0.216031	0.000630495
0	1.675	2.9	0.2345	0.000647855
0	1.675	3.1	0.250652	0.000664866
0	1.675	3.3	0.261592	0.000675559
0	1.675	3.5	0.262682	0.000676375
0	1.675	3.7	0.259938	0.00067489
0	1.675	3.9	0.255237	0.000671138
0	1.675	4.1	0.233091	0.000648485
0	1.675	4.3	0.216911	0.000632413
0	1.675	4.5	0.190941	0.000604815
0	1.675	4.7	0.166247	0.000573781
0	1.675	4.9	0.142403	0.000536668
0	1.675	5.1	0.12198	0.000500306
0	1.675	5.3	0.102436	0.000462907
0	1.675	5.5	0.084336	0.000427135
0	1.675	5.7	0.0665556	0.000381788
0	1.675	5.9	0.0490007	0.000330956
0	1.675	6.1	0.0357025	0.000286249
0	1.675	6.3	0.0259367	0.000243858
0	1.675	6.5	0.0183854	0.000205738
0	1.675	6.7	0.0123537	0.000169263
0	1.675	6.9	0.00887916	0.000143436
0	1.675	7.1	0.006042	0.00011873
0	1.675	7.3	0.00387272	9.53866e-05
0	1.675	7.5	0.00269211	7.93135e-05
0	1.675	7.7	0.00158726	6.09551e-05
0	1.675	7.9	0.00119179	5.28458e-05
0	1.675	8.1	0.000327669	2.7788e-05
0	1.675	8.3	0.000224388	2.30191e-05
0	1.675	8.5	0.00045983	3.30063e-05
0	1.675	8.7	0.000349142	2.86943e-05
0	1.675	8.9	8.44723e-05	1.40781e-05
0	1.675	9.1	8.99966e-05	1.45987e-05
0	1.675	9.3	0.000109387	1.61273e-05
0	1.675	9.5	5.872e-05	1.17437e-05
0	1.675	9.7	0	0
0	1.675	9.9	1.89766e-05	6.70917e-06
0	1.675	10.1	3.09513e-05	8.58423e-06
0	1.675	10.3	0	0
0	1.675	10.5	4.70123e-05	1.0512e-05
0	1.675	10.7	2.34968e-05	7.43027e-06
0	1.675	10.9	6.82356e-05	1.26706e-05
0	1.675	11.1	0	0
0	1.675	11.3	0	0
0	1.675	11.5	0	0
0	1.675	11.7	3.74395e-05	9.3597e-06
0	1.675	11.9	0	0
0	1.675	12.1	0	0
0	1.675	12.3	0	0
0	1.675	12.5	0	0
0	1.675	12.7	0	0
0	1.675	12.9	0	0
0	1.675	13.1	0	0
0	1.675	13.3	0	0
0	1.675	13.5	0	0
0	1.675	13.7	0	0
0	1.675	13.9	0	0
0	1.675	14.1	0	0
0	1.675	14.3	0	0
0	1.675	14.5	0	0
0	1.675	14.7	0	0
0	1.675	14.9	0	0
0	1.675	15.1	0	0
0	1.675	15.3	0	0
0	1.675	15.5	0	0
0	1.675	15.7	0	0
0	1.675	15.9	0	0
0	1.685	0.1	3.30094e-05	8.82198e-06
0	1.685	0.3	0.000417778	3.12197e-05
0	1.685	0.5	0.00178751	6.50389e-05
0	1.685	0.7	0.00268177	7.96003e-05
0	1.685	0.9	0.0053647	0.000111878
0	1.685	1.1	0.00828868	0.000139047
0	1.685	1.3	0.0121662	0.000168253
0	1.685	1.5	0.0182238	0.000205405
0	1.685	1.7	0.0270482	0.000248435
0	1.685	1.9	0.0384582	0.000294585
0	1.685	2.1	0.0633389	0.000373407
0	1.685	2.3	0.0935323	0.000446416
0	1.685	2.5	0.133028	0.000521871
0	1.685	2.7	0.167525	0.00056974
0	1.685	2.9	0.19256	0.000606532
0	1.685	3.1	0.21291	0.000631209
0	1.685	3.3	0.229949	0.000645076
0	1.685	3.5	0.238539	0.000655029
0	1.685	3.7	0.240984	0.000655851
0	1.685	3.9	0.233223	0.000649288
0	1.685	4.1	0.222387	0.000637922
0	1.685	4.3	0.198284	0.000612673
0	1.685	4.5	0.171567	0.000580058
0	1.685	4.7	0.152475	0.000549653
0	1.685	4.9	0.124706	0.000505987
0	1.685	5.1	0.107421	0.000476301
0	1.685	5.3	0.0865633	0.000431581
0	1.685	5.5	0.0725958	0.000397408
0	1.685	5.7	0.0557173	0.000352015
0	1.685	5.9	0.0397954	0.000299214
0	1.685	6.1	0.0270031	0.000248512
0	1.685	6.3	0.0179969	0.000202597
0	1.685	6.5	0.0106879	0.00015786
0	1.685	6.7	0.00628684	0.000121262
0	1.685	6.9	0.00346717	9.01208e-05
0	1.685	7.1	0.0023872	7.48406e-05
0	1.685	7.3	0.00113269	5.16706e-05
0	1.685	7.5	0.00133692	5.62071e-05
0	1.685	7.7	0.000486226	3.38688e-05
0	1.685	7.9	0.000380007	2.98505e-05
0	1.685	8.1	0.000190843	2.12028e-05
0	1.685	8.3	0.000180148	2.05279e-05
0	1.685	8.5	9.86254e-05	1.52175e-05
0	1.685	8.7	0.000110761	1.61552e-05
0	1.685	8.9	0.000148295	1.86821e-05
0	1.685	9.1	1.17795e-05	5.26792e-06
0	1.685	9.3	0	0
0	1.685	9.5	0	0
0	1.685	9.7	0	0
0	1.685	9.9	0	0
0	1.685	10.1	0	0
0	1.685	10.3	0	0
0	1.685	10.5	0	0
0	1.685	10.7	0	0
0	1.685	10.9	0	0
0	1.685	11.1	0	0
0	1.685	11.3	0	0
0	1.685	11.5	0	0
0	1.685	11.7	0	0
0	1.685	11.9	0	0
0	1.685	12.1	0	0
0	1.685	12.3	0	0
0	1.685	12.5	0	0
0	1.685	12.7	0	0
0	1.685	12.9	0	0
0	1.685	13.1	0	0
0	1.685	13.3	0	0
0	1.685	13.5	0	0
0	1.685	13.7	0	0
0	1.685	13.9	0	0
0	1.685	14.1	0	0
0	1.685	14.3	0	0
0	1.685	14.5	0	0
0	1.685	14.7	0	0
0	1.685	14.9	0	0
0	1.685	15.1	0	0
0	1.685	15.3	0	0
0	1.685	15.5	0	0
0	1.685	15.7	0	0
0	1.685	15.9	0	0
0	1.695	0.1	0	0
0	1.695	0.3	0	0
0	1.695	0.5	0.000384914	3.0051e-05
0	1.695	0.7	0.00101705	4.87949e-05
0	1.695	0.9	0.00235495	7.42709e-05
0	1.695	1.1	0.00427617	0.000100075
0	1.695	1.3	0.00727821	0.000130349
0	1.695	1.5	0.0110692	0.00016048
0	1.695	1.7	0.0159815	0.000192305
0	1.695	1.9	0.0230129	0.00023001
0	1.695	2.1	0.0342255	0.000278602
0	1.695	2.3	0.0484542	0.000329893
0	1.695	2.5	0.0787537	0.00041081
0	1.695	2.7	0.117225	0.000496046
0	1.695	2.9	0.14829	0.000546233
0	1.695	3.1	0.178898	0.000586801
0	1.695	3.3	0.192154	0.000604991
0	1.695	3.5	0.212548	0.000626401
0	1.695	3.7	0.215677	0.000630492
0	1.695	3.9	0.208977	0.000622653
0	1.695	4.1	0.202552	0.000614447
0	1.695	4.3	0.186259	0.000595317
0	1.695	4.5	0.162126	0.000568317
0	1.695	4.7	0.136903	0.000529474
0	1.695	4.9	0.11424	0.000489633
0	1.695	5.1	0.0931136	0.000444398
0	1.695	5.3	0.0750524	0.000404612
0	1.695	5.5	0.0599458	0.000365232
0	1.695	5.7	0.0429264	0.000310563
0	1.695	5.9	0.0275922	0.000250563
0	1.695	6.1	0.0184634	0.000206064
0	1.695	6.3	0.0105333	0.000156435
0	1.695	6.5	0.0059028	0.000117123
0	1.695	6.7	0.00308	8.47078e-05
0	1.695	6.9	0.00192874	6.75369e-05
0	1.695	7.1	0.00126188	5.44198e-05
0	1.695	7.3	0.000603995	3.76648e-05
0	1.695	7.5	0.000405268	3.08951e-05
0	1.695	7.7	0.000258267	2.46216e-05
0	1.695	7.9	0.000285789	2.58704e-05
0	1.695	8.1	8.28226e-05	1.3999e-05
0	1.695	8.3	4.46749e-05	1.02489e-05
0	1.695	8.5	4.01595e-05	9.73991e-06
0	1.695	8.7	6.13106e-05	1.20236e-05
0	1.695	8.9	1.86364e-05	6.58889e-06
0	1.695	9.1	0	0
0	1.695	9.3	1.63263e-05	6.17073e-06
0	1.695	9.5	0	0
0	1.695	9.7	0	0
0	1.695	9.9	0	0
0	1.695	10.1	0	0
0	1.695	10.3	0	0
0	1.695	10.5	0	0
0	1.695	10.7	0	0
0	1.695	10.9	0	0
0	1.695	11.1	0	0
0	1.695	11.3	0	0
0	1.695	11.5	0	0
0	1.695	11.7	0	0
0	1.695	11.9	0	0
0	1.695	12.1	0	0
0	1.695	12.3	0	0
0	1.695	12.5	0	0
0	1.695	12.7	0	0
0	1.695	12.9	0	0
0	1.695	13.1	0	0
0	1.695	13.3	0	0
0	1.695	13.5	0	0
0	1.695	13.7	0	0
0	1.695	13.9	0	0
0	1.695	14.1	0	0
0	1.695	14.3	0	0
0	1.695	14.5	0	0
0	1.695	14.7	0	0
0	1.695	14.9	0	0
0	1.695	15.1	0	0
0	1.695	15.3	0	0
0	1.695	15.5	0	0
0	1.695	15.7	0	0
0	1.695	15.9	0	0
0	1.705	0.1	0	0
0	1.705	0.3	0	0
0	1.705	0.5	0	0
0	1.705	0.7	0.000267826	2.51916e-05
0	1.705	0.9	0.000773577	4.26322e-05
0	1.705	1.1	0.00201092	6.88236e-05
0	1.705	1.3	0.00355254	9.12594e-05
0	1.705	1.5	0.00628188	0.000121395
0	1.705	1.7	0.010245	0.000155037
0	1.705	1.9	0.0127977	0.000172494
0	1.705	2.1	0.0203805	0.000217328
0	1.705	2.3	0.0275978	0.000250847
0	1.705	2.5	0.0432834	0.000311828
0	1.705	2.7	0.0692912	0.000389373
0	1.705	2.9	0.0986413	0.000457281
0	1.705	3.1	0.137941	0.000528076
0	1.705	3.3	0.165849	0.000570263
0	1.705	3.5	0.177024	0.000584809
0	1.705	3.7	0.191612	0.0006021
0	1.705	3.9	0.187931	0.00060096
0	1.705	4.1	0.183586	0.000594456
0	1.705	4.3	0.166618	0.000571957
0	1.705	4.5	0.149381	0.00054781
0	1.705	4.7	0.123146	0.000504785
0	1.705	4.9	0.100566	0.000463899
0	1.705	5.1	0.0848206	0.000428117
0	1.705	5.3	0.0667285	0.000381076
0	1.705	5.5	0.0482329	0.000328424
0	1.705	5.7	0.0335138	0.00027554
0	1.705	5.9	0.0207777	0.000218669
0	1.705	6.1	0.0119564	0.000166697
0	1.705	6.3	0.00603999	0.000118553
0	1.705	6.5	0.00368191	9.30783e-05
0	1.705	6.7	0.00208141	6.99325e-05
0	1.705	6.9	0.00119196	5.28014e-05
0	1.705	7.1	0.000903306	4.6016e-05
0	1.705	7.3	0.000588674	3.71458e-05
0	1.705	7.5	0.000153433	1.90295e-05
0	1.705	7.7	0.000211152	2.2255e-05
0	1.705	7.9	0.000116642	1.64947e-05
0	1.705	8.1	0.000116507	1.66429e-05
0	1.705	8.3	4.71074e-05	1.05333e-05
0	1.705	8.5	0	0
0	1.705	8.7	7.09354e-06	4.09544e-06
0	1.705	8.9	0	0
0	1.705	9.1	4.27141e-05	1.00676e-05
0	1.705	9.3	0	0
0	1.705	9.5	0	0
0	1.705	9.7	0	0
0	1.705	9.9	0	0
0	1.705	10.1	0	0
0	1.705	10.3	0	0
0	1.705	10.5	0	0
0	1.705	10.7	0	0
0	1.705	10.9	0	0
0	1.705	11.1	0	0
0	1.705	11.3	0	0
0	1.705	11.5	0	0
0	1.705	11.7	0	0
0	1.705	11.9	0	0
0	1.705	12.1	0	0
0	1.705	12.3	0	0
0	1.705	12.5	0	0
0	1.705	12.7	0	0
0	1.705	12.9	0	0
0	1.705	13.1	0	0
0	1.705	13.3	0	0
0	1.705	13.5	0	0
0	1.705	13.7	0	0
0	1.705	13.9	0	0
0	1.705	14.1	0	0
0	1.705	14.3	0	0
0	1.705	14.5	0	0
0	1.705	14.7	0	0
0	1.705	14.9	0	0
0	1.705	15.1	0	0
0	1.705	15.3	0	0
0	1.705	15.5	0	0
0	1.705	15.7	0	0
0	1.705	15.9	0	0
0	1.715	0.1	0	0
0	1.715	0.3	0	0
0	1.715	0.5	0	0
0	1.715	0.7	5.40141e-05	1.12624e-05
0	1.715	0.9	0.000119787	1.67725e-05
0	1.715	1.1	0.000774679	4.26281e-05
0	1.715	1.3	0.00199016	6.85173e-05
0	1.715	1.5	0.00344021	8.94516e-05
0	1.715	1.7	0.00613607	0.000120573
0	1.715	1.9	0.0085136	0.000140606
0	1.715	2.1	0.0120735	0.000167449
0	1.715	2.3	0.017866	0.000202659
0	1.715	2.5	0.0246004	0.000237728
0	1.715	2.7	0.0379985	0.000292268
0	1.715	2.9	0.060787	0.000366789
0	1.715	3.1	0.091612	0.000444196
0	1.715	3.3	0.122933	0.000502532
0	1.715	3.5	0.15032	0.000550052
0	1.715	3.7	0.161506	0.000564734
0	1.715	3.9	0.166594	0.00057339
0	1.715	4.1	0.162742	0.000566911
0	1.715	4.3	0.152182	0.00054856
0	1.715	4.5	0.130587	0.000517054
0	1.715	4.7	0.10896	0.000478644
0	1.715	4.9	0.0914113	0.000443467
0	1.715	5.1	0.0704039	0.00039033
0	1.715	5.3	0.0556593	0.000350985
0	1.715	5.5	0.0411859	0.000305846
0	1.715	5.7	0.0270706	0.000249135
0	1.715	5.9	0.0157451	0.00019003
0	1.715	6.1	0.00800509	0.000136335
0	1.715	6.3	0.00492826	0.000106922
0	1.715	6.5	0.00238936	7.47243e-05
0	1.715	6.7	0.00135874	5.63803e-05
0	1.715	6.9	0.000665506	3.96171e-05
0	1.715	7.1	0.000285712	2.59701e-05
0	1.715	7.3	0.000309341	2.68191e-05
0	1.715	7.5	0.000324104	2.75851e-05
0	1.715	7.7	8.66472e-05	1.42441e-05
0	1.715	7.9	0.000127729	1.73806e-05
0	1.715	8.1	7.98231e-05	1.3689e-05
0	1.715	8.3	1.66358e-05	6.28768e-06
0	1.715	8.5	0	0
0	1.715	8.7	0	0
0	1.715	8.9	0	0
0	1.715	9.1	0	0
0	1.715	9.3	0	0
0	1.715	9.5	0	0
0	1.715	9.7	0	0
0	1.715	9.9	0	0
0	1.715	10.1	0	0
0	1.715	10.3	0	0
0	1.715	10.5	0	0
0	1.715	10.7	0	0
0	1.715	10.9	0	0
0	1.715	11.1	0	0
0	1.715	11.3	0	0
0	1.715	11.5	0	0
0	1.715	11.7	0	0
0	1.715	11.9	0	0
0	1.715	12.1	0	0
0	1.715	12.3	0	0
0	1.715	12.5	0	0
0	1.715	12.7	0	0
0	1.715	12.9	0	0
0	1.715	13.1	0	0
0	1.715	13.3	0	0
0	1.715	13.5	0	0
0	1.715	13.7	0	0
0	1.715	13.9	0	0
0	1.715	14.1	0	0
0	1.715	14.3	0	0
0	1.715	14.5	0	0
0	1.715	14.7	0	0
0	1.715	14.9	0	0
0	1.715	15.1	0	0
0	1.715	15.3	0	0
0	1.715	15.5	0	0
0	1.715	15.7	0	0
0	1.715	15.9	0	0
0	1.725	0.1	0	0
0	1.725	0.3	0	0
0	1.725	0.5	0	0
0	1.725	0.7	0	0
0	1.725	0.9	0	0
0	1.725	1.1	0.000176091	2.03315e-05
0	1.725	1.3	0.000792557	4.31562e-05
0	1.725	1.5	0.0018693	6.63187e-05
0	1.725	1.7	0.00329981	8.84253e-05
0	1.725	1.9	0.00512909	0.000110077
0	1.725	2.1	0.00576455	0.000115842
0	1.725	2.3	0.00960283	0.000149596
0	1.725	2.5	0.0164934	0.000196062
0	1.725	2.7	0.0219671	0.000225905
0	1.725	2.9	0.0354268	0.000284193
0	1.725	3.1	0.055212	0.000351957
0	1.725	3.3	0.0848915	0.000426274
0	1.725	3.5	0.111384	0.000483224
0	1.725	3.7	0.135568	0.00052603
0	1.725	3.9	0.144504	0.000540736
0	1.725	4.1	0.143738	0.000537836
0	1.725	4.3	0.129696	0.000515117
0	1.725	4.5	0.117421	0.000493512
0	1.725	4.7	0.0976351	0.000456138
0	1.725	4.9	0.0785671	0.000412636
0	1.725	5.1	0.0614466	0.000367995
0	1.725	5.3	0.046976	0.00032499
0	1.725	5.5	0.0325921	0.000273022
0	1.725	5.7	0.0195757	0.000213104
0	1.725	5.9	0.0128705	0.000172566
0	1.725	6.1	0.00673705	0.000125201
0	1.725	6.3	0.00312995	8.54654e-05
0	1.725	6.5	0.00198442	6.81579e-05
0	1.725	6.7	0.00101911	4.89504e-05
0	1.725	6.9	0.000790534	4.31744e-05
0	1.725	7.1	0.000540995	3.58185e-05
0	1.725	7.3	0.000188276	2.10479e-05
0	1.725	7.5	0.000127189	1.73071e-05
0	1.725	7.7	0.000109978	1.6041e-05
0	1.725	7.9	1.89483e-05	6.69918e-06
0	1.725	8.1	2.11419e-05	7.04724e-06
0	1.725	8.3	0	0
0	1.725	8.5	0	0
0	1.725	8.7	0	0
0	1.725	8.9	9.35414e-06	4.67705e-06
0	1.725	9.1	0	0
0	1.725	9.3	0	0
0	1.725	9.5	0	0
0	1.725	9.7	0	0
0	1.725	9.9	0	0
0	1.725	10.1	0	0
0	1.725	10.3	0	0
0	1.725	10.5	0	0
0	1.725	10.7	0	0
0	1.725	10.9	0	0
0	1.725	11.1	0	0
0	1.725	11.3	0	0
0	1.725	11.5	0	0
0	1.725	11.7	0	0
0	1.725	11.9	0	0
0	1.725	12.1	0	0
0	1.725	12.3	0	0
0	1.725	12.5	0	0
0	1.725	12.7	0	0
0	1.725	12.9	0	0
0	1.725	13.1	0	0
0	1.725	13.3	0	0
0	1.725	13.5	0	0
0	1.725	13.7	0	0
0	1.725	13.9	0	0
0	1.725	14.1	0	0
0	1.725	14.3	0	0
0	1.725	14.5	0	0
0	1.725	14.7	0	0
0	1.725	14.9	0	0
0	1.725	15.1	0	0
0	1.725	15.3	0	0
0	1.725	15.5	0	0
0	1.725	15.7	0	0
0	1.725	15.9	0	0
0	1.735	0.1	0	0
0	1.735	0.3	0	0
0	1.735	0.5	0	0
0	1.735	0.7	0	0
0	1.735	0.9	0	0
0	1.735	1.1	4.70254e-05	1.0515e-05
0	1.735	1.3	0.000239594	2.37205e-05
0	1.735	1.5	0.000670743	3.95794e-05
0	1.735	1.7	0.00146237	5.86398e-05
0	1.735	1.9	0.00238018	7.45474e-05
0	1.735	2.1	0.00391917	9.60036e-05
0	1.735	2.3	0.00632035	0.000122204
0	1.735	2.5	0.0095885	0.000149686
0	1.735	2.7	0.0122522	0.00016833
0	1.735	2.9	0.0176668	0.000202785
0	1.735	3.1	0.0319921	0.000269343
0	1.735	3.3	0.0505023	0.000334256
0	1.735	3.5	0.0745174	0.000401749
0	1.735	3.7	0.10045	0.000461267
0	1.735	3.9	0.118213	0.000494991
0	1.735	4.1	0.122597	0.000502456
0	1.735	4.3	0.11614	0.000493241
0	1.735	4.5	0.105095	0.000469979
0	1.735	4.7	0.0832945	0.000422633
0	1.735	4.9	0.0651669	0.000378038
0	1.735	5.1	0.0526319	0.000341301
0	1.735	5.3	0.0392925	0.000297878
0	1.735	5.5	0.0268952	0.000248268
0	1.735	5.7	0.015794	0.000191611
0	1.735	5.9	0.00925614	0.00014689
0	1.735	6.1	0.00509951	0.000109928
0	1.735	6.3	0.00256704	7.75468e-05
0	1.735	6.5	0.00145702	5.8285e-05
0	1.735	6.7	0.00112985	5.14342e-05
0	1.735	6.9	0.000520843	3.49476e-05
0	1.735	7.1	0.000530265	3.54205e-05
0	1.735	7.3	0.000142802	1.82826e-05
0	1.735	7.5	0.000227026	2.30484e-05
0	1.735	7.7	3.76212e-05	9.40513e-06
0	1.735	7.9	7.26448e-05	1.30469e-05
0	1.735	8.1	0	0
0	1.735	8.3	4.69641e-06	3.32086e-06
0	1.735	8.5	1.17546e-05	5.25679e-06
0	1.735	8.7	0	0
0	1.735	8.9	0	0
0	1.735	9.1	0	0
0	1.735	9.3	0	0
0	1.735	9.5	0	0
0	1.735	9.7	0	0
0	1.735	9.9	0	0
0	1.735	10.1	0	0
0	1.735	10.3	0	0
0	1.735	10.5	0	0
0	1.735	10.7	0	0
0	1.735	10.9	0	0
0	1.735	11.1	0	0
0	1.735	11.3	0	0
0	1.735	11.5	0	0
0	1.735	11.7	0	0
0	1.735	11.9	0	0
0	1.735	12.1	0	0
0	1.735	12.3	0	0
0	1.735	12.5	0	0
0	1.735	12.7	0	0
0	1.735	12.9	0	0
0	1.735	13.1	0	0
0	1.735	13.3	0	0
0	1.735	13.5	0	0
0	1.735	13.7	0	0
0	1.735	13.9	0	0
0	1.735	14.1	0	0
0	1.735	14.3	0	0
0	1.735	14.5	0	0
0	1.735	14.7	0	0
0	1.735	14.9	0	0
0	1.735	15.1	0	0
0	1.735	15.3	0	0
0	1.735	15.5	0	0
0	1.735	15.7	0	0
0	1.735	15.9	0	0
0	1.745	0.1	0	0
0	1.745	0.3	0	0
0	1.745	0.5	0	0
0	1.745	0.7	0	0
0	1.745	0.9	0	0
0	1.745	1.1	0	0
0	1.745	1.3	0	0
0	1.745	1.5	8.92821e-05	1.44828e-05
0	1.745	1.7	0.000322911	2.75837e-05
0	1.745	1.9	0.000984201	4.80005e-05
0	1.745	2.1	0.00123819	5.36996e-05
0	1.745	2.3	0.00279103	8.0829e-05
0	1.745	2.5	0.00400234	9.68482e-05
0	1.745	2.7	0.00749823	0.000132177
0	1.745	2.9	0.0103919	0.000156096
0	1.745	3.1	0.0154325	0.00018849
0	1.745	3.3	0.0264103	0.000245634
0	1.745	3.5	0.0452559	0.000318328
0	1.745	3.7	0.0681402	0.000388396
0	1.745	3.9	0.0877925	0.000434259
0	1.745	4.1	0.0965652	0.000453717
0	1.745	4.3	0.0981933	0.000456478
0	1.745	4.5	0.0851996	0.00042885
0	1.745	4.7	0.0692216	0.000390156
0	1.745	4.9	0.0562542	0.000352596
0	1.745	5.1	0.0440922	0.000314783
0	1.745	5.3	0.0312399	0.00026657
0	1.745	5.5	0.022052	0.000226085
0	1.745	5.7	0.0137088	0.000177896
0	1.745	5.9	0.00729804	0.000131
0	1.745	6.1	0.00435184	0.000101067
0	1.745	6.3	0.00210712	7.02805e-05
0	1.745	6.5	0.000823431	4.39961e-05
0	1.745	6.7	0.000707765	4.07129e-05
0	1.745	6.9	0.000429806	3.17654e-05
0	1.745	7.1	0.000310077	2.70873e-05
0	1.745	7.3	0.000204578	2.19308e-05
0	1.745	7.5	7.96113e-05	1.36527e-05
0	1.745	7.7	7.83939e-05	1.36461e-05
0	1.745	7.9	7.07115e-06	4.08252e-06
0	1.745	8.1	4.93913e-05	1.07778e-05
0	1.745	8.3	3.30398e-05	8.83012e-06
0	1.745	8.5	2.36709e-06	2.36709e-06
0	1.745	8.7	0	0
0	1.745	8.9	0	0
0	1.745	9.1	0	0
0	1.745	9.3	0	0
0	1.745	9.5	0	0
0	1.745	9.7	0	0
0	1.745	9.9	0	0
0	1.745	10.1	0	0
0	1.745	10.3	0	0
0	1.745	10.5	0	0
0	1.745	10.7	0	0
0	1.745	10.9	0	0
0	1.745	11.1	0	0
0	1.745	11.3	0	0
0	1.745	11.5	0	0
0	1.745	11.7	0	0
0	1.745	11.9	0	0
0	1.745	12.1	0	0
0	1.745	12.3	0	0
0	1.745	12.5	0	0
0	1.745	12.7	0	0
0	1.745	12.9	0	0
0	1.745	13.1	0	0
0	1.745	13.3	0	0
0	1.745	13.5	0	0
0	1.745	13.7	0	0
0	1.745	13.9	0	0
0	1.745	14.1	0	0
0	1.745	14.3	0	0
0	1.745	14.5	0	0
0	1.745	14.7	0	0
0	1.745	14.9	0	0
0	1.745	15.1	0	0
0	1.745	15.3	0	0
0	1.745	15.5	0	0
0	1.745	15.7	0	0
0	1.745	15.9	0	0
0	1.755	0.1	0	0
0	1.755	0.3	0	0
0	1.755	0.5	0	0
0	1.755	0.7	0	0
0	1.755	0.9	0	0
0	1.755	1.1	0	0
0	1.755	1.3	0	0
0	1.755	1.5	0	0
0	1.755	1.7	0	0
0	1.755	1.9	0	0
0	1.755	2.1	5.43576e-05	1.1334e-05
0	1.755	2.3	0.000259313	2.47213e-05
0	1.755	2.5	0.000577571	3.6889e-05
0	1.755	2.7	0.00169102	6.332e-05
0	1.755	2.9	0.00368319	9.31108e-05
0	1.755	3.1	0.00689136	0.000126743
0	1.755	3.3	0.0118582	0.000165467
0	1.755	3.5	0.0217156	0.000223323
0	1.755	3.7	0.0398295	0.000298614
0	1.755	3.9	0.0580196	0.00035721
0	1.755	4.1	0.0727203	0.000397857
0	1.755	4.3	0.0754468	0.000403882
0	1.755	4.5	0.0696705	0.000391844
0	1.755	4.7	0.0572211	0.000356718
0	1.755	4.9	0.0437384	0.000313008
0	1.755	5.1	0.0343284	0.000278632
0	1.755	5.3	0.0262498	0.000245849
0	1.755	5.5	0.0164256	0.000193848
0	1.755	5.7	0.0105529	0.000156813
0	1.755	5.9	0.00609939	0.000119668
0	1.755	6.1	0.00339228	8.9554e-05
0	1.755	6.3	0.00154042	6.00514e-05
0	1.755	6.5	0.00137232	5.66994e-05
0	1.755	6.7	0.000499863	3.43222e-05
0	1.755	6.9	0.000599644	3.74665e-05
0	1.755	7.1	0.000248686	2.42663e-05
0	1.755	7.3	0.000143508	1.83731e-05
0	1.755	7.5	0.000100275	1.5291e-05
0	1.755	7.7	4.91734e-05	1.07303e-05
0	1.755	7.9	0	0
0	1.755	8.1	0	0
0	1.755	8.3	0	0
0	1.755	8.5	0	0
0	1.755	8.7	0	0
0	1.755	8.9	0	0
0	1.755	9.1	0	0
0	1.755	9.3	0	0
0	1.755	9.5	0	0
0	1.755	9.7	0	0
0	1.755	9.9	0	0
0	1.755	10.1	0	0
0	1.755	10.3	0	0
0	1.755	10.5	0	0
0	1.755	10.7	0	0
0	1.755	10.9	0	0
0	1.755	11.1	0	0
0	1.755	11.3	0	0
0	1.755	11.5	0	0
0	1.755	11.7	0	0
0	1.755	11.9	0	0
0	1.755	12.1	0	0
0	1.755	12.3	0	0
0	1.755	12.5	0	0
0	1.755	12.7	0	0
0	1.755	12.9	0	0
0	1.755	13.1	0	0
0	1.755	13.3	0	0
0	1.755	13.5	0	0
0	1.755	13.7	0	0
0	1.755	13.9	0	0
0	1.755	14.1	0	0
0	1.755	14.3	0	0
0	1.755	14.5	0	0
0	1.755	14.7	0	0
0	1.755	14.9	0	0
0	1.755	15.1	0	0
0	1.755	15.3	0	0
0	1.755	15.5	0	0
0	1.755	15.7	0	0
0	1.755	15.9	0	0
0	1.765	0.1	0	0
0	1.765	0.3	0	0
0	1.765	0.5	0	0
0	1.765	0.7	0	0
0	1.765	0.9	0	0
0	1.765	1.1	0	0
0	1.765	1.3	0	0
0	1.765	1.5	0	0
0	1.765	1.7	0	0
0	1.765	1.9	0	0
0	1.765	2.1	0	0
0	1.765	2.3	0	0
0	1.765	2.5	0	0
0	1.765	2.7	0	0
0	1.765	2.9	0	0
0	1.765	3.1	0.000557066	3.62518e-05
0	1.765	3.3	0.00161667	6.16299e-05
0	1.765	3.5	0.00526871	0.000110855
0	1.765	3.7	0.0125399	0.000170523
0	1.765	3.9	0.0245117	0.000236813
0	1.765	4.1	0.0383314	0.000294977
0	1.765	4.3	0.0472964	0.000325976
0	1.765	4.5	0.0488009	0.000328689
0	1.765	4.7	0.0391028	0.000297513
0	1.765	4.9	0.0310385	0.000265267
0	1.765	5.1	0.0213774	0.000221093
0	1.765	5.3	0.0157166	0.000191209
0	1.765	5.5	0.0105159	0.000156633
0	1.765	5.7	0.0079636	0.00013623
0	1.765	5.9	0.004673	0.000104719
0	1.765	6.1	0.00235033	7.46483e-05
0	1.765	6.3	0.0012435	5.42371e-05
0	1.765	6.5	0.000729396	4.14788e-05
0	1.765	6.7	0.000652139	3.91705e-05
0	1.765	6.9	0.000319819	2.73196e-05
0	1.765	7.1	0.000136768	1.79573e-05
0	1.765	7.3	0.00015198	1.88494e-05
0	1.765	7.5	2.34329e-06	2.34328e-06
0	1.765	7.7	1.16913e-05	5.22847e-06
0	1.765	7.9	1.6481e-05	6.22917e-06
0	1.765	8.1	0	0
0	1.765	8.3	0	0
0	1.765	8.5	0	0
0	1.765	8.7	0	0
0	1.765	8.9	0	0
0	1.765	9.1	0	0
0	1.765	9.3	0	0
0	1.765	9.5	0	0
0	1.765	9.7	0	0
0	1.765	9.9	0	0
0	1.765	10.1	0	0
0	1.765	10.3	0	0
0	1.765	10.5	0	0
0	1.765	10.7	0	0
0	1.765	10.9	0	0
0	1.765	11.1	0	0
0	1.765	11.3	0	0
0	1.765	11.5	0	0
0	1.765	11.7	0	0
0	1.765	11.9	0	0
0	1.765	12.1	0	0
0	1.765	12.3	0	0
0	1.765	12.5	0	0
0	1.765	12.7	0	0
0	1.765	12.9	0	0
0	1.765	13.1	0	0
0	1.765	13.3	0	0
0	1.765	13.5	0	0
0	1.765	13.7	0	0
0	1.765	13.9	0	0
0	1.765	14.1	0	0
0	1.765	14.3	0	0
0	1.765	14.5	0	0
0	1.765	14.7	0	0
0	1.765	14.9	0	0
0	1.765	15.1	0	0
0	1.765	15.3	0	0
0	1.765	15.5	0	0
0	1.765	15.7	0	0
0	1.765	15.9	0	0
0	1.775	0.1	0	0
0	1.775	0.3	0	0
0	1.775	0.5	0	0
0	1.775	0.7	0	0
0	1.775	0.9	0	0
0	1.775	1.1	0	0
0	1.775	1.3	0	0
0	1.775	1.5	0	0
0	1.775	1.7	0	0
0	1.775	1.9	0	0
0	1.775	2.1	0	0
0	1.775	2.3	0	0
0	1.775	2.5	0	0
0	1.775	2.7	0	0
0	1.775	2.9	0	0
0	1.775	3.1	0	0
0	1.775	3.3	0	0
0	1.775	3.5	1.895e-05	6.69977e-06
0	1.775	3.7	4.2374e-05	9.98743e-06
0	1.775	3.9	0.00100426	4.85753e-05
0	1.775	4.1	0.00469666	0.00010501
0	1.775	4.3	0.0112412	0.000161726
0	1.775	4.5	0.0153645	0.000188785
0	1.775	4.7	0.015556	0.00018937
0	1.775	4.9	0.0124981	0.000170792
0	1.775	5.1	0.00966599	0.000150742
0	1.775	5.3	0.00707018	0.000128263
0	1.775	5.5	0.00458233	0.000103399
0	1.775	5.7	0.00283984	8.18626e-05
0	1.775	5.9	0.00206753	6.96638e-05
0	1.775	6.1	0.00152094	5.96108e-05
0	1.775	6.3	0.000835657	4.43961e-05
0	1.775	6.5	0.00051854	3.51109e-05
0	1.775	6.7	0.000402045	3.0739e-05
0	1.775	6.9	0.00026283	2.48318e-05
0	1.775	7.1	8.23326e-05	1.39162e-05
0	1.775	7.3	0.000158753	1.93932e-05
0	1.775	7.5	2.34707e-05	7.42198e-06
0	1.775	7.7	4.94011e-05	1.07799e-05
0	1.775	7.9	4.24896e-05	1.00147e-05
0	1.775	8.1	0	0
0	1.775	8.3	7.08006e-06	4.08766e-06
0	1.775	8.5	0	0
0	1.775	8.7	0	0
0	1.775	8.9	0	0
0	1.775	9.1	0	0
0	1.775	9.3	0	0
0	1.775	9.5	0	0
0	1.775	9.7	0	0
0	1.775	9.9	0	0
0	1.775	10.1	0	0
0	1.775	10.3	0	0
0	1.775	10.5	0	0
0	1.775	10.7	0	0
0	1.775	10.9	0	0
0	1.775	11.1	0	0
0	1.775	11.3	0	0
0	1.775	11.5	0	0
0	1.775	11.7	0	0
0	1.775	11.9	0	0
0	1.775	12.1	0	0
0	1.775	12.3	0	0
0	1.775	12.5	0	0
0	1.775	12.7	0	0
0	1.775	12.9	0	0
0	1.775	13.1	0	0
0	1.775	13.3	0	0
0	1.775	13.5	0	0
0	1.775	13.7	0	0
0	1.775	13.9	0	0
0	1.775	14.1	0	0
0	1.775	14.3	0	0
0	1.775	14.5	0	0
0	1.775	14.7	0	0
0	1.775	14.9	0	0
0	1.775	15.1	0	0
0	1.775	15.3	0	0
0	1.775	15.5	0	0
0	1.775	15.7	0	0
0	1.775	15.9	0	0
0	1.785	0.1	0	0
0	1.785	0.3	0	0
0	1.785	0.5	0	0
0	1.785	0.7	0	0
0	1.785	0.9	0	0
0	1.785	1.1	0	0
0	1.785	1.3	0	0
0	1.785	1.5	0	0
0	1.785	1.7	0	0
0	1.785	1.9	0	0
0	1.785	2.1	0	0
0	1.785	2.3	0	0
0	1.785	2.5	0	0
0	1.785	2.7	0	0
0	1.785	2.9	0	0
0	1.785	3.1	0	0
0	1.785	3.3	0	0
0	1.785	3.5	0	0
0	1.785	3.7	0	0
0	1.785	3.9	0	0
0	1.785	4.1	0	0
0	1.785	4.3	0	0
0	1.785	4.5	8.49203e-05	1.41528e-05
0	1.785	4.7	0.00047861	3.34195e-05
0	1.785	4.9	0.00115935	5.25585e-05
0	1.785	5.1	0.000960785	4.73693e-05
0	1.785	5.3	0.0011719	5.24305e-05
0	1.785	5.5	0.000970858	4.76919e-05
0	1.785	5.7	0.000581549	3.70674e-05
0	1.785	5.9	0.00071041	4.09328e-05
0	1.785	6.1	0.000306257	2.67537e-05
0	1.785	6.3	0.000323821	2.7561e-05
0	1.785	6.5	0.000329499	2.79432e-05
0	1.785	6.7	0.000194024	2.12948e-05
0	1.785	6.9	0.00013667	1.79444e-05
0	1.785	7.1	8.01386e-05	1.37431e-05
0	1.785	7.3	7.07804e-06	4.0865e-06
0	1.785	7.5	9.61947e-05	1.50224e-05
0	1.785	7.7	3.07112e-05	8.51763e-06
0	1.785	7.9	2.35369e-06	2.35369e-06
0	1.785	8.1	0	0
0	1.785	8.3	1.64394e-05	6.21345e-06
0	1.785	8.5	0	0
0	1.785	8.7	0	0
0	1.785	8.9	0	0
0	1.785	9.1	0	0
0	1.785	9.3	0	0
0	1.785	9.5	0	0
0	1.785	9.7	0	0
0	1.785	9.9	0	0
0	1.785	10.1	0	0
0	1.785	10.3	0	0
0	1.785	10.5	0	0
0	1.785	10.7	0	0
0	1.785	10.9	0	0
0	1.785	11.1	0	0
0	1.785	11.3	0	0
0	1.785	11.5	0	0
0	1.785	11.7	0	0
0	1.785	11.9	0	0
0	1.785	12.1	0	0
0	1.785	12.3	0	0
0	1.785	12.5	0	0
0	1.785	12.7	0	0
0	1.785	12.9	0	0
0	1.785	13.1	0	0
0	1.785	13.3	0	0
0	1.785	13.5	0	0
0	1.785	13.7	0	0
0	1.785	13.9	0	0
0	1.785	14.1	0	0
0	1.785	14.3	0	0
0	1.785	14.5	0	0
0	1.785	14.7	0	0
0	1.785	14.9	0	0
0	1.785	15.1	0	0
0	1.785	15.3	0	0
0	1.785	15.5	0	0
0	1.785	15.7	0	0
0	1.785	15.9	0	0
0	1.795	0.1	0	0
0	1.795	0.3	0	0
0	1.795	0.5	0	0
0	1.795	0.7	0	0
0	1.795	0.9	0	0
0	1.795	1.1	0	0
0	1.795	1.3	0	0
0	1.795	1.5	0	0
0	1.795	1.7	0	0
0	1.795	1.9	0	0
0	1.795	2.1	0	0
0	1.795	2.3	0	0
0	1.795	2.5	0	0
0	1.795	2.7	0	0
0	1.795	2.9	0	0
0	1.795	3.1	0	0
0	1.795	3.3	0	0
0	1.795	3.5	0	0
0	1.795	3.7	0	0
0	1.795	3.9	0	0
0	1.795	4.1	0	0
0	1.795	4.3	0	0
0	1.795	4.5	0	0
0	1.795	4.7	0	0
0	1.795	4.9	0	0
0	1.795	5.1	0	0
0	1.795	5.3	1.89146e-05	6.68725e-06
0	1.795	5.5	4.7327e-06	3.34651e-06
0	1.795	5.7	0.000127352	1.73294e-05
0	1.795	5.9	3.73735e-05	9.3432e-06
0	1.795	6.1	0.000120294	1.68436e-05
0	1.795	6.3	8.87345e-05	1.4394e-05
0	1.795	6.5	0.000163771	1.95727e-05
0	1.795	6.7	0.000106351	1.5853e-05
0	1.795	6.9	9.87404e-05	1.52352e-05
0	1.795	7.1	4.93514e-05	1.07691e-05
0	1.795	7.3	1.65659e-05	6.26125e-06
0	1.795	7.5	4.67764e-06	3.30758e-06
0	1.795	7.7	7.10054e-06	4.09948e-06
0	1.795	7.9	0	0
0	1.795	8.1	0	0
0	1.795	8.3	0	0
0	1.795	8.5	0	0
0	1.795	8.7	0	0
0	1.795	8.9	0	0
0	1.795	9.1	0	0
0	1.795	9.3	0	0
0	1.795	9.5	0	0
0	1.795	9.7	0	0
0	1.795	9.9	0	0
0	1.795	10.1	0	0
0	1.795	10.3	0	0
0	1.795	10.5	0	0
0	1.795	10.7	0	0
0	1.795	10.9	0	0
0	1.795	11.1	0	0
0	1.795	11.3	0	0
0	1.795	11.5	0	0
0	1.795	11.7	0	0
0	1.795	11.9	0	0
0	1.795	12.1	0	0
0	1.795	12.3	0	0
0	1.795	12.5	0	0
0	1.795	12.7	0	0
0	1.795	12.9	0	0
0	1.795	13.1	0	0
0	1.795	13.3	0	0
0	1.795	13.5	0	0
0	1.795	13.7	0	0
0	1.795	13.9	0	0
0	1.795	14.1	0	0
0	1.795	14.3	0	0
0	1.795	14.5	0	0
0	1.795	14.7	0	0
0	1.795	14.9	0	0
0	1.795	15.1	0	0
0	1.795	15.3	0	0
0	1.795	15.5	0	0
0	1.795	15.7	0	0
0	1.795	15.9	0	0
########################################################
##   Scatterd Kaon Absorption factor tag=1
########################################################
1	1.105	0	0
1	1.115	0.553905	0.0297418
1	1.125	0.750133	0.013171
1	1.135	0.860554	0.00983925
1	1.145	0.891935	0.00814016
1	1.155	0.922167	0.00740507
1	1.165	0.932772	0.00709213
1	1.175	0.932934	0.00687377
1	1.185	0.933977	0.00671134
1	1.195	0.933697	0.00655507
1	1.205	0.936548	0.0064191
1	1.215	0.936374	0.00627666
1	1.225	0.935244	0.00615369
1	1.235	0.935823	0.00604043
1	1.245	0.941008	0.00595888
1	1.255	0.94193	0.00584979
1	1.265	0.942661	0.00574888
1	1.275	0.942338	0.00565975
1	1.285	0.942445	0.00557412
1	1.295	0.94474	0.00550885
1	1.305	0.946958	0.00544441
1	1.315	0.944772	0.00536818
1	1.325	0.949674	0.00534026
1	1.335	0.951381	0.00529121
1	1.345	0.949688	0.00524001
1	1.355	0.948992	0.00519599
1	1.365	0.953993	0.0051853
1	1.375	0.952163	0.00515114
1	1.385	0.953143	0.00513767
1	1.395	0.954294	0.00513288
1	1.405	0.953542	0.0051333
1	1.415	0.955628	0.00515081
1	1.425	0.95752	0.00519849
1	1.435	0.958254	0.00526952
1	1.445	0.958792	0.00536312
1	1.455	0.958065	0.00548581
1	1.465	0.957275	0.00562146
1	1.475	0.963203	0.00583858
1	1.485	0.962783	0.00604194
1	1.495	0.964639	0.00629041
1	1.505	0.96195	0.00653623
1	1.515	0.962953	0.0068237
1	1.525	0.964448	0.0071503
1	1.535	0.966448	0.00750723
1	1.545	0.965256	0.0078518
1	1.555	0.964125	0.00822854
1	1.565	0.959836	0.00857619
1	1.575	0.960008	0.00898913
1	1.585	0.962693	0.00941975
1	1.595	0.956511	0.00977099
1	1.605	0.958238	0.0102211
1	1.615	0.963539	0.0107279
1	1.625	0.962953	0.0111759
1	1.635	0.966418	0.0116773
1	1.645	0.965216	0.012135
1	1.655	0.969949	0.012739
1	1.665	0.979045	0.0137676
1	1.675	0.98336	0.0150332
1	1.685	0.985049	0.0163351
1	1.695	0.995101	0.0179043
1	1.705	0.988949	0.0193837
1	1.715	0.997445	0.0213421
1	1.725	1	0.023542
1	1.735	1	0.0260867
1	1.745	1	0.0288756
1	1.755	1	0.0322192
1	1.765	1	0.0366615
1	1.775	1	0.0425461
1	1.785	1	0.0509951
1	1.795	1	0
########################################################
##   AC1 Veto factor tag=2
########################################################
2 	1.105	0.9875	0.0011155
2 	1.115	0.9875	0.0011155
2 	1.125	0.9875	0.0011155
2 	1.135	0.9875	0.0011155
2 	1.145	0.9875	0.0011155
2 	1.155	0.9875	0.0011155
2 	1.165	0.9875	0.0011155
2 	1.175	0.9875	0.0011155
2 	1.185	0.9875	0.0011155
2 	1.195	0.9875	0.0011155
2 	1.205	0.9875	0.0011155
2 	1.215	0.9875	0.0011155
2 	1.225	0.9875	0.0011155
2 	1.235	0.9875	0.0011155
2 	1.245	0.9875	0.0011155
2 	1.255	0.9875	0.0011155
2 	1.265	0.9875	0.0011155
2 	1.275	0.9875	0.0011155
2 	1.285	0.9875	0.0011155
2 	1.295	0.9875	0.0011155
2 	1.305	0.9875	0.0011155
2 	1.315	0.9875	0.0011155
2 	1.325	0.9875	0.0011155
2 	1.335	0.9875	0.0011155
2 	1.345	0.9875	0.0011155
2 	1.355	0.9875	0.0011155
2 	1.365	0.9875	0.0011155
2 	1.375	0.9875	0.0011155
2 	1.385	0.9875	0.0011155
2 	1.395	0.9875	0.0011155
2 	1.405	0.988049	0.000689324
2 	1.415	0.988049	0.000689324
2 	1.425	0.987124	0.000755155
2 	1.435	0.987124	0.000755155
2 	1.445	0.983864	0.00117357
2 	1.455	0.983864	0.00117357
2 	1.465	0.974505	0.00225105
2 	1.475	0.974505	0.00225105
2 	1.485	0.96569	0.000785151
2 	1.495	0.96569	0.000785151
2 	1.505	0.958161	0.000587834
2 	1.515	0.958161	0.000587834
2 	1.525	0.934932	0.00085325
2 	1.535	0.934932	0.00085325
2 	1.545	0.903224	0.00146119
2 	1.555	0.903224	0.00146119
2 	1.565	0.858935	0.0035016
2 	1.575	0.858935	0.0035016
2 	1.585	0.858935	0.0035016
2 	1.595	0.858935	0.0035016
2 	1.605	0.858935	0.0035016
2 	1.615	0.858935	0.0035016
2 	1.625	0.858935	0.0035016
2 	1.635	0.858935	0.0035016
2 	1.645	0.858935	0.0035016
2 	1.655	0.858935	0.0035016
2 	1.665	0.858935	0.0035016
2 	1.675	0.858935	0.0035016
2 	1.685	0.858935	0.0035016
2 	1.695	0.858935	0.0035016
2 	1.705	0.858935	0.0035016
2 	1.715	0.858935	0.0035016
2 	1.725	0.858935	0.0035016
2 	1.735	0.858935	0.0035016
2 	1.745	0.858935	0.0035016
2 	1.755	0.858935	0.0035016
2 	1.765	0.858935	0.0035016
2 	1.775	0.858935	0.0035016
2 	1.785	0.858935	0.0035016
2 	1.795	0.858935	0.0035016
########################################################
##   WC Efficiency tag=3
########################################################
3 	-682.5	0.926316	0.956419	0.673509
3 	-647.5	0.943581	0.948247	0.919533
3 	-612.5	0.941756	0.950176	0.939292
3 	-577.5	0.940449	0.942125	0.91856
3 	-542.5	0.914194	0.929475	0.913274
3 	-507.5	0.939635	0.956226	0.918812
3 	-472.5	0.958984	0.961485	0.954002
3 	-437.5	0.961313	0.962775	0.955464
3 	-402.5	0.955538	0.961687	0.952621
3 	-367.5	0.958155	0.959527	0.954386
3 	-332.5	0.939462	0.958903	0.912459
3 	-297.5	0.904238	0.922339	0.903381
3 	-262.5	0.954393	0.959063	0.934429
3 	-227.5	0.959184	0.960198	0.958673
3 	-192.5	0.960751	0.961319	0.959835
3 	-157.5	0.959196	0.960696	0.958042
3 	-122.5	0.960566	0.962968	0.94945
3 	-87.5	0.905762	0.939681	0.883752
3 	-52.5	0.896614	0.916399	0.880115
3 	-17.5	0.952924	0.954251	0.94881
3 	17.5	0.954959	0.955753	0.954056
3 	52.5	0.9481	0.948734	0.9466
3 	87.5	0.950742	0.951737	0.950092
3 	122.5	0.950895	0.951657	0.949736
3 	157.5	0.911352	0.935352	0.882434
3 	192.5	0.879772	0.897551	0.8733
3 	227.5	0.950314	0.952402	0.941278
3 	262.5	0.950829	0.952812	0.949622
3 	297.5	0.949528	0.950554	0.948054
3 	332.5	0.947965	0.949405	0.947069
3 	367.5	0.944064	0.946906	0.927693
3 	402.5	0.877189	0.900711	0.87204
3 	437.5	0.913959	0.944419	0.882006
3 	472.5	0.948155	0.949102	0.944122
3 	507.5	0.945894	0.949609	0.942501
3 	542.5	0.943415	0.946184	0.941208
3 	577.5	0.94072	0.943982	0.921606
3 	612.5	0.919872	0.94019	0.823682
3 	647.5	0.812678	0.916479	0.781874
3 	682.5	0.806485	0.81552	0.254691
########################################################
##   S2S Efficiency tag=4
########################################################
4 	0.1	0.285091	0.00525104
4 	0.3	0.323708	0.00301737
4 	0.5	0.37878	0.00258959
4 	0.7	0.451792	0.0026458
4 	0.9	0.534759	0.00281757
4 	1.1	0.607808	0.00296321
4 	1.3	0.659453	0.00303389
4 	1.5	0.69796	0.00304964
4 	1.7	0.728989	0.00304176
4 	1.9	0.751812	0.00301965
4 	2.1	0.767365	0.00298631
4 	2.3	0.779185	0.00295
4 	2.5	0.785575	0.00289208
4 	2.7	0.786113	0.00283109
4 	2.9	0.785872	0.0027837
4 	3.1	0.783195	0.00272942
4 	3.3	0.778778	0.00268675
4 	3.5	0.77172	0.00264172
4 	3.7	0.762996	0.00259505
4 	3.9	0.755033	0.0025642
4 	4.1	0.747207	0.00254138
4 	4.3	0.738526	0.0025297
4 	4.5	0.729497	0.00252976
4 	4.7	0.72298	0.00253977
4 	4.9	0.719526	0.00255882
4 	5.1	0.717251	0.00258745
4 	5.3	0.713187	0.00262036
4 	5.5	0.711896	0.00267056
4 	5.7	0.710826	0.0027213
4 	5.9	0.70952	0.00277073
4 	6.1	0.709483	0.00283539
4 	6.3	0.708703	0.00290628
4 	6.5	0.709764	0.00299154
4 	6.7	0.71037	0.00308021
4 	6.9	0.709309	0.00316863
4 	7.1	0.707189	0.00326106
4 	7.3	0.70839	0.00336812
4 	7.5	0.710054	0.00347343
4 	7.7	0.710037	0.00357527
4 	7.9	0.709459	0.00367214
4 	8.1	0.70528	0.00376106
4 	8.3	0.701105	0.0038495
4 	8.5	0.696801	0.00392252
4 	8.7	0.69407	0.00400643
4 	8.9	0.69226	0.00409117
4 	9.1	0.685902	0.00415516
4 	9.3	0.680985	0.00422694
4 	9.5	0.67534	0.00429355
4 	9.7	0.667005	0.00433948
4 	9.9	0.66092	0.0043966
4 	10.1	0.648573	0.00444228
4 	10.3	0.638234	0.00448839
4 	10.5	0.631286	0.00454134
4 	10.7	0.625586	0.00460502
4 	10.9	0.619522	0.00465422
4 	11.1	0.610063	0.0046909
4 	11.3	0.601622	0.00475902
4 	11.5	0.596854	0.00483269
4 	11.7	0.584289	0.00482609
4 	11.9	0.566542	0.00483811
4 	12.1	0.552371	0.00485652
4 	12.3	0.528002	0.00477821
4 	12.5	0.508871	0.0047688
4 	12.7	0.488491	0.00473969
4 	12.9	0.465169	0.00467001
4 	13.1	0.454884	0.004709
4 	13.3	0.448046	0.00474994
4 	13.5	0.443357	0.00478139
4 	13.7	0.440277	0.00487201
4 	13.9	0.43613	0.00499558
4 	14.1	0.434959	0.00510452
4 	14.3	0.436262	0.00520085
4 	14.5	0.435774	0.00528352
4 	14.7	0.437666	0.00540716
4 	14.9	0.440258	0.00559179
4 	15.1	0.441854	0.00578999
4 	15.3	0.44199	0.00593959
4 	15.5	0.438914	0.00606011
4 	15.7	0.441352	0.00623076
4 	15.9	0.439758	0.00638528
########################################################
##   Vtz Cut Efficiency tag=5
########################################################
5 	0.1	0.336022	0.00273189
5 	0.3	0.336022	0.00273189
5 	0.5	0.336022	0.00273189
5 	0.7	0.336022	0.00273189
5 	0.9	0.336022	0.00273189
5 	1.1	0.581054	0.00472402
5 	1.3	0.581054	0.00472402
5 	1.5	0.581054	0.00472402
5 	1.7	0.581054	0.00472402
5 	1.9	0.581054	0.00472402
5 	2.1	0.768852	0.00625084
5 	2.3	0.768852	0.00625084
5 	2.5	0.768852	0.00625084
5 	2.7	0.768852	0.00625084
5 	2.9	0.768852	0.00625084
5 	3.1	0.846383	0.00688117
5 	3.3	0.846383	0.00688117
5 	3.5	0.846383	0.00688117
5 	3.7	0.846383	0.00688117
5 	3.9	0.846383	0.00688117
5 	4.1	0.887861	0.00721839
5 	4.3	0.887861	0.00721839
5 	4.5	0.887861	0.00721839
5 	4.7	0.887861	0.00721839
5 	4.9	0.887861	0.00721839
5 	5.1	0.912852	0.00742157
5 	5.3	0.912852	0.00742157
5 	5.5	0.912852	0.00742157
5 	5.7	0.912852	0.00742157
5 	5.9	0.912852	0.00742157
5 	6.1	0.927781	0.00754294
5 	6.3	0.927781	0.00754294
5 	6.5	0.927781	0.00754294
5 	6.7	0.927781	0.00754294
5 	6.9	0.927781	0.00754294
5 	7.1	0.935659	0.00760699
5 	7.3	0.935659	0.00760699
5 	7.5	0.935659	0.00760699
5 	7.7	0.935659	0.00760699
5 	7.9	0.935659	0.00760699
5 	8.1	0.942381	0.00766164
5 	8.3	0.942381	0.00766164
5 	8.5	0.942381	0.00766164
5 	8.7	0.942381	0.00766164
5 	8.9	0.942381	0.00766164
5 	9.1	0.946543	0.00769548
5 	9.3	0.946543	0.00769548
5 	9.5	0.946543	0.00769548
5 	9.7	0.946543	0.00769548
5 	9.9	0.946543	0.00769548
5 	10.1	0.948654	0.00771264
5 	10.3	0.948654	0.00771264
5 	10.5	0.948654	0.00771264
5 	10.7	0.948654	0.00771264
5 	10.9	0.948654	0.00771264
5 	11.1	0.949598	0.00772031
5 	11.3	0.949598	0.00772031
5 	11.5	0.949598	0.00772031
5 	11.7	0.949598	0.00772031
5 	11.9	0.949598	0.00772031
5 	12.1	0.949828	0.00772219
5 	12.3	0.949828	0.00772219
5 	12.5	0.949828	0.00772219
5 	12.7	0.949828	0.00772219
5 	12.9	0.949828	0.00772219
5 	13.1	0.948991	0.00771538
5 	13.3	0.948991	0.00771538
5 	13.5	0.948991	0.00771538
5 	13.7	0.948991	0.00771538
5 	13.9	0.948991	0.00771538
5 	14.1	0.925604	0.00752524
5 	14.3	0.925604	0.00752524
5 	14.5	0.925604	0.00752524
5 	14.7	0.925604	0.00752524
5 	14.9	0.925604	0.00752524
5 	15.1	0.264698	0.00215202
5 	15.3	0.264698	0.00215202
5 	15.5	0.264698	0.00215202
5 	15.7	0.264698	0.00215202
5 	15.9	0.264698	0.00215202


